title,location,type,area,bedrooms,bathrooms,yearBuilt,amenities,price
Premium Townhouse in Chennai,"Chennai, TN",Townhouse,4757,3,2,1999,"Parking,Gym",1568362
Premium Villa in Pune,"Pune, MH",Villa,3262,5,4,2013,Gym,2082319
Premium Penthouse in Chennai,"Chennai, TN",Penthouse,2625,3,3,2005,"Parking,WiFi,Gym,Security,Pool",2037699
Premium Villa in Kolkata,"Kolkata, WB",Villa,1056,2,3,2013,"Pool,Gym,Garden",767913
Premium Condo in Mumbai,"Mumbai, MH",Condo,1145,6,2,2015,Parking,1409376
Premium Townhouse in Bangalore,"Bangalore, KA",Townhouse,4777,4,4,1982,"Garden,Gym,Parking",2572747
Premium Villa in Mumbai,"Mumbai, MH",Villa,3168,3,3,1994,"Gym,WiFi,Garden,Security",3718399
Premium Apartment in Kolkata,"Kolkata, WB",Apartment,4047,5,3,1989,Garden,1379587
Premium Condo in Kolkata,"Kolkata, WB",Condo,628,6,2,1990,"Parking,Garden,Security,Gym",519264
Premium Penthouse in Delhi,"Delhi, DL",Penthouse,1727,6,4,2010,"Security,Parking,WiFi,Gym",2957371
Premium Villa in Chennai,"Chennai, TN",Villa,3392,2,1,2022,Security,1597222
Premium Condo in Pune,"Pune, MH",Condo,3497,4,2,1991,"Garden,Pool,Parking,Gym",1161661
Premium Penthouse in Mumbai,"Mumbai, MH",Penthouse,1554,3,3,1988,"Gym,WiFi,Parking",2836928
Premium Penthouse in Chennai,"Chennai, TN",Penthouse,2451,4,2,1986,"Gym,WiFi",1932479
Premium Condo in Bangalore,"Bangalore, KA",Condo,4207,1,4,2008,"Gym,Pool,Security,Parking",2215073
Premium Condo in Hyderabad,"Hyderabad, TS",Condo,4134,6,4,1993,"Garden,Pool,Security,Parking,Gym",1475475
Premium Condo in Hyderabad,"Hyderabad, TS",Condo,4730,5,3,2007,"Security,Pool,WiFi,Gym",1697742
Premium Condo in Delhi,"Delhi, DL",Condo,3822,4,3,2022,"Garden,Gym,Pool,WiFi,Parking",2464350
Premium Apartment in Bangalore,"Bangalore, KA",Apartment,2759,1,1,2023,"Garden,Security,Pool,WiFi,Gym",1289437
Premium Apartment in Bangalore,"Bangalore, KA",Apartment,1693,5,3,2024,"Garden,Security,Gym,WiFi,Pool",1305566
Premium Condo in Bangalore,"Bangalore, KA",Condo,4432,6,3,1992,"Parking,WiFi,Gym,Pool,Garden",2312533
Premium Apartment in Delhi,"Delhi, DL",Apartment,3560,1,2,2016,"WiFi,Parking",1912322
Premium Condo in Mumbai,"Mumbai, MH",Condo,4614,2,2,2018,"Gym,WiFi",2910547
Premium Villa in Hyderabad,"Hyderabad, TS",Villa,1824,6,4,1982,"Pool,Security,WiFi",1331683
Premium Villa in Pune,"Pune, MH",Villa,3867,4,1,2017,"Parking,WiFi",2136728
Premium Penthouse in Mumbai,"Mumbai, MH",Penthouse,4460,1,3,2016,WiFi,5461095
Premium Townhouse in Hyderabad,"Hyderabad, TS",Townhouse,4655,1,2,2007,"Garden,Gym,WiFi,Pool,Security",1547093
Premium Villa in Bangalore,"Bangalore, KA",Villa,3128,5,2,1990,"Pool,Parking,WiFi,Garden",2535589
Premium Condo in Ahmedabad,"Ahmedabad, GJ",Condo,2547,5,1,2019,"Parking,Gym",1079688
Premium Villa in Pune,"Pune, MH",Villa,3639,2,1,1999,"Parking,Security,Garden,WiFi",1876033
Premium Villa in Bangalore,"Bangalore, KA",Villa,4332,2,1,2006,"WiFi,Garden",2891866
Premium Condo in Kolkata,"Kolkata, WB",Condo,4644,1,4,2009,"Pool,Parking",1652630
Premium Condo in Chennai,"Chennai, TN",Condo,1577,1,2,1983,"Parking,Pool",532803
Premium Villa in Ahmedabad,"Ahmedabad, GJ",Villa,2166,1,4,1995,"Security,Garden,Pool",1185096
Premium Villa in Kolkata,"Kolkata, WB",Villa,4814,4,3,2005,"Parking,Garden,WiFi,Security",2681261
Premium Villa in Mumbai,"Mumbai, MH",Villa,697,6,4,2001,"Parking,Pool,Garden,Gym,WiFi",1654837
Premium Villa in Chennai,"Chennai, TN",Villa,1646,1,1,1992,"Parking,Security,Garden",800430
Premium Apartment in Ahmedabad,"Ahmedabad, GJ",Apartment,1540,2,2,2019,Parking,652072
Premium Condo in Ahmedabad,"Ahmedabad, GJ",Condo,3466,1,1,2017,WiFi,1203689
Premium Villa in Hyderabad,"Hyderabad, TS",Villa,4474,1,1,2014,Parking,2262031
Premium Townhouse in Hyderabad,"Hyderabad, TS",Townhouse,3943,2,4,1994,Pool,1306955
Premium Penthouse in Mumbai,"Mumbai, MH",Penthouse,3016,1,4,2019,"Pool,Gym,Security,Garden",4315851
Premium Villa in Bangalore,"Bangalore, KA",Villa,4938,5,1,2022,WiFi,4078045
Premium Penthouse in Bangalore,"Bangalore, KA",Penthouse,4271,6,2,2015,Pool,5096878
Premium Apartment in Pune,"Pune, MH",Apartment,3039,5,2,2003,"Pool,Security,WiFi,Garden",1159762
Premium Villa in Mumbai,"Mumbai, MH",Villa,4838,6,2,2003,"WiFi,Security",4886618
Premium Apartment in Delhi,"Delhi, DL",Apartment,750,2,4,2005,"Gym,Garden,Parking",706218
Premium Villa in Chennai,"Chennai, TN",Villa,3205,3,4,2016,"Security,Pool",1684887
Premium Townhouse in Kolkata,"Kolkata, WB",Townhouse,4027,1,2,2014,Pool,1259736
Premium Condo in Ahmedabad,"Ahmedabad, GJ",Condo,4613,4,2,2010,Security,1734153
Premium Apartment in Mumbai,"Mumbai, MH",Apartment,4491,4,1,2017,"WiFi,Garden,Security,Gym",3105252
Premium Townhouse in Kolkata,"Kolkata, WB",Townhouse,698,6,2,1980,"Security,Pool,Parking,Gym,WiFi",521397
Premium Villa in Kolkata,"Kolkata, WB",Villa,4070,5,3,1987,"WiFi,Gym",2113156
Premium Apartment in Mumbai,"Mumbai, MH",Apartment,3932,4,4,2022,"Security,WiFi,Parking",2933366
Premium Villa in Delhi,"Delhi, DL",Villa,1091,5,4,2004,"Garden,Pool,WiFi,Gym",1900535
Premium Villa in Hyderabad,"Hyderabad, TS",Villa,4243,5,2,2023,"WiFi,Pool,Gym,Garden",2153942
Premium Apartment in Ahmedabad,"Ahmedabad, GJ",Apartment,3660,4,3,2002,WiFi,1267314
Premium Villa in Ahmedabad,"Ahmedabad, GJ",Villa,4103,2,3,2014,Security,2075541
Premium Townhouse in Bangalore,"Bangalore, KA",Townhouse,2844,4,2,2020,"WiFi,Gym,Parking,Pool,Security",1509126
Premium Townhouse in Kolkata,"Kolkata, WB",Townhouse,2369,2,2,2020,"Parking,Security",813818
Premium Condo in Delhi,"Delhi, DL",Condo,1211,6,4,2022,"Garden,Security",1430219
Premium Penthouse in Ahmedabad,"Ahmedabad, GJ",Penthouse,4577,6,4,1985,"Security,Garden,Pool,Parking,Gym",3507025
Premium Condo in Hyderabad,"Hyderabad, TS",Condo,3611,3,3,2018,"Garden,Pool,Gym,WiFi,Parking",1322631
Premium Condo in Ahmedabad,"Ahmedabad, GJ",Condo,2565,4,4,2021,"Parking,Pool,WiFi",950718
Premium Villa in Ahmedabad,"Ahmedabad, GJ",Villa,1261,5,2,2006,"Security,Pool,WiFi,Garden,Gym",997521
Premium Condo in Bangalore,"Bangalore, KA",Condo,2924,2,3,2006,"WiFi,Gym,Parking,Pool,Security",1706915
Premium Apartment in Pune,"Pune, MH",Apartment,1146,5,4,1986,"WiFi,Pool,Gym",653447
Premium Condo in Kolkata,"Kolkata, WB",Condo,4426,6,2,1993,"Gym,WiFi,Garden,Parking,Security",1714810
Premium Penthouse in Ahmedabad,"Ahmedabad, GJ",Penthouse,4461,2,2,2010,"Pool,Parking",3083204
Premium Condo in Delhi,"Delhi, DL",Condo,2884,2,4,1980,"Pool,Security,Garden",1745882
Premium Condo in Chennai,"Chennai, TN",Condo,2708,3,2,2008,Parking,939909
Premium Villa in Delhi,"Delhi, DL",Villa,4166,5,3,2023,"Parking,Pool,Security,Garden,WiFi",4545710
Premium Villa in Ahmedabad,"Ahmedabad, GJ",Villa,4399,2,4,1984,"Gym,Parking",2079054
Premium Townhouse in Bangalore,"Bangalore, KA",Townhouse,4323,2,3,1986,"Gym,WiFi",2056510
Premium Condo in Pune,"Pune, MH",Condo,4862,2,2,2001,"Pool,WiFi",1661100
Premium Apartment in Kolkata,"Kolkata, WB",Apartment,3856,3,4,2003,"WiFi,Security",1370521
Premium Villa in Delhi,"Delhi, DL",Villa,2218,4,3,1991,"Parking,Pool,WiFi",2260792
Premium Villa in Hyderabad,"Hyderabad, TS",Villa,882,1,1,1983,"Garden,Gym,Parking,Security,WiFi",523163
Premium Townhouse in Chennai,"Chennai, TN",Townhouse,1588,6,1,1993,"Security,WiFi,Pool",857313
Premium Townhouse in Chennai,"Chennai, TN",Townhouse,2172,6,3,2012,"Pool,Security,Garden",1107461
Premium Villa in Pune,"Pune, MH",Villa,755,2,2,1981,"Gym,Garden,Security,Pool,WiFi",572245
Premium Villa in Mumbai,"Mumbai, MH",Villa,3132,4,1,1998,"Security,WiFi,Garden,Parking,Pool",3703731
Premium Apartment in Chennai,"Chennai, TN",Apartment,1073,4,3,1999,"Parking,Pool,Garden",619720
Premium Villa in Mumbai,"Mumbai, MH",Villa,3654,2,2,2022,WiFi,3850703
Premium Villa in Kolkata,"Kolkata, WB",Villa,1766,6,1,2024,"Pool,Gym,Parking,WiFi,Security",1304607
Premium Townhouse in Bangalore,"Bangalore, KA",Townhouse,3951,4,1,2020,"Gym,Parking,WiFi,Pool",2060373
Premium Apartment in Hyderabad,"Hyderabad, TS",Apartment,4853,1,3,2010,"WiFi,Garden,Gym",1442515
Premium Condo in Delhi,"Delhi, DL",Condo,4930,4,4,2014,"Pool,Parking",2927840
Premium Condo in Kolkata,"Kolkata, WB",Condo,2182,5,1,1993,"Security,Gym,Parking,WiFi,Garden",930520
Premium Villa in Pune,"Pune, MH",Villa,1838,2,1,1988,"Parking,Gym,Garden",1070056
Premium Townhouse in Bangalore,"Bangalore, KA",Townhouse,2479,4,1,1987,"WiFi,Garden,Security,Gym",1366434
Premium Condo in Chennai,"Chennai, TN",Condo,2893,1,1,2016,Gym,985854
Premium Apartment in Mumbai,"Mumbai, MH",Apartment,4104,2,1,1981,"Pool,Garden,Gym,WiFi",2955729
Premium Condo in Ahmedabad,"Ahmedabad, GJ",Condo,2275,1,2,1992,"Security,WiFi,Garden,Pool,Gym",830759
Premium Apartment in Pune,"Pune, MH",Apartment,1800,5,2,2019,"Gym,Garden,Parking,Security,WiFi",832882
Premium Condo in Chennai,"Chennai, TN",Condo,762,6,4,1984,"Garden,Parking",656596
Premium Apartment in Kolkata,"Kolkata, WB",Apartment,4084,5,4,1999,"Pool,WiFi,Gym",1426484
Premium Villa in Ahmedabad,"Ahmedabad, GJ",Villa,3939,2,4,1995,Security,2185203
Premium Apartment in Delhi,"Delhi, DL",Apartment,4628,3,1,1986,"Pool,Security,Parking",2720256
Premium Townhouse in Chennai,"Chennai, TN",Townhouse,4549,5,3,1983,"Security,Parking,Garden,Gym",1590713
Premium Penthouse in Bangalore,"Bangalore, KA",Penthouse,1873,2,4,1983,"WiFi,Security,Pool,Gym,Garden",2335915
Premium Villa in Bangalore,"Bangalore, KA",Villa,3382,3,2,2015,"Pool,Gym",2843770
Premium Townhouse in Ahmedabad,"Ahmedabad, GJ",Townhouse,539,2,4,1992,Pool,315179
Premium Apartment in Pune,"Pune, MH",Apartment,3963,5,4,1993,"Parking,WiFi,Security,Pool",1556857
Premium Townhouse in Delhi,"Delhi, DL",Townhouse,2618,2,4,2022,"Parking,WiFi",1831510
Premium Townhouse in Hyderabad,"Hyderabad, TS",Townhouse,2634,4,2,2011,"Parking,Pool",1104924
Premium Condo in Delhi,"Delhi, DL",Condo,4942,2,1,2005,"WiFi,Pool,Gym,Garden",2976513
Premium Townhouse in Delhi,"Delhi, DL",Townhouse,3832,6,4,1995,"Pool,Gym,Garden",2626903
Premium Condo in Kolkata,"Kolkata, WB",Condo,3723,3,4,1985,"Gym,Pool,Security,Parking",1357927
Premium Penthouse in Pune,"Pune, MH",Penthouse,2671,1,3,2023,"Pool,Garden,WiFi,Security",1846450
Premium Condo in Mumbai,"Mumbai, MH",Condo,3173,6,4,2019,Parking,2693903
Premium Villa in Chennai,"Chennai, TN",Villa,1729,3,2,1991,"Garden,WiFi",1002038
Premium Villa in Kolkata,"Kolkata, WB",Villa,3267,2,1,1993,"Garden,Security,Pool,Parking,WiFi",1510043
Premium Villa in Delhi,"Delhi, DL",Villa,1291,5,3,2013,"Garden,Security,Parking",1977166
Premium Penthouse in Delhi,"Delhi, DL",Penthouse,1278,1,4,2019,Security,1987215
Premium Condo in Delhi,"Delhi, DL",Condo,3508,3,4,2022,"WiFi,Garden",2183594
Premium Penthouse in Bangalore,"Bangalore, KA",Penthouse,1469,6,1,2006,"Gym,WiFi,Garden",2429033
Premium Apartment in Delhi,"Delhi, DL",Apartment,1622,6,1,2000,"Pool,Gym",1422848
Premium Townhouse in Bangalore,"Bangalore, KA",Townhouse,1114,6,1,2020,"Pool,Gym,Parking,WiFi,Garden",1017959
Premium Apartment in Delhi,"Delhi, DL",Apartment,3303,5,4,1986,"Garden,Gym",2496804
Premium Villa in Ahmedabad,"Ahmedabad, GJ",Villa,4928,5,4,2006,"Security,Garden,WiFi,Parking",2463658
Premium Penthouse in Bangalore,"Bangalore, KA",Penthouse,4310,2,4,2010,"Security,Pool",4316907
Premium Townhouse in Kolkata,"Kolkata, WB",Townhouse,2959,2,4,1982,"Pool,WiFi,Security,Gym,Garden",1041731
Premium Villa in Pune,"Pune, MH",Villa,4046,4,4,1984,"WiFi,Parking,Gym,Pool",2409496
Premium Townhouse in Pune,"Pune, MH",Townhouse,2758,6,3,2022,"WiFi,Pool",1092883
Premium Condo in Mumbai,"Mumbai, MH",Condo,686,3,1,2020,Pool,738902
Premium Penthouse in Mumbai,"Mumbai, MH",Penthouse,3484,5,4,1997,"Security,Garden,Parking",6014480
Premium Villa in Delhi,"Delhi, DL",Villa,3549,5,1,2009,"WiFi,Parking,Security,Garden",3932520
Premium Apartment in Kolkata,"Kolkata, WB",Apartment,1642,2,3,1992,"Parking,Garden,Gym",623147
Premium Apartment in Hyderabad,"Hyderabad, TS",Apartment,1727,4,4,2017,"Gym,Parking,Security",870542
Premium Townhouse in Mumbai,"Mumbai, MH",Townhouse,1212,1,2,1999,Security,872445
Premium Villa in Delhi,"Delhi, DL",Villa,1695,1,1,1990,"Security,WiFi",1596604
Premium Condo in Chennai,"Chennai, TN",Condo,2947,2,3,1994,"Gym,WiFi,Security",1011892
Premium Townhouse in Chennai,"Chennai, TN",Townhouse,958,5,2,2016,"Garden,Security,Parking",630428
Premium Penthouse in Kolkata,"Kolkata, WB",Penthouse,3497,5,1,1981,"Parking,WiFi,Pool,Garden,Gym",2812475
Premium Apartment in Ahmedabad,"Ahmedabad, GJ",Apartment,1541,5,1,2019,"WiFi,Pool,Parking,Garden,Security",758854
Premium Villa in Bangalore,"Bangalore, KA",Villa,934,3,4,2001,"Garden,WiFi,Security",1171024
Premium Condo in Mumbai,"Mumbai, MH",Condo,4627,2,4,2005,"Security,Garden,Pool",3341985
Premium Penthouse in Ahmedabad,"Ahmedabad, GJ",Penthouse,4599,2,1,2012,"Security,Parking,WiFi,Pool,Gym",2754388
Premium Apartment in Ahmedabad,"Ahmedabad, GJ",Apartment,4523,3,2,1982,Pool,1579978
Premium Villa in Mumbai,"Mumbai, MH",Villa,3366,5,4,1986,Security,4168180
Premium Villa in Delhi,"Delhi, DL",Villa,4418,6,3,2015,"WiFi,Garden,Gym,Pool",4647871
Premium Townhouse in Hyderabad,"Hyderabad, TS",Townhouse,1449,2,2,2007,"Pool,WiFi,Parking,Gym",548900
Premium Townhouse in Mumbai,"Mumbai, MH",Townhouse,3212,4,2,2011,"Security,Gym,WiFi,Parking",2560690
Premium Condo in Delhi,"Delhi, DL",Condo,2364,3,2,1984,"Parking,WiFi",1569120
Premium Villa in Kolkata,"Kolkata, WB",Villa,838,3,2,2015,"Security,Gym,Parking,Pool,WiFi",679519
Premium Condo in Chennai,"Chennai, TN",Condo,2742,2,4,2013,"Parking,Garden,WiFi,Gym",1018966
Premium Townhouse in Delhi,"Delhi, DL",Townhouse,4957,4,4,1985,Security,3165144
Premium Townhouse in Pune,"Pune, MH",Townhouse,3903,1,2,2013,"Pool,Gym,WiFi,Security",1217570
Premium Villa in Hyderabad,"Hyderabad, TS",Villa,1040,3,3,1983,"Security,Gym,Parking,WiFi,Pool",811871
Premium Apartment in Ahmedabad,"Ahmedabad, GJ",Apartment,824,3,4,1995,Security,494716
Premium Townhouse in Mumbai,"Mumbai, MH",Townhouse,3157,4,2,2016,"Security,Pool",2401491
Premium Penthouse in Chennai,"Chennai, TN",Penthouse,3531,6,4,2023,"Parking,Gym",2625815
Premium Condo in Mumbai,"Mumbai, MH",Condo,538,1,3,2004,"Pool,Security",506532
Premium Villa in Mumbai,"Mumbai, MH",Villa,3462,2,4,2013,Security,3954452
Premium Penthouse in Hyderabad,"Hyderabad, TS",Penthouse,3566,3,3,2017,"Garden,Security,WiFi",2736475
Premium Penthouse in Chennai,"Chennai, TN",Penthouse,1547,3,1,2011,"Garden,Security,Gym",1263151
Premium Townhouse in Bangalore,"Bangalore, KA",Townhouse,4383,6,1,2009,Gym,2526278
Premium Penthouse in Pune,"Pune, MH",Penthouse,4740,3,3,2015,"Pool,Security,Gym,Garden,Parking",3247779
Premium Condo in Mumbai,"Mumbai, MH",Condo,2217,6,4,2013,Security,1901738
Premium Condo in Chennai,"Chennai, TN",Condo,1813,2,2,1989,"Gym,WiFi,Pool",746334
Premium Condo in Bangalore,"Bangalore, KA",Condo,4553,3,1,2018,"Gym,Garden,Parking,Pool,WiFi",2198070
Premium Apartment in Bangalore,"Bangalore, KA",Apartment,1405,3,4,2024,"Pool,Security,Garden,Parking,Gym",1020745
Premium Villa in Delhi,"Delhi, DL",Villa,4998,6,3,1985,"WiFi,Gym,Security,Pool",4777699
Premium Penthouse in Hyderabad,"Hyderabad, TS",Penthouse,1728,2,3,1989,"Garden,Security,Parking,Pool",1401028
Premium Apartment in Bangalore,"Bangalore, KA",Apartment,2529,5,4,1986,Gym,1546300
Premium Penthouse in Delhi,"Delhi, DL",Penthouse,1826,1,1,2006,"Garden,Security",2020271
Premium Apartment in Chennai,"Chennai, TN",Apartment,1760,6,2,2001,"Pool,WiFi,Gym,Security",833642
Premium Condo in Chennai,"Chennai, TN",Condo,4908,3,4,1988,"Gym,Garden,Parking",1869719
Premium Townhouse in Bangalore,"Bangalore, KA",Townhouse,819,4,2,2000,"WiFi,Gym,Security,Garden,Pool",669927
Premium Villa in Bangalore,"Bangalore, KA",Villa,2650,5,3,2012,"Gym,Garden,Security,Pool",2519184
Premium Villa in Kolkata,"Kolkata, WB",Villa,1565,3,2,2020,Security,975382
Premium Penthouse in Hyderabad,"Hyderabad, TS",Penthouse,910,1,4,1996,Parking,879099
Premium Townhouse in Ahmedabad,"Ahmedabad, GJ",Townhouse,2252,4,2,1995,"Pool,Security,Gym,WiFi",897054
Premium Apartment in Kolkata,"Kolkata, WB",Apartment,1499,1,2,1992,"Parking,Gym",515020
Premium Townhouse in Mumbai,"Mumbai, MH",Townhouse,4993,6,2,2011,"Security,WiFi,Parking",3619562
Premium Villa in Bangalore,"Bangalore, KA",Villa,4669,2,2,2023,"Pool,Parking,Gym,Security,Garden",3211219
Premium Condo in Chennai,"Chennai, TN",Condo,1348,2,2,1985,"Pool,Gym,Security,Parking",492690
Premium Townhouse in Mumbai,"Mumbai, MH",Townhouse,3012,6,2,2020,"Security,Garden,WiFi,Pool",2433424
Premium Villa in Pune,"Pune, MH",Villa,1023,1,2,2003,"Security,Pool,Gym",567525
Premium Villa in Delhi,"Delhi, DL",Villa,2082,6,3,1990,"Parking,Pool,Garden",2403110
Premium Condo in Kolkata,"Kolkata, WB",Condo,1271,2,2,2021,"Security,Parking,Pool,Garden,Gym",541898
Premium Apartment in Kolkata,"Kolkata, WB",Apartment,1557,5,1,2009,"Garden,Pool,WiFi,Parking,Security",793576
Premium Condo in Delhi,"Delhi, DL",Condo,2711,4,4,1997,Parking,2137702
Premium Villa in Mumbai,"Mumbai, MH",Villa,2077,2,4,1983,"Security,Gym",2312784
Premium Villa in Ahmedabad,"Ahmedabad, GJ",Villa,2791,2,2,2018,"Garden,Security,Gym,Parking,Pool",1450573
Premium Condo in Ahmedabad,"Ahmedabad, GJ",Condo,3691,4,4,2018,"Security,Garden",1346639
Premium Apartment in Kolkata,"Kolkata, WB",Apartment,945,2,2,1986,"WiFi,Pool,Security,Parking,Garden",416580
Premium Apartment in Mumbai,"Mumbai, MH",Apartment,2622,2,1,1999,"Security,Garden,Pool,Parking,Gym",1660429
Premium Apartment in Bangalore,"Bangalore, KA",Apartment,834,1,3,1997,Parking,569309
Premium Penthouse in Mumbai,"Mumbai, MH",Penthouse,2760,2,3,1982,"Gym,Pool,Garden,Security",3586960
Premium Condo in Pune,"Pune, MH",Condo,2723,1,2,2006,Pool,870130
Premium Townhouse in Chennai,"Chennai, TN",Townhouse,3127,1,1,1999,"Security,Garden,Parking,Pool",981868
Premium Apartment in Bangalore,"Bangalore, KA",Apartment,534,1,1,2004,"Gym,Parking,WiFi,Security,Garden",334327
Premium Apartment in Hyderabad,"Hyderabad, TS",Apartment,632,1,2,2003,"Parking,Security,Gym",253470
Premium Condo in Mumbai,"Mumbai, MH",Condo,2788,1,1,1980,"Garden,Parking,Gym,Pool,Security",1669405
Premium Apartment in Delhi,"Delhi, DL",Apartment,4788,6,2,2015,"Security,Gym,Garden,Pool,WiFi",2909827
Premium Apartment in Chennai,"Chennai, TN",Apartment,2122,2,4,2000,"Parking,Pool,Gym",817801
Premium Townhouse in Chennai,"Chennai, TN",Townhouse,2823,5,4,2014,"Security,Pool,Parking,Gym",1233958
Premium Penthouse in Ahmedabad,"Ahmedabad, GJ",Penthouse,4804,6,3,1984,"WiFi,Parking",3651023
Premium Townhouse in Kolkata,"Kolkata, WB",Townhouse,2873,1,1,1990,"Security,Garden,Parking,Pool,WiFi",913983
Premium Condo in Bangalore,"Bangalore, KA",Condo,4433,5,1,2000,"Gym,Pool",2318112
Premium Townhouse in Pune,"Pune, MH",Townhouse,4774,5,3,2021,"WiFi,Pool,Parking,Gym",1872838
Premium Condo in Delhi,"Delhi, DL",Condo,4781,1,3,1997,"Pool,Gym",2570557
Premium Villa in Hyderabad,"Hyderabad, TS",Villa,3163,1,1,1988,"Parking,WiFi,Garden,Pool,Gym",1553450
Premium Villa in Kolkata,"Kolkata, WB",Villa,4559,4,2,2007,Garden,2381075
Premium Villa in Kolkata,"Kolkata, WB",Villa,1578,6,3,2020,"Parking,Gym",1253986
Premium Townhouse in Delhi,"Delhi, DL",Townhouse,4171,6,4,2004,"WiFi,Parking,Gym,Pool,Garden",2811469
Premium Townhouse in Hyderabad,"Hyderabad, TS",Townhouse,3945,6,4,2000,"Security,Pool",1428385
Premium Townhouse in Kolkata,"Kolkata, WB",Townhouse,4539,3,3,2008,"Security,WiFi",1548600
Premium Apartment in Ahmedabad,"Ahmedabad, GJ",Apartment,4357,1,4,1994,"WiFi,Pool,Parking,Garden",1537193
Premium Apartment in Pune,"Pune, MH",Apartment,2902,5,4,1998,WiFi,1090696
Premium Condo in Hyderabad,"Hyderabad, TS",Condo,3413,1,3,1980,Gym,1064507
Premium Condo in Kolkata,"Kolkata, WB",Condo,1086,2,2,1988,"Pool,Security,Garden,WiFi",465878
Premium Condo in Mumbai,"Mumbai, MH",Condo,2555,6,3,2002,Parking,2338888
Premium Penthouse in Chennai,"Chennai, TN",Penthouse,4718,3,3,1981,"Security,Parking,WiFi",3213913
Premium Apartment in Mumbai,"Mumbai, MH",Apartment,1582,6,1,2012,"Garden,Pool",1432754
Premium Penthouse in Kolkata,"Kolkata, WB",Penthouse,1412,3,1,2017,"Security,WiFi,Pool",1160528
Premium Condo in Ahmedabad,"Ahmedabad, GJ",Condo,2340,2,4,2009,Pool,902156
Premium Condo in Bangalore,"Bangalore, KA",Condo,4653,2,1,2003,"Pool,Gym,WiFi,Parking",2457148
Premium Condo in Bangalore,"Bangalore, KA",Condo,4781,2,2,2004,Garden,2439491
Premium Penthouse in Pune,"Pune, MH",Penthouse,3647,5,4,1996,"Security,WiFi,Gym,Garden",2580151
Premium Townhouse in Ahmedabad,"Ahmedabad, GJ",Townhouse,2716,1,1,2022,"Gym,Parking,WiFi",813656
Premium Penthouse in Hyderabad,"Hyderabad, TS",Penthouse,2608,1,3,2009,"Gym,Parking,Pool,Security",1676777
Premium Apartment in Ahmedabad,"Ahmedabad, GJ",Apartment,2656,1,1,1981,"Parking,Pool",827402
Premium Condo in Bangalore,"Bangalore, KA",Condo,661,5,1,1999,Garden,693433
Premium Villa in Hyderabad,"Hyderabad, TS",Villa,2999,6,3,1991,Garden,1821641
Premium Penthouse in Pune,"Pune, MH",Penthouse,3529,3,2,2000,Gym,2498293
Premium Condo in Chennai,"Chennai, TN",Condo,2640,4,3,1982,Gym,1126874
Premium Apartment in Delhi,"Delhi, DL",Apartment,4527,3,4,1996,"Security,Pool,Garden,Parking,WiFi",2771625
Premium Apartment in Delhi,"Delhi, DL",Apartment,4623,4,2,2010,"Gym,WiFi,Garden,Parking,Pool",2917664
Premium Apartment in Hyderabad,"Hyderabad, TS",Apartment,730,1,3,2005,"Garden,Parking,WiFi,Security,Gym",302040
Premium Townhouse in Hyderabad,"Hyderabad, TS",Townhouse,1917,3,2,1991,"Garden,Parking,WiFi,Gym",820894
Premium Apartment in Delhi,"Delhi, DL",Apartment,977,6,2,1980,"Garden,Pool,Parking",1063758
Premium Townhouse in Ahmedabad,"Ahmedabad, GJ",Townhouse,2992,3,3,1983,"Pool,Garden",1012429
Premium Villa in Kolkata,"Kolkata, WB",Villa,3819,5,2,2015,"Parking,Garden,Pool,WiFi,Security",2354531
Premium Townhouse in Hyderabad,"Hyderabad, TS",Townhouse,1543,5,2,1980,"Parking,Gym",710018
Premium Townhouse in Kolkata,"Kolkata, WB",Townhouse,1625,2,2,1985,"Gym,Security",568185
Premium Villa in Kolkata,"Kolkata, WB",Villa,2131,6,3,1992,Security,1490398
Premium Villa in Kolkata,"Kolkata, WB",Villa,1152,6,4,2000,"Gym,Pool,WiFi,Parking,Garden",1006547
Premium Penthouse in Ahmedabad,"Ahmedabad, GJ",Penthouse,2344,2,1,2018,Parking,1596577
Premium Penthouse in Ahmedabad,"Ahmedabad, GJ",Penthouse,3105,3,3,2016,"Parking,Garden,Pool,WiFi",2284846
Premium Villa in Mumbai,"Mumbai, MH",Villa,4012,1,4,2009,"Pool,Garden,Gym,Parking,Security",3747666
Premium Penthouse in Bangalore,"Bangalore, KA",Penthouse,971,5,1,1987,"WiFi,Parking,Gym,Garden",1689411
Premium Condo in Delhi,"Delhi, DL",Condo,1430,5,4,1997,Pool,1336927
Premium Townhouse in Chennai,"Chennai, TN",Townhouse,2583,6,4,1980,"Pool,Parking,Garden,Security,Gym",1073596
Premium Apartment in Bangalore,"Bangalore, KA",Apartment,1023,3,1,2007,"Pool,Parking,WiFi,Security,Gym",710094
Premium Townhouse in Mumbai,"Mumbai, MH",Townhouse,2550,6,2,2024,"Garden,Security",1994007
Premium Condo in Kolkata,"Kolkata, WB",Condo,2045,1,1,2023,Pool,709526
Premium Penthouse in Bangalore,"Bangalore, KA",Penthouse,4566,2,2,2012,"Security,WiFi,Parking",4838933
Premium Penthouse in Pune,"Pune, MH",Penthouse,2799,2,3,1999,"Gym,Garden,WiFi,Parking",2180290
Premium Apartment in Ahmedabad,"Ahmedabad, GJ",Apartment,1894,2,1,1994,Parking,743318
Premium Townhouse in Bangalore,"Bangalore, KA",Townhouse,1358,1,2,2002,"Security,WiFi,Parking",684634
Premium Condo in Bangalore,"Bangalore, KA",Condo,1731,6,3,1997,"Security,Parking,Pool",1411936
Premium Villa in Pune,"Pune, MH",Villa,1364,2,3,2013,WiFi,848540
Premium Condo in Pune,"Pune, MH",Condo,738,6,3,1985,Security,596400
Premium Apartment in Ahmedabad,"Ahmedabad, GJ",Apartment,3506,4,1,2021,"Gym,Parking,WiFi,Pool",1171033
Premium Penthouse in Delhi,"Delhi, DL",Penthouse,2553,2,4,2018,"Gym,Garden",3499019
Premium Villa in Kolkata,"Kolkata, WB",Villa,3455,2,4,2013,"WiFi,Parking",1650290
Premium Villa in Mumbai,"Mumbai, MH",Villa,1419,6,4,2024,"Gym,Pool,Parking",2555381
Premium Apartment in Chennai,"Chennai, TN",Apartment,3080,6,1,1990,Gym,1259827
Premium Penthouse in Ahmedabad,"Ahmedabad, GJ",Penthouse,2365,1,3,2016,WiFi,1748618
Premium Penthouse in Bangalore,"Bangalore, KA",Penthouse,4070,4,4,2019,"Parking,Security,Garden,WiFi,Gym",4310751
Premium Townhouse in Bangalore,"Bangalore, KA",Townhouse,3613,5,1,1982,"Parking,Pool,Security",1862971
Premium Penthouse in Bangalore,"Bangalore, KA",Penthouse,683,6,4,2002,"Pool,Gym,Garden",1826942
Premium Condo in Ahmedabad,"Ahmedabad, GJ",Condo,3360,3,4,2010,"WiFi,Pool,Security,Parking",1223062
Premium Apartment in Pune,"Pune, MH",Apartment,892,6,4,2003,"Pool,Security,Gym",627798
Premium Townhouse in Pune,"Pune, MH",Townhouse,1553,3,4,2012,"Garden,Gym,WiFi,Security,Parking",663884
Premium Condo in Mumbai,"Mumbai, MH",Condo,1455,6,3,2021,"WiFi,Parking,Garden,Pool,Security",1493294
Premium Condo in Delhi,"Delhi, DL",Condo,3527,2,4,1997,"WiFi,Parking",2287632
Premium Condo in Mumbai,"Mumbai, MH",Condo,1423,5,2,1983,"Garden,Pool,WiFi",1326065
Premium Apartment in Chennai,"Chennai, TN",Apartment,1459,2,1,2000,"Gym,Pool",568650
Premium Villa in Chennai,"Chennai, TN",Villa,2103,4,2,2014,"Parking,WiFi,Security,Pool",1399765
Premium Townhouse in Ahmedabad,"Ahmedabad, GJ",Townhouse,2362,2,3,1989,"Parking,Security,Garden,WiFi,Pool",859721
Premium Penthouse in Bangalore,"Bangalore, KA",Penthouse,1972,4,4,1998,"Pool,Security",2678390
Premium Villa in Mumbai,"Mumbai, MH",Villa,2220,3,4,1986,"Garden,Pool,WiFi,Parking,Gym",2551561
Premium Apartment in Bangalore,"Bangalore, KA",Apartment,4111,1,1,2003,Gym,1811054
Premium Townhouse in Delhi,"Delhi, DL",Townhouse,2196,6,4,2013,"Gym,WiFi,Security,Pool",1842462
Premium Condo in Ahmedabad,"Ahmedabad, GJ",Condo,4389,5,4,1983,Parking,1805402
Premium Villa in Delhi,"Delhi, DL",Villa,3137,4,2,1983,"Security,Garden,Parking,Gym,Pool",3166862
Premium Apartment in Ahmedabad,"Ahmedabad, GJ",Apartment,720,2,1,2010,"Parking,Gym,Security,WiFi,Pool",328111
Premium Villa in Hyderabad,"Hyderabad, TS",Villa,3673,5,4,2004,Pool,2321138
Premium Apartment in Chennai,"Chennai, TN",Apartment,2371,2,3,2001,"Pool,Garden,Security,WiFi",917771
Premium Penthouse in Delhi,"Delhi, DL",Penthouse,2339,1,1,1990,Garden,3045872
Premium Townhouse in Chennai,"Chennai, TN",Townhouse,2102,6,4,2023,WiFi,1080161
Premium Condo in Mumbai,"Mumbai, MH",Condo,1584,2,3,1998,"WiFi,Security,Gym",1147725
Premium Townhouse in Ahmedabad,"Ahmedabad, GJ",Townhouse,4430,6,3,2023,"Garden,Security",1854185
Premium Penthouse in Delhi,"Delhi, DL",Penthouse,3718,5,4,1993,"Security,Gym,Parking,Garden",5253212
Premium Condo in Kolkata,"Kolkata, WB",Condo,1724,5,2,2003,Security,733150
Premium Penthouse in Hyderabad,"Hyderabad, TS",Penthouse,4245,5,3,2000,"WiFi,Gym,Security,Garden,Parking",3461729
Premium Penthouse in Pune,"Pune, MH",Penthouse,4753,5,2,1989,Security,3650153
Premium Townhouse in Kolkata,"Kolkata, WB",Townhouse,4245,5,1,1989,"Garden,Parking,Pool",1697529
Premium Villa in Ahmedabad,"Ahmedabad, GJ",Villa,4989,1,4,1988,"Security,Pool,Gym,Parking,WiFi",2219113
Premium Townhouse in Ahmedabad,"Ahmedabad, GJ",Townhouse,3130,5,1,2024,"Parking,WiFi",1091758
Premium Apartment in Pune,"Pune, MH",Apartment,2497,3,4,2016,WiFi,989374
Premium Apartment in Pune,"Pune, MH",Apartment,3716,3,2,2015,"Gym,Security",1301309
Premium Townhouse in Hyderabad,"Hyderabad, TS",Townhouse,2443,2,4,2004,"WiFi,Gym,Parking,Pool",975036
Premium Apartment in Bangalore,"Bangalore, KA",Apartment,4503,2,3,1986,"Garden,WiFi,Security",2268601
Premium Penthouse in Bangalore,"Bangalore, KA",Penthouse,1468,5,2,2007,"WiFi,Garden",1990979
Premium Townhouse in Chennai,"Chennai, TN",Townhouse,2231,5,1,1986,Gym,864943
Premium Condo in Pune,"Pune, MH",Condo,4937,3,4,1985,"Pool,Security",1613239
Premium Condo in Ahmedabad,"Ahmedabad, GJ",Condo,4309,6,4,1998,"Gym,Garden,WiFi,Security",1545081
Premium Apartment in Ahmedabad,"Ahmedabad, GJ",Apartment,3179,3,4,1989,"Security,Parking,Garden",1287259
Premium Townhouse in Hyderabad,"Hyderabad, TS",Townhouse,909,3,4,2016,Parking,493623
Premium Apartment in Ahmedabad,"Ahmedabad, GJ",Apartment,3307,5,3,2010,Security,1329337
Premium Penthouse in Chennai,"Chennai, TN",Penthouse,4027,5,3,1991,"Garden,WiFi,Parking",3246094
Premium Townhouse in Delhi,"Delhi, DL",Townhouse,4089,3,3,2015,"WiFi,Parking,Gym,Garden,Security",2642892
Premium Penthouse in Hyderabad,"Hyderabad, TS",Penthouse,4142,5,1,1983,"Parking,WiFi,Pool",3294972
Premium Villa in Kolkata,"Kolkata, WB",Villa,3548,5,4,1985,"WiFi,Pool,Gym,Security,Garden",2040962
Premium Townhouse in Mumbai,"Mumbai, MH",Townhouse,1921,2,4,1984,"Pool,Parking,WiFi,Security",1374510
Premium Penthouse in Mumbai,"Mumbai, MH",Penthouse,719,3,1,2005,"Security,Pool",1524124
Premium Villa in Pune,"Pune, MH",Villa,1020,1,3,2016,"Pool,Garden,Security",656214
Premium Villa in Chennai,"Chennai, TN",Villa,2440,1,1,2016,"Gym,Security,Parking",1125149
Premium Condo in Kolkata,"Kolkata, WB",Condo,2048,6,2,1991,"Pool,Security",997266
Premium Condo in Kolkata,"Kolkata, WB",Condo,3908,3,4,2017,"Parking,Pool",1384550
Premium Condo in Delhi,"Delhi, DL",Condo,2600,4,4,2019,"Parking,Pool,Garden,Security,WiFi",1806560
Premium Condo in Chennai,"Chennai, TN",Condo,738,4,1,2019,"WiFi,Security",462457
Premium Penthouse in Bangalore,"Bangalore, KA",Penthouse,2677,5,2,1989,"Gym,Parking,WiFi,Garden",3251132
Premium Condo in Delhi,"Delhi, DL",Condo,4844,4,1,1992,"Security,Garden,Parking",2793657
Premium Condo in Delhi,"Delhi, DL",Condo,4666,3,3,1999,"Garden,Gym,Pool",3103850
Premium Penthouse in Kolkata,"Kolkata, WB",Penthouse,2978,6,4,2024,"Security,Garden,Gym,Parking,WiFi",2434824
Premium Condo in Ahmedabad,"Ahmedabad, GJ",Condo,3249,4,4,2018,"Security,Garden,WiFi,Gym",1231528
Premium Penthouse in Mumbai,"Mumbai, MH",Penthouse,1975,3,3,1980,"Garden,Security",3200761
Premium Condo in Pune,"Pune, MH",Condo,2871,4,1,2010,"WiFi,Garden",1018363
Premium Villa in Pune,"Pune, MH",Villa,1116,5,2,2020,"Gym,Garden,Security",883427
Premium Villa in Ahmedabad,"Ahmedabad, GJ",Villa,510,5,4,1995,"Gym,WiFi,Security",700291
Premium Condo in Hyderabad,"Hyderabad, TS",Condo,4766,5,1,1983,"Parking,Gym,Pool,Security,Garden",1822403
Premium Apartment in Bangalore,"Bangalore, KA",Apartment,1374,3,1,2007,"Parking,WiFi,Pool,Gym",886321
Premium Condo in Chennai,"Chennai, TN",Condo,3446,3,3,1993,"Pool,Garden",1128942
Premium Condo in Pune,"Pune, MH",Condo,2138,1,1,1996,Security,686371
Premium Condo in Hyderabad,"Hyderabad, TS",Condo,2892,3,3,2000,"Garden,Security,Pool",1096477
Premium Villa in Hyderabad,"Hyderabad, TS",Villa,1637,2,4,1990,"Parking,Gym,WiFi,Security",967070
Premium Apartment in Kolkata,"Kolkata, WB",Apartment,1028,4,1,1985,"WiFi,Garden,Gym,Security",483566
Premium Penthouse in Mumbai,"Mumbai, MH",Penthouse,2358,1,2,1989,"WiFi,Security,Pool",2979225
Premium Villa in Chennai,"Chennai, TN",Villa,3882,4,1,1995,"Security,WiFi,Garden,Gym,Pool",1882448
Premium Villa in Delhi,"Delhi, DL",Villa,4770,4,1,2005,"WiFi,Pool,Parking,Gym",4553087
Premium Townhouse in Kolkata,"Kolkata, WB",Townhouse,3240,1,3,1998,"Security,Garden,Gym,Pool,WiFi",1165071
Premium Condo in Kolkata,"Kolkata, WB",Condo,2351,4,4,2003,Garden,1003821
Premium Penthouse in Kolkata,"Kolkata, WB",Penthouse,1823,5,3,2006,Garden,1795242
Premium Apartment in Bangalore,"Bangalore, KA",Apartment,2125,1,4,2008,"Gym,Parking",1183580
Premium Villa in Pune,"Pune, MH",Villa,1475,3,4,2011,"Parking,WiFi,Security,Garden,Pool",1096987
Premium Condo in Delhi,"Delhi, DL",Condo,4144,6,1,1990,Pool,3042755
Premium Condo in Kolkata,"Kolkata, WB",Condo,4109,3,4,2014,Gym,1581153
Premium Villa in Mumbai,"Mumbai, MH",Villa,3503,4,2,2021,"Gym,Security,Pool",3727856
Premium Penthouse in Kolkata,"Kolkata, WB",Penthouse,4351,5,4,1988,"WiFi,Pool,Security,Gym",3384130
Premium Villa in Hyderabad,"Hyderabad, TS",Villa,3418,4,4,1981,"Pool,Parking,Garden,WiFi,Gym",2115557
Premium Condo in Delhi,"Delhi, DL",Condo,795,1,1,2020,"Garden,WiFi,Parking,Pool",509260
Premium Townhouse in Pune,"Pune, MH",Townhouse,3663,4,2,2007,Security,1382772
Premium Villa in Mumbai,"Mumbai, MH",Villa,2927,3,4,2016,"Pool,Parking,WiFi",3388980
Premium Townhouse in Chennai,"Chennai, TN",Townhouse,4292,4,2,1989,Security,1642894
Premium Penthouse in Ahmedabad,"Ahmedabad, GJ",Penthouse,1810,2,1,2018,"WiFi,Garden",1337877
Premium Penthouse in Hyderabad,"Hyderabad, TS",Penthouse,2428,4,1,1982,"WiFi,Security",1774439
Premium Condo in Mumbai,"Mumbai, MH",Condo,651,3,2,1996,"Parking,Gym,Pool",788781
Premium Villa in Pune,"Pune, MH",Villa,2694,1,1,2009,WiFi,1409725
Premium Condo in Delhi,"Delhi, DL",Condo,2348,5,1,1984,"Security,Parking,WiFi,Pool",1627892
Premium Apartment in Hyderabad,"Hyderabad, TS",Apartment,4520,5,1,1991,Gym,1754224
Premium Villa in Pune,"Pune, MH",Villa,1156,3,2,2011,"Parking,Pool",729365
Premium Townhouse in Hyderabad,"Hyderabad, TS",Townhouse,509,5,2,1985,"Garden,WiFi,Parking,Pool,Gym",412182
Premium Townhouse in Mumbai,"Mumbai, MH",Townhouse,3242,2,4,1982,"WiFi,Parking,Gym,Security",2092572
Premium Villa in Hyderabad,"Hyderabad, TS",Villa,1786,2,2,2010,"WiFi,Parking,Gym,Security,Garden",1015683
Premium Villa in Hyderabad,"Hyderabad, TS",Villa,4030,2,4,2016,"Gym,Parking,WiFi,Security,Garden",2215766
Premium Condo in Mumbai,"Mumbai, MH",Condo,1856,4,1,2023,"Pool,Gym,Parking,WiFi",1485189
Premium Villa in Kolkata,"Kolkata, WB",Villa,3763,6,4,1981,"WiFi,Security,Pool,Garden,Parking",2351971
Premium Villa in Pune,"Pune, MH",Villa,4567,4,3,1990,Security,2370757
Premium Penthouse in Kolkata,"Kolkata, WB",Penthouse,1729,4,1,1988,"WiFi,Garden,Gym",1457904
Premium Villa in Chennai,"Chennai, TN",Villa,2130,5,3,2000,"Pool,Garden,Parking,Gym",1486755
Premium Apartment in Delhi,"Delhi, DL",Apartment,1314,2,2,1995,"Pool,Security",948432
Premium Condo in Hyderabad,"Hyderabad, TS",Condo,544,1,1,1999,"Gym,Parking",236585
Premium Condo in Ahmedabad,"Ahmedabad, GJ",Condo,3127,1,2,1988,"Security,Parking,Garden,Gym",1076853
Premium Villa in Hyderabad,"Hyderabad, TS",Villa,1266,2,3,2013,"Gym,Parking,Garden",739739
Premium Apartment in Bangalore,"Bangalore, KA",Apartment,1518,2,2,2008,"Parking,WiFi,Security",957947
Premium Townhouse in Hyderabad,"Hyderabad, TS",Townhouse,1773,2,1,1995,Gym,680598
Premium Condo in Delhi,"Delhi, DL",Condo,3608,2,1,1992,"WiFi,Parking",1988858
Premium Condo in Bangalore,"Bangalore, KA",Condo,1370,2,3,1996,Security,782212
Premium Condo in Kolkata,"Kolkata, WB",Condo,4374,4,1,1987,"Garden,Parking",1381762
Premium Villa in Hyderabad,"Hyderabad, TS",Villa,4156,1,4,1980,Parking,2103610
Premium Condo in Bangalore,"Bangalore, KA",Condo,3840,5,4,1990,"Parking,WiFi",2117668
Premium Villa in Chennai,"Chennai, TN",Villa,560,4,1,1986,"Security,WiFi,Gym",618200
Premium Penthouse in Bangalore,"Bangalore, KA",Penthouse,1581,2,3,2004,"Security,WiFi",2030911
Premium Apartment in Delhi,"Delhi, DL",Apartment,2165,6,3,2015,"Gym,Pool",1715278
Premium Condo in Chennai,"Chennai, TN",Condo,3042,5,4,2005,WiFi,1289438
Premium Apartment in Hyderabad,"Hyderabad, TS",Apartment,1164,2,2,1990,WiFi,492711
Premium Apartment in Ahmedabad,"Ahmedabad, GJ",Apartment,2950,3,4,1990,Gym,1123616
Premium Townhouse in Mumbai,"Mumbai, MH",Townhouse,1962,1,3,1997,Garden,1303656
Premium Townhouse in Ahmedabad,"Ahmedabad, GJ",Townhouse,3455,2,4,2019,"Parking,Security,Pool,Gym,WiFi",1245236
Premium Townhouse in Kolkata,"Kolkata, WB",Townhouse,3733,1,2,2014,Pool,1120494
Premium Villa in Delhi,"Delhi, DL",Villa,3129,6,4,2011,"Parking,Garden,Pool,Security",3854005
Premium Penthouse in Chennai,"Chennai, TN",Penthouse,3449,5,2,2009,Parking,2567341
Premium Penthouse in Chennai,"Chennai, TN",Penthouse,3011,2,3,1982,Parking,2276534
Premium Condo in Pune,"Pune, MH",Condo,3518,1,1,1990,"Parking,Gym,Garden,Pool",1057150
Premium Condo in Pune,"Pune, MH",Condo,1750,6,4,2001,"Gym,Garden,WiFi",974124
Premium Condo in Mumbai,"Mumbai, MH",Condo,4903,2,2,1986,"Gym,Garden",3372347
Premium Villa in Hyderabad,"Hyderabad, TS",Villa,4193,5,2,2022,"Pool,Security,Parking",2479287
Premium Townhouse in Hyderabad,"Hyderabad, TS",Townhouse,3703,5,1,2020,Security,1395818
Premium Villa in Pune,"Pune, MH",Villa,1650,3,3,2000,Pool,1157297
Premium Penthouse in Chennai,"Chennai, TN",Penthouse,2731,2,1,2021,"Pool,Security,Gym",2004276
Premium Condo in Bangalore,"Bangalore, KA",Condo,1421,6,3,1981,"Garden,Security",1090576
Premium Apartment in Pune,"Pune, MH",Apartment,2602,2,4,2001,"Security,WiFi,Garden",908955
Premium Condo in Hyderabad,"Hyderabad, TS",Condo,1078,2,3,2008,"WiFi,Gym",524364
Premium Villa in Kolkata,"Kolkata, WB",Villa,2159,5,4,2017,"Security,WiFi,Pool,Garden",1585257
Premium Condo in Pune,"Pune, MH",Condo,4550,4,4,2021,"Pool,Parking,WiFi,Security",1699568
Premium Townhouse in Bangalore,"Bangalore, KA",Townhouse,3953,1,1,1984,"Parking,Pool,Security",1821378
Premium Villa in Mumbai,"Mumbai, MH",Villa,881,3,4,2020,"Garden,Pool,Parking,Security,Gym",1624064
Premium Villa in Hyderabad,"Hyderabad, TS",Villa,2416,1,4,2006,"Pool,WiFi",1267947
Premium Penthouse in Bangalore,"Bangalore, KA",Penthouse,3771,1,4,1995,"Parking,Garden,Gym,WiFi,Pool",3525172
Premium Penthouse in Hyderabad,"Hyderabad, TS",Penthouse,980,4,4,2006,"Garden,WiFi,Gym,Security,Parking",1197114
Premium Penthouse in Mumbai,"Mumbai, MH",Penthouse,3247,3,3,1991,"Pool,WiFi,Gym,Garden",4740188
Premium Apartment in Delhi,"Delhi, DL",Apartment,1515,3,2,2017,"Parking,Security,Pool,Gym,WiFi",1150568
Premium Apartment in Mumbai,"Mumbai, MH",Apartment,4248,3,1,2019,"Garden,WiFi,Security",2947671
Premium Townhouse in Chennai,"Chennai, TN",Townhouse,540,2,3,2021,"WiFi,Security",336686
Premium Villa in Mumbai,"Mumbai, MH",Villa,4386,6,4,1999,"Security,Gym,WiFi",5521315
Premium Condo in Mumbai,"Mumbai, MH",Condo,3711,6,4,2020,"Pool,Garden,Security",2689370
Premium Apartment in Bangalore,"Bangalore, KA",Apartment,556,3,4,1992,"Security,Garden,WiFi",612879
Premium Condo in Bangalore,"Bangalore, KA",Condo,998,1,4,1997,"Garden,Pool,WiFi,Security,Gym",655693
Premium Penthouse in Chennai,"Chennai, TN",Penthouse,4377,1,4,2009,Gym,2690219
Premium Villa in Mumbai,"Mumbai, MH",Villa,4611,1,4,2012,"WiFi,Security",4493947
Premium Apartment in Hyderabad,"Hyderabad, TS",Apartment,2250,1,2,1988,Parking,732583
Premium Townhouse in Kolkata,"Kolkata, WB",Townhouse,4712,4,1,2008,"Gym,Parking",1564596
Premium Apartment in Kolkata,"Kolkata, WB",Apartment,4416,2,3,1987,"WiFi,Security,Garden,Gym",1414858
Premium Condo in Chennai,"Chennai, TN",Condo,4849,3,4,1987,"Pool,Gym,WiFi,Garden",1628367
Premium Apartment in Pune,"Pune, MH",Apartment,4666,1,1,2006,"Garden,Security,Parking,Gym,Pool",1353280
Premium Apartment in Kolkata,"Kolkata, WB",Apartment,1325,4,2,2012,"Gym,Garden,Parking",667681
Premium Apartment in Pune,"Pune, MH",Apartment,1064,4,2,2018,Gym,555963
Premium Villa in Mumbai,"Mumbai, MH",Villa,4621,2,4,1982,Gym,4563798
Premium Apartment in Chennai,"Chennai, TN",Apartment,4946,4,4,1988,"Parking,Pool,WiFi,Garden,Security",1661765
Premium Townhouse in Delhi,"Delhi, DL",Townhouse,2608,6,2,1996,"Gym,Security,Garden,Parking,WiFi",1894127
Premium Apartment in Delhi,"Delhi, DL",Apartment,2724,5,3,2019,"Security,Gym,Pool",1875931
Premium Condo in Pune,"Pune, MH",Condo,2500,6,1,2023,"Gym,Pool",1140602
Premium Apartment in Pune,"Pune, MH",Apartment,2467,1,4,2019,Gym,931221
Premium Condo in Chennai,"Chennai, TN",Condo,1562,4,2,2006,Security,705180
Premium Villa in Ahmedabad,"Ahmedabad, GJ",Villa,2654,1,3,2020,"Security,Parking,WiFi",1327963
Premium Townhouse in Hyderabad,"Hyderabad, TS",Townhouse,2906,1,4,2006,"Garden,WiFi,Security,Gym",1085126
Premium Penthouse in Delhi,"Delhi, DL",Penthouse,2171,4,3,2005,WiFi,3088592
Premium Condo in Chennai,"Chennai, TN",Condo,4174,4,2,2018,"Pool,Security,Garden",1634653
Premium Villa in Hyderabad,"Hyderabad, TS",Villa,2031,6,3,2023,"WiFi,Garden,Gym,Parking,Security",1580043
Premium Apartment in Delhi,"Delhi, DL",Apartment,1418,4,1,2007,"WiFi,Pool,Gym,Parking,Security",1096205
Premium Penthouse in Hyderabad,"Hyderabad, TS",Penthouse,3147,2,4,2018,"WiFi,Gym,Garden,Security",2450980
Premium Villa in Ahmedabad,"Ahmedabad, GJ",Villa,1240,6,4,2005,Security,1180870
Premium Villa in Delhi,"Delhi, DL",Villa,4665,6,4,2011,"Garden,Parking,Security,Gym,Pool",5277052
Premium Condo in Ahmedabad,"Ahmedabad, GJ",Condo,3892,3,3,1983,"Parking,Garden",1386120
Premium Villa in Delhi,"Delhi, DL",Villa,3921,6,3,1999,"Garden,Gym",3963423
Premium Townhouse in Kolkata,"Kolkata, WB",Townhouse,3595,6,4,2008,"WiFi,Pool,Security,Parking",1373606
Premium Villa in Kolkata,"Kolkata, WB",Villa,4967,1,2,2015,"Garden,WiFi,Parking",2448047
Premium Townhouse in Ahmedabad,"Ahmedabad, GJ",Townhouse,740,5,1,2005,Parking,498149
Premium Condo in Chennai,"Chennai, TN",Condo,790,5,3,2003,"Garden,WiFi,Pool",511139
Premium Villa in Ahmedabad,"Ahmedabad, GJ",Villa,2261,4,3,1981,"Security,WiFi,Gym",1396582
Premium Condo in Kolkata,"Kolkata, WB",Condo,1082,1,4,2017,"Security,Garden,Parking",425574
Premium Apartment in Ahmedabad,"Ahmedabad, GJ",Apartment,3123,6,2,1983,"Garden,Pool",1304202
Premium Condo in Bangalore,"Bangalore, KA",Condo,3659,4,2,1984,"Gym,Parking,Pool,WiFi",1890809
Premium Penthouse in Delhi,"Delhi, DL",Penthouse,4662,4,2,2001,"Garden,Security,WiFi,Gym",5493743
Premium Penthouse in Bangalore,"Bangalore, KA",Penthouse,2481,2,4,1980,"Security,Garden,WiFi,Parking,Gym",2779370
Premium Villa in Mumbai,"Mumbai, MH",Villa,2984,6,1,1984,"Gym,Parking,Security",3922146
Premium Penthouse in Pune,"Pune, MH",Penthouse,3464,2,4,2021,"Parking,Security",2449037
Premium Condo in Hyderabad,"Hyderabad, TS",Condo,4865,4,3,2008,"Pool,Garden,Parking,Security,Gym",1759747
Premium Penthouse in Kolkata,"Kolkata, WB",Penthouse,1059,6,1,2021,"Security,Pool,WiFi",1150645
Premium Apartment in Pune,"Pune, MH",Apartment,1479,1,2,1999,"Garden,Security,Gym,Parking,Pool",498955
Premium Condo in Mumbai,"Mumbai, MH",Condo,1933,1,4,1993,Parking,1528379
Premium Townhouse in Mumbai,"Mumbai, MH",Townhouse,2349,2,1,1990,"WiFi,Security,Parking,Pool,Gym",1750844
Premium Condo in Ahmedabad,"Ahmedabad, GJ",Condo,2651,4,3,2013,"Pool,Security,Gym",979814
Premium Apartment in Hyderabad,"Hyderabad, TS",Apartment,3858,3,2,2010,"Garden,Security",1464661
Premium Villa in Delhi,"Delhi, DL",Villa,2978,2,3,1996,WiFi,2768119
Premium Condo in Delhi,"Delhi, DL",Condo,505,6,1,1981,"Parking,Security,Garden,Gym",839362
Premium Condo in Chennai,"Chennai, TN",Condo,2507,4,3,2020,"Pool,WiFi",995314
Premium Villa in Mumbai,"Mumbai, MH",Villa,4466,4,2,2013,"Garden,Security,Gym,Parking,Pool",4405886
Premium Apartment in Pune,"Pune, MH",Apartment,3137,6,3,1984,WiFi,1404747
Premium Penthouse in Chennai,"Chennai, TN",Penthouse,1972,4,4,1998,Security,1864177
Premium Villa in Mumbai,"Mumbai, MH",Villa,1684,3,2,2004,"Pool,Garden,Gym,Parking",1938116
Premium Villa in Bangalore,"Bangalore, KA",Villa,2200,5,4,1994,"Garden,Gym,WiFi,Security,Pool",2257871
Premium Townhouse in Delhi,"Delhi, DL",Townhouse,4848,4,3,1997,"Security,Parking,Pool,Garden,WiFi",3371335
Premium Apartment in Hyderabad,"Hyderabad, TS",Apartment,709,5,1,2005,"Parking,Pool,Gym,Garden,WiFi",525128
Premium Condo in Pune,"Pune, MH",Condo,3876,4,3,2000,"Pool,Parking",1539863
Premium Townhouse in Mumbai,"Mumbai, MH",Townhouse,3766,4,3,2003,"WiFi,Gym,Security",3000309
Premium Penthouse in Hyderabad,"Hyderabad, TS",Penthouse,4715,4,2,2021,"WiFi,Garden",3095979
Premium Villa in Bangalore,"Bangalore, KA",Villa,2822,1,3,2017,"Security,Parking",2357815
Premium Apartment in Kolkata,"Kolkata, WB",Apartment,2886,2,1,1986,"Parking,Gym,Security",904023
Premium Villa in Mumbai,"Mumbai, MH",Villa,2039,5,1,1993,"Garden,Gym,Security,Parking,WiFi",2787005
Premium Condo in Hyderabad,"Hyderabad, TS",Condo,3074,2,1,1980,Security,944206
Premium Condo in Chennai,"Chennai, TN",Condo,1127,6,2,2011,"Gym,Pool,Garden,Parking",679127
Premium Penthouse in Bangalore,"Bangalore, KA",Penthouse,2021,6,1,2019,"WiFi,Security",2616825
Premium Condo in Pune,"Pune, MH",Condo,3591,3,4,2009,"WiFi,Pool,Gym",1298935
Premium Villa in Kolkata,"Kolkata, WB",Villa,2483,6,2,1982,"Garden,Gym",1542768
Premium Townhouse in Bangalore,"Bangalore, KA",Townhouse,530,4,1,2021,"WiFi,Garden",542246
Premium Apartment in Ahmedabad,"Ahmedabad, GJ",Apartment,4994,4,4,1988,"Garden,WiFi,Parking,Security",1883413
Premium Townhouse in Chennai,"Chennai, TN",Townhouse,2909,3,3,1985,Pool,1074379
Premium Penthouse in Chennai,"Chennai, TN",Penthouse,3918,3,1,2000,"Parking,WiFi,Gym",2867849
Premium Villa in Kolkata,"Kolkata, WB",Villa,886,4,4,2011,WiFi,808444
Premium Villa in Ahmedabad,"Ahmedabad, GJ",Villa,1922,2,2,1996,"Security,Pool,WiFi,Gym,Parking",1151783
Premium Townhouse in Hyderabad,"Hyderabad, TS",Townhouse,2759,6,3,1980,"Garden,WiFi,Parking,Security",1260381
Premium Townhouse in Pune,"Pune, MH",Townhouse,751,1,2,2008,Security,287224
Premium Penthouse in Kolkata,"Kolkata, WB",Penthouse,4431,4,1,2004,Parking,3310452
Premium Condo in Chennai,"Chennai, TN",Condo,3813,2,1,2021,"Security,Pool,WiFi,Garden,Gym",1172183
Premium Penthouse in Bangalore,"Bangalore, KA",Penthouse,2501,2,2,2012,"Pool,Parking",2547608
Premium Penthouse in Bangalore,"Bangalore, KA",Penthouse,3980,5,1,2022,Garden,4423940
Premium Apartment in Bangalore,"Bangalore, KA",Apartment,2391,6,2,1990,Gym,1731596
Premium Apartment in Hyderabad,"Hyderabad, TS",Apartment,3087,6,3,1980,"WiFi,Pool,Security,Garden",1288309
Premium Townhouse in Hyderabad,"Hyderabad, TS",Townhouse,3793,1,4,2006,"Pool,Gym,Garden",1354400
Premium Condo in Mumbai,"Mumbai, MH",Condo,3842,6,1,1999,"Gym,Garden,Parking,Pool",3017357
Premium Condo in Ahmedabad,"Ahmedabad, GJ",Condo,780,3,3,2016,"Security,Parking,WiFi,Gym,Pool",447584
Premium Apartment in Bangalore,"Bangalore, KA",Apartment,1749,2,2,2023,WiFi,1053958
Premium Villa in Mumbai,"Mumbai, MH",Villa,3302,4,3,1984,"Gym,Garden",3587869
Premium Penthouse in Delhi,"Delhi, DL",Penthouse,3633,3,1,2017,"Gym,Garden",4437599
Premium Townhouse in Ahmedabad,"Ahmedabad, GJ",Townhouse,4923,6,1,2004,"Gym,Pool,Security",1706091
Premium Townhouse in Chennai,"Chennai, TN",Townhouse,2535,5,4,1983,"Security,Pool,Garden,Gym",1171070
Premium Apartment in Mumbai,"Mumbai, MH",Apartment,1769,6,4,2005,"WiFi,Gym,Garden,Parking,Pool",1911823
Premium Villa in Chennai,"Chennai, TN",Villa,1635,1,2,2023,"Pool,Gym",819409
Premium Condo in Kolkata,"Kolkata, WB",Condo,4145,1,1,1985,"Security,WiFi",1261356
Premium Condo in Hyderabad,"Hyderabad, TS",Condo,2335,5,3,1980,"Gym,Garden,Parking,Security,WiFi",1103341
Premium Condo in Kolkata,"Kolkata, WB",Condo,2322,6,4,2008,"Garden,Pool,Security",1177497
Premium Penthouse in Pune,"Pune, MH",Penthouse,884,2,3,1995,"Pool,WiFi",916805
Premium Villa in Bangalore,"Bangalore, KA",Villa,532,4,3,1980,"Security,Pool,Parking",879949
Premium Penthouse in Kolkata,"Kolkata, WB",Penthouse,2745,2,3,2016,Security,1804383
Premium Townhouse in Bangalore,"Bangalore, KA",Townhouse,4710,5,3,1992,"Pool,WiFi",2800619
Premium Villa in Kolkata,"Kolkata, WB",Villa,3560,5,3,1985,"WiFi,Gym,Security,Parking,Pool",2182507
Premium Condo in Pune,"Pune, MH",Condo,3701,6,4,2002,"Gym,Garden,Parking,Security,WiFi",1613952
Premium Townhouse in Pune,"Pune, MH",Townhouse,4867,1,4,1991,"Security,Parking,Garden,WiFi",1569410
Premium Penthouse in Mumbai,"Mumbai, MH",Penthouse,853,2,4,2015,"Parking,Garden,WiFi",1872806
Premium Penthouse in Kolkata,"Kolkata, WB",Penthouse,2629,3,2,2002,"Security,Garden,Parking,Pool",2116913
Premium Apartment in Hyderabad,"Hyderabad, TS",Apartment,4715,4,3,1991,"Gym,WiFi,Parking,Security,Pool",1577356
Premium Townhouse in Delhi,"Delhi, DL",Townhouse,4999,5,2,2013,"Gym,Garden",2969186
Premium Condo in Pune,"Pune, MH",Condo,1764,5,4,2017,"Garden,Gym,Pool,WiFi",896850
Premium Villa in Ahmedabad,"Ahmedabad, GJ",Villa,4266,6,4,2023,"Security,WiFi,Pool,Gym",2348355
Premium Townhouse in Kolkata,"Kolkata, WB",Townhouse,2286,1,4,1992,"Gym,Security,WiFi",837145
Premium Townhouse in Bangalore,"Bangalore, KA",Townhouse,2125,6,2,1999,WiFi,1474844
Premium Penthouse in Mumbai,"Mumbai, MH",Penthouse,2360,1,2,1988,"Garden,Security,Pool,Gym,Parking",3338885
Premium Condo in Bangalore,"Bangalore, KA",Condo,1260,2,1,1982,WiFi,674353
Premium Apartment in Chennai,"Chennai, TN",Apartment,2295,2,3,2016,"Pool,WiFi,Gym",811954
Premium Penthouse in Hyderabad,"Hyderabad, TS",Penthouse,2095,4,3,1985,"Gym,Pool",1807287
Premium Apartment in Hyderabad,"Hyderabad, TS",Apartment,4335,4,4,2024,"Parking,WiFi,Garden,Gym",1434278
Premium Apartment in Hyderabad,"Hyderabad, TS",Apartment,4453,3,2,2022,"Garden,Security,WiFi,Parking",1490175
Premium Villa in Pune,"Pune, MH",Villa,4042,6,2,2024,"Pool,Security",2255137
Premium Condo in Hyderabad,"Hyderabad, TS",Condo,2003,2,2,2005,"Garden,Security,Parking,Gym",679482
Premium Penthouse in Mumbai,"Mumbai, MH",Penthouse,4304,1,2,1988,"Parking,Garden,Pool",5353037
Premium Penthouse in Ahmedabad,"Ahmedabad, GJ",Penthouse,1379,2,4,1995,"Garden,Parking,WiFi",1242437
Premium Apartment in Kolkata,"Kolkata, WB",Apartment,2283,4,3,2005,"Pool,Gym,Security,Parking,WiFi",976116
Premium Villa in Hyderabad,"Hyderabad, TS",Villa,1688,5,2,2001,"Pool,WiFi,Garden",1076760
Premium Condo in Bangalore,"Bangalore, KA",Condo,4675,4,4,2014,Garden,2538344
Premium Condo in Bangalore,"Bangalore, KA",Condo,4507,3,3,2024,Parking,2310685
Premium Condo in Pune,"Pune, MH",Condo,2172,6,1,2002,"Pool,Garden,Parking,Gym,Security",946106
Premium Villa in Kolkata,"Kolkata, WB",Villa,3814,5,2,2003,"Parking,WiFi,Gym",2342919
Premium Penthouse in Pune,"Pune, MH",Penthouse,3550,5,3,2000,"Pool,Gym",2803134
Premium Penthouse in Kolkata,"Kolkata, WB",Penthouse,1248,6,4,1986,"Gym,Garden,Security,WiFi,Pool",1546302
Premium Townhouse in Hyderabad,"Hyderabad, TS",Townhouse,1183,2,4,1984,"Garden,WiFi,Security,Gym,Pool",545041
Premium Apartment in Kolkata,"Kolkata, WB",Apartment,4021,3,3,1992,"Parking,Security,Garden,Gym",1318437
Premium Penthouse in Pune,"Pune, MH",Penthouse,2830,6,2,1996,"WiFi,Parking",2148846
Premium Apartment in Kolkata,"Kolkata, WB",Apartment,3808,5,2,1990,"Garden,Security,WiFi,Pool,Gym",1404004
Premium Apartment in Ahmedabad,"Ahmedabad, GJ",Apartment,700,3,2,1997,"Security,Gym,Parking",434399
Premium Penthouse in Mumbai,"Mumbai, MH",Penthouse,613,3,2,1993,"Pool,Security,Parking,WiFi,Garden",1401106
Premium Townhouse in Mumbai,"Mumbai, MH",Townhouse,2477,6,3,2022,"WiFi,Parking,Garden",2034434
Premium Condo in Delhi,"Delhi, DL",Condo,2284,5,1,1984,"Security,WiFi",1683262
Premium Townhouse in Chennai,"Chennai, TN",Townhouse,1515,1,3,1981,"Parking,Garden,Pool,Security,WiFi",552636
Premium Condo in Bangalore,"Bangalore, KA",Condo,1834,2,4,1987,"Parking,Security,WiFi,Garden,Gym",1003073
Premium Villa in Kolkata,"Kolkata, WB",Villa,4301,5,2,2005,"Pool,Security,Gym,Garden,Parking",2462813
Premium Townhouse in Pune,"Pune, MH",Townhouse,3206,1,2,1988,"Gym,Security,Garden,Parking",1080560
Premium Apartment in Pune,"Pune, MH",Apartment,1253,5,2,1997,"Parking,Gym",605706
Premium Villa in Bangalore,"Bangalore, KA",Villa,1291,4,1,2023,"Garden,Parking,WiFi,Gym,Security",1367656
Premium Penthouse in Kolkata,"Kolkata, WB",Penthouse,1729,1,2,2024,"Security,Garden,Pool,WiFi",1259656
Premium Villa in Chennai,"Chennai, TN",Villa,3581,2,2,2002,WiFi,1979294
Premium Apartment in Kolkata,"Kolkata, WB",Apartment,1205,3,2,2017,"Parking,Gym",530977
Premium Apartment in Chennai,"Chennai, TN",Apartment,4142,4,1,2016,"Pool,Parking,Gym,Garden",1574229
Premium Villa in Kolkata,"Kolkata, WB",Villa,3749,3,2,1982,"Parking,Garden,Security,Gym,Pool",2128698
Premium Penthouse in Delhi,"Delhi, DL",Penthouse,1734,2,2,2015,"WiFi,Parking,Gym,Pool,Security",2482241
Premium Villa in Hyderabad,"Hyderabad, TS",Villa,1067,1,4,2004,"Parking,Garden,Pool,WiFi",652272
Premium Condo in Bangalore,"Bangalore, KA",Condo,4858,5,3,2016,"Gym,WiFi,Security,Pool,Garden",2410937
Premium Penthouse in Delhi,"Delhi, DL",Penthouse,4243,6,3,2018,"Garden,Pool,WiFi,Parking",5361248
Premium Villa in Pune,"Pune, MH",Villa,3505,5,2,1981,"Pool,Security",1932239
Premium Penthouse in Hyderabad,"Hyderabad, TS",Penthouse,4527,3,1,1990,"Gym,Pool,WiFi",3274196
Premium Villa in Mumbai,"Mumbai, MH",Villa,834,1,4,2021,Security,1218315
Premium Penthouse in Mumbai,"Mumbai, MH",Penthouse,981,5,2,2020,Gym,2435679
Premium Condo in Bangalore,"Bangalore, KA",Condo,2022,1,4,1989,"Pool,Garden",1046404
Premium Townhouse in Kolkata,"Kolkata, WB",Townhouse,3269,4,2,1980,"Gym,Security,WiFi",1270879
Premium Condo in Chennai,"Chennai, TN",Condo,1225,5,2,2017,"Garden,Security,Parking,Pool,WiFi",693401
Premium Penthouse in Mumbai,"Mumbai, MH",Penthouse,1117,1,2,2018,"Garden,WiFi,Pool",1754320
Premium Condo in Delhi,"Delhi, DL",Condo,1526,5,4,1987,"WiFi,Parking",1317549
Premium Apartment in Ahmedabad,"Ahmedabad, GJ",Apartment,594,1,1,1994,"Garden,Gym,Security",240705
Premium Townhouse in Bangalore,"Bangalore, KA",Townhouse,3739,2,2,2014,"Gym,Security",2002700
Premium Townhouse in Chennai,"Chennai, TN",Townhouse,793,3,2,2018,"WiFi,Pool,Security,Garden,Gym",401340
Premium Apartment in Hyderabad,"Hyderabad, TS",Apartment,1451,5,4,2010,"WiFi,Garden",747633
Premium Villa in Bangalore,"Bangalore, KA",Villa,1793,1,2,2023,Gym,1502155
Premium Townhouse in Ahmedabad,"Ahmedabad, GJ",Townhouse,3846,2,3,2004,"Pool,Garden,WiFi",1197684
Premium Apartment in Kolkata,"Kolkata, WB",Apartment,2640,1,3,2000,"Security,WiFi,Pool,Gym,Garden",921888
Premium Condo in Hyderabad,"Hyderabad, TS",Condo,1710,1,3,2009,Garden,671780
Premium Apartment in Mumbai,"Mumbai, MH",Apartment,1408,1,2,2005,Garden,1085604
Premium Apartment in Mumbai,"Mumbai, MH",Apartment,3009,5,3,2004,Gym,2269379
Premium Apartment in Bangalore,"Bangalore, KA",Apartment,3771,5,4,2004,Parking,2059256
Premium Apartment in Kolkata,"Kolkata, WB",Apartment,4838,1,1,1992,"Parking,Security",1595046
Premium Penthouse in Kolkata,"Kolkata, WB",Penthouse,1026,2,3,2001,"Security,Pool",952410
Premium Penthouse in Delhi,"Delhi, DL",Penthouse,4036,1,1,2008,"Security,Gym,WiFi",4285479
Premium Penthouse in Delhi,"Delhi, DL",Penthouse,3747,6,3,1995,Pool,5772173
Premium Condo in Pune,"Pune, MH",Condo,1244,5,2,1985,"Pool,Parking",675847
Premium Penthouse in Kolkata,"Kolkata, WB",Penthouse,1646,4,4,1994,"Security,Pool,Gym",1458795
Premium Townhouse in Bangalore,"Bangalore, KA",Townhouse,3030,2,4,2004,Gym,1669850
Premium Condo in Kolkata,"Kolkata, WB",Condo,3643,1,4,2011,"Garden,Pool,WiFi,Parking",1240153
Premium Condo in Pune,"Pune, MH",Condo,3562,2,4,2006,"Gym,Parking,Garden,Pool,WiFi",1156115
Premium Townhouse in Bangalore,"Bangalore, KA",Townhouse,1024,5,1,1995,"Gym,Security,Pool",848568
Premium Condo in Chennai,"Chennai, TN",Condo,4302,3,4,2016,Pool,1544474
Premium Townhouse in Delhi,"Delhi, DL",Townhouse,4030,4,2,1986,"Pool,WiFi,Parking,Garden",2734924
Premium Villa in Kolkata,"Kolkata, WB",Villa,2715,2,1,1996,"Parking,Pool",1471339
Premium Villa in Bangalore,"Bangalore, KA",Villa,1033,2,3,2010,"WiFi,Garden,Security,Gym",1020452
Premium Penthouse in Kolkata,"Kolkata, WB",Penthouse,2442,3,1,2024,"Parking,Gym,Pool,Garden",1784936
Premium Townhouse in Bangalore,"Bangalore, KA",Townhouse,1316,5,2,1982,"Security,Gym,WiFi,Pool,Parking",1055153
Premium Townhouse in Bangalore,"Bangalore, KA",Townhouse,2758,6,3,1988,"Parking,WiFi,Pool,Garden",1649294
Premium Villa in Pune,"Pune, MH",Villa,4654,6,3,1989,"Gym,Parking,WiFi",2878586
Premium Condo in Delhi,"Delhi, DL",Condo,3599,2,1,1988,Security,2313019
Premium Condo in Hyderabad,"Hyderabad, TS",Condo,2229,6,1,1986,"Garden,Parking,Security,Pool,WiFi",1076427
Premium Penthouse in Hyderabad,"Hyderabad, TS",Penthouse,4028,5,3,1989,"Gym,Pool,Security,Parking",2746846
Premium Condo in Delhi,"Delhi, DL",Condo,2380,4,2,1984,Security,1594725
Premium Villa in Hyderabad,"Hyderabad, TS",Villa,1039,5,3,1986,Security,928142
Premium Villa in Ahmedabad,"Ahmedabad, GJ",Villa,4460,3,1,1996,"Gym,Garden,Security,Pool",2350165
Premium Penthouse in Mumbai,"Mumbai, MH",Penthouse,796,4,4,2017,"Pool,WiFi,Security",1969123
Premium Townhouse in Kolkata,"Kolkata, WB",Townhouse,3504,4,1,2006,"Parking,WiFi,Garden,Security,Gym",1348646
Premium Villa in Bangalore,"Bangalore, KA",Villa,1720,5,2,1980,"Parking,Pool",1727010
Premium Apartment in Mumbai,"Mumbai, MH",Apartment,3125,5,4,2004,"Gym,WiFi,Pool,Security,Parking",2699549
Premium Condo in Delhi,"Delhi, DL",Condo,1431,6,3,2023,"Security,Gym",1350687
Premium Condo in Mumbai,"Mumbai, MH",Condo,4335,4,4,2016,"WiFi,Parking,Security,Gym",3071304
Premium Townhouse in Mumbai,"Mumbai, MH",Townhouse,4277,1,4,1996,"Pool,WiFi,Gym",2659572
Premium Townhouse in Ahmedabad,"Ahmedabad, GJ",Townhouse,1654,4,2,2008,"Parking,Pool,Gym,Security",712461
Premium Villa in Ahmedabad,"Ahmedabad, GJ",Villa,4479,1,4,1991,Garden,2139207
Premium Townhouse in Pune,"Pune, MH",Townhouse,2178,5,4,2005,"WiFi,Parking",980096
Premium Apartment in Mumbai,"Mumbai, MH",Apartment,1231,2,3,2017,"Garden,Parking,Security,Gym,WiFi",979422
Premium Townhouse in Pune,"Pune, MH",Townhouse,4043,4,2,2001,"Garden,Security,WiFi",1399988
Premium Villa in Bangalore,"Bangalore, KA",Villa,1910,5,2,1980,"Pool,Parking",1765547
Premium Condo in Bangalore,"Bangalore, KA",Condo,4523,3,2,1980,"Security,Parking,Pool",2298938
Premium Penthouse in Hyderabad,"Hyderabad, TS",Penthouse,3623,3,4,1985,"Gym,WiFi,Parking",2579292
Premium Apartment in Pune,"Pune, MH",Apartment,800,2,1,2019,"Gym,Pool",375779
Premium Penthouse in Mumbai,"Mumbai, MH",Penthouse,3298,3,4,1995,"Gym,WiFi,Parking",4860372
Premium Penthouse in Ahmedabad,"Ahmedabad, GJ",Penthouse,1644,1,2,1981,"Gym,Parking",1051811
Premium Villa in Bangalore,"Bangalore, KA",Villa,1943,5,4,1984,"WiFi,Parking,Garden,Gym",1977176
Premium Villa in Hyderabad,"Hyderabad, TS",Villa,1887,2,4,1993,"Garden,Gym",1125208
Premium Apartment in Mumbai,"Mumbai, MH",Apartment,695,3,3,2023,"WiFi,Pool",775377
Premium Penthouse in Mumbai,"Mumbai, MH",Penthouse,4992,4,3,1999,"Pool,WiFi,Gym",7297581
Premium Villa in Delhi,"Delhi, DL",Villa,2046,3,1,1981,"Pool,WiFi,Parking,Security",2098603
Premium Apartment in Ahmedabad,"Ahmedabad, GJ",Apartment,2374,4,2,1985,"Pool,WiFi,Security,Parking",1042275
Premium Villa in Ahmedabad,"Ahmedabad, GJ",Villa,2894,6,4,1983,"Gym,WiFi,Pool,Security,Garden",1857200
Premium Apartment in Ahmedabad,"Ahmedabad, GJ",Apartment,3025,1,1,2006,"Security,Pool,Garden",916824
Premium Townhouse in Delhi,"Delhi, DL",Townhouse,3997,5,4,2010,"Garden,Gym",2947910
Premium Villa in Chennai,"Chennai, TN",Villa,3573,2,2,2005,"Gym,WiFi",1983974
Premium Condo in Chennai,"Chennai, TN",Condo,4809,1,3,2008,"Pool,WiFi,Garden",1408638
Premium Condo in Hyderabad,"Hyderabad, TS",Condo,756,2,4,1990,"Pool,Parking,Garden,Security,WiFi",441431
Premium Townhouse in Pune,"Pune, MH",Townhouse,978,4,3,1993,"Security,WiFi,Gym,Garden",540325
Premium Apartment in Pune,"Pune, MH",Apartment,2512,2,2,2006,"WiFi,Parking,Gym",896455
Premium Penthouse in Delhi,"Delhi, DL",Penthouse,1153,2,3,2001,"Security,WiFi,Gym",1688445
Premium Apartment in Ahmedabad,"Ahmedabad, GJ",Apartment,1348,5,1,2008,Pool,614390
Premium Apartment in Hyderabad,"Hyderabad, TS",Apartment,1111,3,2,1999,"Parking,Security,Garden,Pool",518005
Premium Condo in Mumbai,"Mumbai, MH",Condo,3296,1,3,2006,"Pool,Garden,WiFi",2332774
Premium Condo in Ahmedabad,"Ahmedabad, GJ",Condo,4661,4,4,1988,"WiFi,Gym",1719512
Premium Townhouse in Pune,"Pune, MH",Townhouse,661,5,1,1997,"Gym,WiFi,Security,Parking",432197
Premium Townhouse in Bangalore,"Bangalore, KA",Townhouse,3714,2,3,2002,"Garden,Gym,Parking",1733089
Premium Penthouse in Bangalore,"Bangalore, KA",Penthouse,3523,3,1,1995,WiFi,3824286
Premium Villa in Ahmedabad,"Ahmedabad, GJ",Villa,1076,1,3,1984,"Gym,Parking",673859
Premium Villa in Kolkata,"Kolkata, WB",Villa,918,2,2,2010,Pool,570024
Premium Apartment in Delhi,"Delhi, DL",Apartment,919,5,2,2018,"Parking,Pool,WiFi,Garden,Gym",1056099
Premium Villa in Pune,"Pune, MH",Villa,1259,4,3,2003,"Pool,Parking,Gym,Garden",937755
Premium Penthouse in Hyderabad,"Hyderabad, TS",Penthouse,2374,4,1,2004,"Security,Pool",1748732
Premium Penthouse in Mumbai,"Mumbai, MH",Penthouse,4679,6,4,2008,"Garden,Security,WiFi,Parking",6458369
Premium Villa in Pune,"Pune, MH",Villa,588,6,1,2004,Pool,682888
Premium Apartment in Bangalore,"Bangalore, KA",Apartment,3530,3,3,2002,"Gym,Pool,Parking",2004269
Premium Penthouse in Chennai,"Chennai, TN",Penthouse,3431,6,2,1983,"Parking,Pool,Gym",2862059
Premium Townhouse in Ahmedabad,"Ahmedabad, GJ",Townhouse,4206,3,3,2006,"Parking,Garden,Security,Gym,WiFi",1529690
Premium Villa in Kolkata,"Kolkata, WB",Villa,4986,5,4,2019,Gym,2919932
Premium Villa in Mumbai,"Mumbai, MH",Villa,2647,1,4,1991,"Pool,Gym,Parking,WiFi,Garden",2515350
Premium Villa in Delhi,"Delhi, DL",Villa,4452,4,2,2002,"WiFi,Pool,Parking",4145879
Premium Condo in Delhi,"Delhi, DL",Condo,2135,5,3,2008,"Security,Garden,WiFi,Pool",1593754
Premium Apartment in Pune,"Pune, MH",Apartment,2441,6,2,2015,"WiFi,Security,Gym,Garden",1149183
Premium Apartment in Kolkata,"Kolkata, WB",Apartment,3783,1,2,2006,"WiFi,Parking,Garden,Gym",1332093
Premium Penthouse in Ahmedabad,"Ahmedabad, GJ",Penthouse,1003,4,1,2024,"Gym,Pool",1004010
Premium Condo in Pune,"Pune, MH",Condo,3268,1,3,2015,"Parking,Gym,Pool,Garden,WiFi",1189634
Premium Penthouse in Delhi,"Delhi, DL",Penthouse,3088,4,2,2000,Parking,4613680
Premium Condo in Pune,"Pune, MH",Condo,4199,3,3,2012,"Garden,WiFi,Parking,Pool",1587331
Premium Condo in Bangalore,"Bangalore, KA",Condo,4299,1,1,2001,"Parking,Gym,Pool,Security,WiFi",2033779
Premium Apartment in Pune,"Pune, MH",Apartment,4382,6,3,2001,"Garden,WiFi,Pool",1799356
Premium Townhouse in Pune,"Pune, MH",Townhouse,1053,4,1,1996,Security,509818
Premium Villa in Hyderabad,"Hyderabad, TS",Villa,617,2,1,1995,"Security,Parking",413129
Premium Villa in Pune,"Pune, MH",Villa,4189,6,3,1987,"Garden,Security,Gym",2470545
Premium Condo in Kolkata,"Kolkata, WB",Condo,1386,5,4,2004,"Pool,Gym,WiFi,Security",778800
Premium Penthouse in Chennai,"Chennai, TN",Penthouse,4849,6,1,2017,Security,3778708
Premium Penthouse in Pune,"Pune, MH",Penthouse,2409,2,4,1985,"Pool,Parking,Gym",1933753
Premium Villa in Pune,"Pune, MH",Villa,3421,6,2,1992,"Security,Parking,Pool,WiFi",1960361
Premium Villa in Pune,"Pune, MH",Villa,773,2,2,2024,"Parking,Gym",611661
Premium Townhouse in Hyderabad,"Hyderabad, TS",Townhouse,3843,6,3,1995,"Security,Gym,Garden",1380972
Premium Apartment in Kolkata,"Kolkata, WB",Apartment,2552,3,2,1987,"Gym,Security,WiFi,Parking,Garden",904758
Premium Townhouse in Delhi,"Delhi, DL",Townhouse,4145,6,1,2016,"Gym,Parking,Security",2568390
Premium Apartment in Kolkata,"Kolkata, WB",Apartment,2670,6,3,1984,"Pool,Security",1082345
Premium Condo in Mumbai,"Mumbai, MH",Condo,2326,3,3,1983,"Garden,Security",1985612
Premium Condo in Bangalore,"Bangalore, KA",Condo,3618,3,1,1996,Security,1725116
Premium Penthouse in Pune,"Pune, MH",Penthouse,1920,3,3,1980,"Pool,Gym",1475315
Premium Apartment in Chennai,"Chennai, TN",Apartment,1601,1,1,2007,Pool,531645
Premium Villa in Ahmedabad,"Ahmedabad, GJ",Villa,833,5,3,2019,"Garden,Gym,Security",841388
Premium Condo in Bangalore,"Bangalore, KA",Condo,4326,5,3,1999,"Parking,Garden,Security,Gym,WiFi",2442331
Premium Penthouse in Hyderabad,"Hyderabad, TS",Penthouse,4907,2,4,2024,"Gym,Security",3228923
Premium Villa in Bangalore,"Bangalore, KA",Villa,2072,5,1,1994,"Parking,Pool",2168612
Premium Townhouse in Delhi,"Delhi, DL",Townhouse,3595,1,2,1982,Garden,2203250
Premium Villa in Chennai,"Chennai, TN",Villa,4327,5,4,1987,"Security,WiFi,Garden,Gym",2242776
Premium Condo in Chennai,"Chennai, TN",Condo,3766,5,3,2019,"WiFi,Pool,Parking",1443880
Premium Villa in Delhi,"Delhi, DL",Villa,2902,4,4,2003,"Security,WiFi,Pool,Parking",3325136
Premium Penthouse in Kolkata,"Kolkata, WB",Penthouse,2417,3,2,2023,"Pool,Garden,WiFi,Parking,Gym",1740066
Premium Condo in Delhi,"Delhi, DL",Condo,3683,6,2,1995,"WiFi,Parking,Garden,Gym",2748367
Premium Condo in Ahmedabad,"Ahmedabad, GJ",Condo,645,6,4,1991,"WiFi,Pool,Parking,Security",564331
Premium Penthouse in Hyderabad,"Hyderabad, TS",Penthouse,2545,2,3,2008,"Security,Garden",1881167
Premium Villa in Hyderabad,"Hyderabad, TS",Villa,4956,3,3,2021,"Garden,WiFi,Security,Pool,Parking",2620389
Premium Condo in Ahmedabad,"Ahmedabad, GJ",Condo,2578,6,3,2008,"WiFi,Security,Gym,Pool",1190303
Premium Condo in Kolkata,"Kolkata, WB",Condo,831,2,2,1998,Parking,394725
Premium Apartment in Kolkata,"Kolkata, WB",Apartment,3282,3,3,2020,"Garden,Security,Parking,Gym,WiFi",1223740
Premium Townhouse in Chennai,"Chennai, TN",Townhouse,2513,1,4,2010,"Parking,Gym",797195
Premium Condo in Kolkata,"Kolkata, WB",Condo,3790,4,4,1985,"Garden,Gym,Security,Parking",1319055
Premium Condo in Delhi,"Delhi, DL",Condo,687,3,4,2007,"Pool,Garden",718952
Premium Villa in Chennai,"Chennai, TN",Villa,2043,2,1,1998,"WiFi,Garden",1109993
Premium Villa in Hyderabad,"Hyderabad, TS",Villa,3800,1,4,2009,"Parking,Pool",1997545
Premium Penthouse in Kolkata,"Kolkata, WB",Penthouse,2771,4,2,1999,"Security,WiFi",2274594
Premium Condo in Delhi,"Delhi, DL",Condo,914,2,3,2014,WiFi,724470
Premium Villa in Chennai,"Chennai, TN",Villa,2317,5,4,2017,"Garden,Parking,Pool,Security",1589996
Premium Villa in Kolkata,"Kolkata, WB",Villa,1133,1,3,2005,"Gym,WiFi,Parking",682842
Premium Penthouse in Hyderabad,"Hyderabad, TS",Penthouse,541,2,3,2024,"Security,Pool",632418
Premium Townhouse in Bangalore,"Bangalore, KA",Townhouse,2643,3,3,2015,Gym,1444493
Premium Penthouse in Bangalore,"Bangalore, KA",Penthouse,923,5,1,2010,"WiFi,Security,Gym",1768702
Premium Villa in Delhi,"Delhi, DL",Villa,3442,6,3,1984,"WiFi,Parking,Security,Garden,Pool",3755251
Premium Townhouse in Pune,"Pune, MH",Townhouse,2965,1,4,2022,"Pool,WiFi,Gym,Security,Garden",934919
Premium Townhouse in Kolkata,"Kolkata, WB",Townhouse,3578,2,1,1988,"Parking,Garden,Pool",1160549
Premium Villa in Bangalore,"Bangalore, KA",Villa,792,5,4,1985,"Garden,Gym",1204329
Premium Villa in Chennai,"Chennai, TN",Villa,3434,6,4,1993,"WiFi,Gym,Parking",1991319
Premium Townhouse in Kolkata,"Kolkata, WB",Townhouse,2632,3,4,2006,"Gym,Parking",1070459
Premium Penthouse in Pune,"Pune, MH",Penthouse,1230,2,4,2001,"Security,Garden",1033870
Premium Condo in Pune,"Pune, MH",Condo,573,4,3,1982,"Parking,Pool,Security,Gym,Garden",405340
Premium Apartment in Pune,"Pune, MH",Apartment,4140,5,4,1996,Garden,1531349
Premium Penthouse in Delhi,"Delhi, DL",Penthouse,4349,5,1,2017,"Gym,Pool,Garden",6057531
Premium Townhouse in Kolkata,"Kolkata, WB",Townhouse,2298,4,4,1989,"Parking,WiFi",904139
Premium Villa in Pune,"Pune, MH",Villa,3703,3,4,1986,"Parking,Garden,Security,WiFi,Pool",1879282
Premium Condo in Mumbai,"Mumbai, MH",Condo,2827,3,4,2016,WiFi,2290786
Premium Apartment in Pune,"Pune, MH",Apartment,1986,2,2,2014,Pool,778778
Premium Apartment in Delhi,"Delhi, DL",Apartment,688,6,4,2009,"Parking,Gym",1135981
Premium Condo in Bangalore,"Bangalore, KA",Condo,2877,2,1,1995,"Gym,WiFi,Security,Garden,Pool",1434552
Premium Villa in Chennai,"Chennai, TN",Villa,4731,5,1,2009,"Security,Garden,WiFi,Pool",2329843
Premium Villa in Ahmedabad,"Ahmedabad, GJ",Villa,4275,2,2,1983,"WiFi,Garden,Gym,Parking",1932394
Premium Villa in Hyderabad,"Hyderabad, TS",Villa,4225,6,3,2021,Parking,2418447
Premium Villa in Pune,"Pune, MH",Villa,3820,6,2,1995,"WiFi,Pool,Security,Garden,Gym",2073226
Premium Apartment in Pune,"Pune, MH",Apartment,1501,5,1,1998,"Garden,Pool,Parking",728995
Premium Penthouse in Pune,"Pune, MH",Penthouse,4186,5,2,2017,WiFi,3049167
Premium Condo in Mumbai,"Mumbai, MH",Condo,4072,3,3,2014,"Gym,Pool,Parking,Garden",2812204
Premium Townhouse in Pune,"Pune, MH",Townhouse,2597,4,2,2010,"Garden,Parking,Pool,WiFi,Security",1106073
Premium Apartment in Delhi,"Delhi, DL",Apartment,3883,5,3,2021,"WiFi,Pool,Gym,Security",2912126
Premium Condo in Ahmedabad,"Ahmedabad, GJ",Condo,2409,2,4,1981,"Gym,Garden,Security",899945
Premium Apartment in Hyderabad,"Hyderabad, TS",Apartment,3742,1,1,2005,Pool,1117543
Premium Penthouse in Pune,"Pune, MH",Penthouse,2007,2,4,1994,"WiFi,Pool,Garden",1449815
Premium Penthouse in Hyderabad,"Hyderabad, TS",Penthouse,837,6,4,1990,"WiFi,Security,Pool,Parking",1149786
Premium Apartment in Delhi,"Delhi, DL",Apartment,4274,2,2,2018,Garden,2696824
Premium Penthouse in Chennai,"Chennai, TN",Penthouse,2912,1,2,2009,WiFi,2066547
Premium Townhouse in Chennai,"Chennai, TN",Townhouse,2097,6,1,1987,"Parking,Gym,Pool",933620
Premium Penthouse in Delhi,"Delhi, DL",Penthouse,4999,5,3,1981,"Garden,Parking,Pool,Security",6468946
Premium Townhouse in Chennai,"Chennai, TN",Townhouse,1215,3,4,2003,WiFi,618443
Premium Condo in Hyderabad,"Hyderabad, TS",Condo,917,6,2,2019,"Garden,WiFi",575357
Premium Villa in Kolkata,"Kolkata, WB",Villa,2794,4,3,1985,"WiFi,Parking,Pool,Gym",1507621
Premium Apartment in Delhi,"Delhi, DL",Apartment,4708,5,2,2002,"Gym,Security",3046040
Premium Apartment in Ahmedabad,"Ahmedabad, GJ",Apartment,1481,2,1,2005,"Parking,Garden,Security,Gym",599054
Premium Condo in Bangalore,"Bangalore, KA",Condo,700,5,3,1991,"Gym,Security,WiFi,Garden,Pool",720280
Premium Apartment in Pune,"Pune, MH",Apartment,1732,6,3,2006,Parking,949959
Premium Villa in Mumbai,"Mumbai, MH",Villa,2378,5,4,2021,"WiFi,Parking,Pool,Gym",2887611
Premium Townhouse in Ahmedabad,"Ahmedabad, GJ",Townhouse,3574,2,4,2022,"Garden,WiFi,Parking,Security",1233523
Premium Condo in Hyderabad,"Hyderabad, TS",Condo,652,5,3,2015,"Pool,WiFi",497466
Premium Townhouse in Bangalore,"Bangalore, KA",Townhouse,2392,4,3,1994,"Pool,Security,WiFi,Parking,Garden",1577958
Premium Apartment in Delhi,"Delhi, DL",Apartment,1760,1,2,2017,"Security,WiFi",1034001
Premium Apartment in Chennai,"Chennai, TN",Apartment,920,3,2,2007,"Pool,Gym,Security,WiFi,Parking",449359
Premium Townhouse in Bangalore,"Bangalore, KA",Townhouse,1817,1,3,1983,"Garden,Security,Parking",910156
Premium Apartment in Pune,"Pune, MH",Apartment,562,3,4,1988,"Security,Parking,Garden",431517
Premium Villa in Chennai,"Chennai, TN",Villa,4930,4,2,1995,"Gym,WiFi,Parking,Security",2712150
Premium Apartment in Hyderabad,"Hyderabad, TS",Apartment,4577,6,2,1987,"Garden,Parking,WiFi,Pool",1743338
Premium Villa in Ahmedabad,"Ahmedabad, GJ",Villa,1517,4,3,1983,"WiFi,Pool,Security,Garden",1048792
Premium Condo in Pune,"Pune, MH",Condo,1156,3,1,2014,"Security,Garden,Pool",545910
Premium Townhouse in Mumbai,"Mumbai, MH",Townhouse,2940,1,2,2021,"Gym,Garden,Security",2065080
Premium Villa in Chennai,"Chennai, TN",Villa,1763,2,1,1999,Pool,965520
Premium Condo in Delhi,"Delhi, DL",Condo,1788,2,2,1998,"Pool,Security,WiFi,Parking,Garden",1100711
Premium Penthouse in Kolkata,"Kolkata, WB",Penthouse,2765,5,1,2023,"Garden,Pool,Parking",2166008
Premium Condo in Delhi,"Delhi, DL",Condo,1858,6,3,1994,"Parking,Pool,Gym,Security,WiFi",1701084
Premium Townhouse in Kolkata,"Kolkata, WB",Townhouse,4058,1,4,2005,"Security,WiFi,Parking",1394783
Premium Penthouse in Hyderabad,"Hyderabad, TS",Penthouse,4466,2,3,1994,"Gym,WiFi,Parking,Security,Pool",2707285
Premium Townhouse in Kolkata,"Kolkata, WB",Townhouse,849,3,1,2008,"Security,Parking",430127
Premium Condo in Hyderabad,"Hyderabad, TS",Condo,1733,1,2,2023,"Gym,Garden,Parking",577975
Premium Penthouse in Bangalore,"Bangalore, KA",Penthouse,1772,6,2,2014,"Garden,Pool,Gym,Security",2386094
Premium Villa in Hyderabad,"Hyderabad, TS",Villa,3454,5,4,1997,"WiFi,Security,Pool,Garden",1919964
Premium Apartment in Mumbai,"Mumbai, MH",Apartment,4330,6,1,2008,Pool,3012390
Premium Townhouse in Hyderabad,"Hyderabad, TS",Townhouse,4803,1,4,1989,"Garden,Gym",1497604
Premium Townhouse in Mumbai,"Mumbai, MH",Townhouse,991,5,3,2003,Security,1096571
Premium Condo in Hyderabad,"Hyderabad, TS",Condo,3395,2,4,1982,Garden,1275165
Premium Apartment in Bangalore,"Bangalore, KA",Apartment,4973,1,3,1994,Security,2266538
Premium Condo in Pune,"Pune, MH",Condo,3082,3,2,2016,"Gym,Security,Parking,Pool,Garden",1141714
Premium Townhouse in Kolkata,"Kolkata, WB",Townhouse,3694,6,2,2024,"Gym,Pool,WiFi,Security,Parking",1346849
Premium Apartment in Chennai,"Chennai, TN",Apartment,806,2,4,1982,"Pool,Gym,Garden,Parking,Security",412239
Premium Townhouse in Mumbai,"Mumbai, MH",Townhouse,4433,4,1,2009,"Parking,Pool",3193382
Premium Townhouse in Chennai,"Chennai, TN",Townhouse,3336,5,1,2003,"Security,Parking,Pool,Garden",1158737
Premium Apartment in Mumbai,"Mumbai, MH",Apartment,4448,2,3,2022,"Pool,Garden,Parking,WiFi",2976994
Premium Villa in Kolkata,"Kolkata, WB",Villa,2396,3,1,2000,"Gym,Parking,Security,Pool,WiFi",1429177
Premium Condo in Bangalore,"Bangalore, KA",Condo,2669,1,1,2009,"Garden,Gym,WiFi,Pool",1414836
Premium Condo in Bangalore,"Bangalore, KA",Condo,4201,3,2,1999,"Garden,Pool,Gym,Parking,Security",2165769
Premium Penthouse in Ahmedabad,"Ahmedabad, GJ",Penthouse,2675,4,3,2013,"Pool,Garden",2035800
Premium Penthouse in Bangalore,"Bangalore, KA",Penthouse,870,2,2,1991,"WiFi,Gym,Garden,Pool",1315147
Premium Apartment in Mumbai,"Mumbai, MH",Apartment,3996,6,4,1991,"Security,Garden,Gym",3135575
Premium Condo in Chennai,"Chennai, TN",Condo,2046,3,1,1985,"Garden,WiFi,Pool,Parking",711280
Premium Apartment in Chennai,"Chennai, TN",Apartment,3496,5,4,2004,Garden,1444836
Premium Apartment in Pune,"Pune, MH",Apartment,2649,5,2,1997,"Garden,Parking,Pool",1133942
Premium Villa in Ahmedabad,"Ahmedabad, GJ",Villa,4130,3,2,1984,"Pool,Security,WiFi",2011526
Premium Condo in Chennai,"Chennai, TN",Condo,4428,5,1,2002,"Pool,Garden,Parking",1733278
Premium Apartment in Hyderabad,"Hyderabad, TS",Apartment,1701,6,1,1983,"Security,Pool",905470
Premium Townhouse in Delhi,"Delhi, DL",Townhouse,4656,4,1,2009,"WiFi,Garden,Parking,Pool,Security",2655913
Premium Condo in Ahmedabad,"Ahmedabad, GJ",Condo,549,6,4,1998,Security,595669
Premium Townhouse in Mumbai,"Mumbai, MH",Townhouse,752,6,4,2021,"WiFi,Gym,Pool,Garden",1132028
Premium Villa in Ahmedabad,"Ahmedabad, GJ",Villa,3124,4,1,2001,"Garden,Gym,WiFi",1803515
Premium Townhouse in Kolkata,"Kolkata, WB",Townhouse,1897,5,4,2002,Security,853887
Premium Townhouse in Hyderabad,"Hyderabad, TS",Townhouse,4024,5,2,1998,"Parking,Gym,Pool,Security",1542094
Premium Penthouse in Pune,"Pune, MH",Penthouse,855,6,3,2011,"WiFi,Pool,Security",1259750
Premium Villa in Pune,"Pune, MH",Villa,1288,5,3,2006,"Parking,WiFi,Gym",1130843
Premium Apartment in Pune,"Pune, MH",Apartment,1248,2,3,2003,"Parking,Garden,Security,Gym",579756
Premium Apartment in Hyderabad,"Hyderabad, TS",Apartment,4052,3,1,1999,"Security,Garden",1513970
Premium Apartment in Kolkata,"Kolkata, WB",Apartment,4017,4,4,2010,"WiFi,Pool",1521941
Premium Apartment in Chennai,"Chennai, TN",Apartment,2612,1,3,2019,"WiFi,Gym",858044
Premium Townhouse in Chennai,"Chennai, TN",Townhouse,1096,5,1,2004,WiFi,548917
Premium Townhouse in Bangalore,"Bangalore, KA",Townhouse,4106,1,2,2022,Garden,2037870
Premium Penthouse in Mumbai,"Mumbai, MH",Penthouse,869,5,3,2004,"WiFi,Parking",2231437
Premium Apartment in Mumbai,"Mumbai, MH",Apartment,2835,5,1,2017,"WiFi,Parking",2127598
Premium Condo in Mumbai,"Mumbai, MH",Condo,3800,4,2,2005,"Security,Pool,WiFi,Garden,Parking",2552336
Premium Villa in Pune,"Pune, MH",Villa,3118,2,1,2008,"WiFi,Security",1441955
Premium Townhouse in Ahmedabad,"Ahmedabad, GJ",Townhouse,3192,6,2,2021,"Pool,Gym,Parking,WiFi,Security",1396254
Premium Townhouse in Kolkata,"Kolkata, WB",Townhouse,1781,4,4,2005,Gym,834163
Premium Villa in Mumbai,"Mumbai, MH",Villa,3400,6,1,2014,"Garden,Gym,Parking,Security,WiFi",4300698
Premium Apartment in Pune,"Pune, MH",Apartment,1101,6,3,2022,"Gym,Parking",646727
Premium Penthouse in Hyderabad,"Hyderabad, TS",Penthouse,4534,1,4,1998,"Garden,Parking,Pool,Security,WiFi",3186790
Premium Penthouse in Chennai,"Chennai, TN",Penthouse,3671,4,3,2010,"Garden,Gym,Pool",2778845
Premium Apartment in Chennai,"Chennai, TN",Apartment,1074,3,4,2023,"WiFi,Parking,Gym,Security,Pool",603855
Premium Condo in Ahmedabad,"Ahmedabad, GJ",Condo,884,1,3,1990,Gym,343972
Premium Townhouse in Kolkata,"Kolkata, WB",Townhouse,2662,5,1,1984,"WiFi,Pool,Gym",974025
Premium Villa in Mumbai,"Mumbai, MH",Villa,4451,3,4,1986,Garden,4529354
Premium Penthouse in Pune,"Pune, MH",Penthouse,3504,6,2,2006,"Gym,Garden,WiFi,Parking",2581213
Premium Townhouse in Hyderabad,"Hyderabad, TS",Townhouse,1424,1,2,2001,"Pool,Garden,Parking",473808
Premium Apartment in Ahmedabad,"Ahmedabad, GJ",Apartment,2826,4,2,1983,"Garden,Security",1173556
Premium Condo in Kolkata,"Kolkata, WB",Condo,1506,4,2,2014,"Security,Gym,Pool,WiFi",721371
Premium Apartment in Hyderabad,"Hyderabad, TS",Apartment,1825,2,3,1983,"Pool,Parking",738035
Premium Condo in Ahmedabad,"Ahmedabad, GJ",Condo,3948,4,4,1989,"WiFi,Gym,Security",1355672
Premium Penthouse in Chennai,"Chennai, TN",Penthouse,2524,5,4,1981,"Gym,Garden,Pool,WiFi,Security",2301522
Premium Penthouse in Hyderabad,"Hyderabad, TS",Penthouse,4542,6,4,2003,"WiFi,Pool",3435772
Premium Townhouse in Pune,"Pune, MH",Townhouse,3981,3,3,2003,"Security,Pool,WiFi,Gym,Parking",1360136
Premium Villa in Bangalore,"Bangalore, KA",Villa,1435,3,4,1995,"WiFi,Parking",1546762
Premium Townhouse in Pune,"Pune, MH",Townhouse,2111,1,3,1992,WiFi,719020
Premium Penthouse in Bangalore,"Bangalore, KA",Penthouse,1263,6,2,1990,"Pool,Gym,Security",2207315
Premium Penthouse in Pune,"Pune, MH",Penthouse,2949,4,3,2012,"Gym,Pool",2433359
Premium Townhouse in Kolkata,"Kolkata, WB",Townhouse,1276,5,2,1981,"Gym,Security,WiFi,Garden",690544
Premium Apartment in Delhi,"Delhi, DL",Apartment,4345,4,1,2009,"Pool,Garden,Security,WiFi",2568843
Premium Villa in Delhi,"Delhi, DL",Villa,696,2,1,1986,Gym,949837
Premium Penthouse in Bangalore,"Bangalore, KA",Penthouse,2506,6,1,2002,"Gym,Pool,Parking,Garden",3432991
Premium Townhouse in Kolkata,"Kolkata, WB",Townhouse,1142,2,3,1980,"Pool,Garden,WiFi,Parking",522920
Premium Condo in Bangalore,"Bangalore, KA",Condo,4286,4,4,2003,"Garden,Parking,Pool",2167040
Premium Penthouse in Ahmedabad,"Ahmedabad, GJ",Penthouse,2604,1,2,1981,"WiFi,Security,Garden,Gym",1849822
Premium Townhouse in Delhi,"Delhi, DL",Townhouse,816,1,1,2003,"Parking,Garden",540548
Premium Condo in Ahmedabad,"Ahmedabad, GJ",Condo,2853,1,3,2017,"Pool,Security,Garden",876714
Premium Villa in Delhi,"Delhi, DL",Villa,2143,4,2,1985,"Parking,Security,WiFi,Garden,Pool",2399579
Premium Villa in Kolkata,"Kolkata, WB",Villa,3802,1,3,2013,"WiFi,Garden,Parking",1892481
Premium Penthouse in Hyderabad,"Hyderabad, TS",Penthouse,563,2,4,2000,"Parking,Security",649721
Premium Apartment in Ahmedabad,"Ahmedabad, GJ",Apartment,3800,4,2,1989,"Parking,Gym,Pool,Security,WiFi",1370047
Premium Penthouse in Delhi,"Delhi, DL",Penthouse,2506,1,1,1984,Parking,3185516
Premium Villa in Kolkata,"Kolkata, WB",Villa,4104,3,1,2023,"Garden,WiFi,Pool,Gym",2102815
Premium Villa in Chennai,"Chennai, TN",Villa,4230,2,3,2019,"Parking,Gym",1987880
Premium Villa in Kolkata,"Kolkata, WB",Villa,1261,6,4,2006,"WiFi,Security,Garden,Pool,Gym",1176770
Premium Villa in Delhi,"Delhi, DL",Villa,542,3,2,2018,"Gym,Parking,WiFi,Pool,Garden",896018
Premium Villa in Pune,"Pune, MH",Villa,1592,6,1,1995,"Garden,Parking,Pool,Security",1294992
Premium Apartment in Kolkata,"Kolkata, WB",Apartment,3004,4,1,2018,"Pool,Parking,Security,Garden,Gym",1051266
Premium Condo in Chennai,"Chennai, TN",Condo,4029,2,3,2017,"Parking,WiFi,Pool,Gym",1499125
Premium Condo in Chennai,"Chennai, TN",Condo,4487,1,1,2012,"WiFi,Gym,Garden,Parking,Security",1419506
Premium Apartment in Chennai,"Chennai, TN",Apartment,2382,1,2,2020,"Pool,Gym",737130
Premium Apartment in Mumbai,"Mumbai, MH",Apartment,4910,3,1,1989,"WiFi,Security,Parking,Pool",3011051
Premium Apartment in Pune,"Pune, MH",Apartment,1239,6,1,2023,"Garden,Security,Pool",735356
Premium Condo in Mumbai,"Mumbai, MH",Condo,1922,4,2,1981,"Security,Garden",1579467
Premium Townhouse in Ahmedabad,"Ahmedabad, GJ",Townhouse,3230,3,3,2013,"WiFi,Parking,Pool",1111315
Premium Townhouse in Kolkata,"Kolkata, WB",Townhouse,1824,3,3,1985,"WiFi,Garden,Security",695874
Premium Penthouse in Kolkata,"Kolkata, WB",Penthouse,722,4,2,1988,"WiFi,Pool",922145
Premium Condo in Ahmedabad,"Ahmedabad, GJ",Condo,3468,5,1,2009,"Pool,Parking,Garden",1405150
Premium Villa in Ahmedabad,"Ahmedabad, GJ",Villa,2682,1,2,2020,"Security,WiFi",1345746
Premium Penthouse in Chennai,"Chennai, TN",Penthouse,1777,6,1,1990,"Garden,Parking,Pool",1708446
Premium Villa in Ahmedabad,"Ahmedabad, GJ",Villa,2347,6,2,1993,"Pool,Security,Garden",1596586
Premium Apartment in Mumbai,"Mumbai, MH",Apartment,2693,1,1,1986,"Parking,Gym,Garden,Security",1790790
Premium Townhouse in Hyderabad,"Hyderabad, TS",Townhouse,3257,2,3,1992,"Garden,Parking,WiFi,Gym",1141154
Premium Apartment in Kolkata,"Kolkata, WB",Apartment,3694,1,2,1997,Pool,1186805
Premium Penthouse in Chennai,"Chennai, TN",Penthouse,1428,1,1,2002,"Pool,Gym",1089705
Premium Condo in Delhi,"Delhi, DL",Condo,2576,1,3,2002,"Garden,Parking,Pool,Gym",1541109
Premium Villa in Hyderabad,"Hyderabad, TS",Villa,4530,4,4,1992,"Pool,Security,Parking,Gym,Garden",2307430
Premium Condo in Kolkata,"Kolkata, WB",Condo,2092,2,4,2011,"Security,Garden",777658
Premium Townhouse in Kolkata,"Kolkata, WB",Townhouse,754,6,2,1981,"Garden,Parking,WiFi,Security,Gym",551316
Premium Penthouse in Delhi,"Delhi, DL",Penthouse,1847,6,3,1999,"Gym,Garden,Pool",3431122
Premium Condo in Kolkata,"Kolkata, WB",Condo,2190,6,3,1984,"Security,Garden,Gym",993399
Premium Penthouse in Pune,"Pune, MH",Penthouse,3317,5,1,2018,"Gym,Parking",2581652
Premium Townhouse in Kolkata,"Kolkata, WB",Townhouse,3656,5,1,2003,"Garden,Parking,Security",1416277
Premium Townhouse in Pune,"Pune, MH",Townhouse,4426,1,1,1993,"Gym,Pool",1268255
Premium Villa in Pune,"Pune, MH",Villa,4706,6,2,1995,"Gym,Garden",2381653
Premium Penthouse in Delhi,"Delhi, DL",Penthouse,518,1,3,2010,Gym,915201
Premium Apartment in Ahmedabad,"Ahmedabad, GJ",Apartment,3535,5,1,1999,"Parking,Garden,WiFi",1399643
Premium Penthouse in Mumbai,"Mumbai, MH",Penthouse,3637,5,1,2013,"WiFi,Parking,Gym",5923211
Premium Townhouse in Ahmedabad,"Ahmedabad, GJ",Townhouse,1405,4,4,2019,"Pool,Garden",701345
Premium Villa in Delhi,"Delhi, DL",Villa,858,6,4,2010,"Security,Gym,WiFi,Garden",1702880
Premium Condo in Chennai,"Chennai, TN",Condo,4508,1,4,2006,Garden,1579586
Premium Villa in Hyderabad,"Hyderabad, TS",Villa,1246,5,2,2023,"Security,Garden",973256
Premium Apartment in Hyderabad,"Hyderabad, TS",Apartment,1298,3,3,2000,"Garden,Security,Pool",547339
Premium Condo in Chennai,"Chennai, TN",Condo,1483,5,4,1993,"Garden,Gym,Parking",778951
Premium Condo in Chennai,"Chennai, TN",Condo,2980,2,2,2017,Garden,965711
Premium Villa in Mumbai,"Mumbai, MH",Villa,2100,5,2,1999,"Gym,WiFi,Garden,Pool",3004936
Premium Townhouse in Ahmedabad,"Ahmedabad, GJ",Townhouse,2550,2,2,1992,"Security,Gym,Garden",974368
Premium Penthouse in Ahmedabad,"Ahmedabad, GJ",Penthouse,3677,6,2,1997,"Gym,Pool,Parking,Security",3173651
Premium Villa in Mumbai,"Mumbai, MH",Villa,2615,2,4,1994,"Pool,Garden,Gym,WiFi",2910273
Premium Apartment in Chennai,"Chennai, TN",Apartment,1641,6,1,1990,Garden,831879
Premium Penthouse in Bangalore,"Bangalore, KA",Penthouse,4536,6,1,1998,"Security,Garden,WiFi",4776379
Premium Penthouse in Pune,"Pune, MH",Penthouse,4066,2,2,2005,"Pool,Gym",2602903
Premium Penthouse in Chennai,"Chennai, TN",Penthouse,3373,2,2,2017,"Security,Pool,Garden,Parking",2381191
Premium Condo in Hyderabad,"Hyderabad, TS",Condo,1112,2,3,1991,"Parking,Pool",460591
Premium Villa in Kolkata,"Kolkata, WB",Villa,4297,4,4,1993,"Garden,Gym,Pool,Security,WiFi",2585643
Premium Apartment in Ahmedabad,"Ahmedabad, GJ",Apartment,3093,5,3,1994,Pool,1213115
Premium Townhouse in Hyderabad,"Hyderabad, TS",Townhouse,1636,6,3,1984,Security,770970
Premium Townhouse in Kolkata,"Kolkata, WB",Townhouse,3945,4,2,1986,"Gym,Pool,Parking,Security",1437558
Premium Penthouse in Bangalore,"Bangalore, KA",Penthouse,1187,4,3,2024,"Gym,WiFi",1809907
Premium Villa in Ahmedabad,"Ahmedabad, GJ",Villa,1918,5,3,2022,"Security,Pool",1198238
Premium Apartment in Delhi,"Delhi, DL",Apartment,1606,6,2,1998,"Pool,WiFi,Gym,Garden,Parking",1361620
Premium Penthouse in Chennai,"Chennai, TN",Penthouse,4188,6,1,2022,"Gym,WiFi",3205408
Premium Apartment in Chennai,"Chennai, TN",Apartment,2737,4,3,1986,"Gym,Parking,Garden,Security",1161765
Premium Penthouse in Bangalore,"Bangalore, KA",Penthouse,4064,5,3,2020,Pool,4975005
Premium Penthouse in Mumbai,"Mumbai, MH",Penthouse,4248,2,1,2011,"Garden,Pool,Parking",5684948
Premium Apartment in Mumbai,"Mumbai, MH",Apartment,4377,4,1,1994,"Gym,Security,WiFi,Pool,Parking",3312119
Premium Apartment in Ahmedabad,"Ahmedabad, GJ",Apartment,3130,1,4,1980,"Parking,WiFi,Gym,Garden",979695
Premium Condo in Delhi,"Delhi, DL",Condo,2269,4,2,2003,"WiFi,Gym,Garden,Pool",1505675
Premium Apartment in Pune,"Pune, MH",Apartment,4999,6,4,2002,"Pool,Security,Garden,WiFi,Gym",1844868
Premium Villa in Pune,"Pune, MH",Villa,2556,2,4,2008,"Gym,Pool",1406400
Premium Penthouse in Kolkata,"Kolkata, WB",Penthouse,1282,4,2,2001,"Gym,Parking,Garden,WiFi",1257892
Premium Villa in Mumbai,"Mumbai, MH",Villa,3674,3,4,2010,"Security,WiFi",4237235
Premium Condo in Chennai,"Chennai, TN",Condo,4543,4,3,1992,Pool,1490771
Premium Apartment in Pune,"Pune, MH",Apartment,1867,4,2,1993,"Gym,Security,Pool,Parking",733689
Premium Villa in Bangalore,"Bangalore, KA",Villa,2288,3,1,2014,"Pool,Garden,Security,Parking",1836346
Premium Condo in Chennai,"Chennai, TN",Condo,4753,5,1,1998,Garden,1601120
Premium Villa in Mumbai,"Mumbai, MH",Villa,3283,3,3,2010,"Garden,WiFi,Parking,Security",3309957
Premium Townhouse in Kolkata,"Kolkata, WB",Townhouse,1195,3,3,1995,"Security,Garden,WiFi,Pool,Gym",536251
Premium Townhouse in Mumbai,"Mumbai, MH",Townhouse,2071,4,4,1981,Security,1939018
Premium Condo in Hyderabad,"Hyderabad, TS",Condo,3564,4,4,2016,"Gym,WiFi,Parking,Garden,Pool",1386837
Premium Villa in Ahmedabad,"Ahmedabad, GJ",Villa,2621,3,4,2019,"Garden,WiFi,Gym",1453811
Premium Villa in Hyderabad,"Hyderabad, TS",Villa,3722,6,1,1990,"Security,Gym,WiFi,Parking,Pool",2109242
Premium Townhouse in Hyderabad,"Hyderabad, TS",Townhouse,3628,6,3,2003,"Pool,Security",1503157
Premium Villa in Ahmedabad,"Ahmedabad, GJ",Villa,4445,1,1,2023,Pool,2273319
Premium Condo in Kolkata,"Kolkata, WB",Condo,872,5,4,2017,"Pool,Security",578593
Premium Townhouse in Delhi,"Delhi, DL",Townhouse,3335,5,4,1985,"WiFi,Security,Gym,Garden",2477944
Premium Townhouse in Delhi,"Delhi, DL",Townhouse,3973,4,3,2002,"WiFi,Parking",2626299
Premium Villa in Ahmedabad,"Ahmedabad, GJ",Villa,2877,5,2,2023,"Gym,WiFi,Garden",1790787
Premium Villa in Pune,"Pune, MH",Villa,3907,6,2,2003,"Pool,Garden,Security",2295066
Premium Apartment in Ahmedabad,"Ahmedabad, GJ",Apartment,2777,1,4,2010,"Security,WiFi",945917
Premium Apartment in Chennai,"Chennai, TN",Apartment,1708,5,1,1988,Parking,792382
Premium Villa in Chennai,"Chennai, TN",Villa,4876,4,1,2017,"Pool,WiFi,Garden,Gym,Security",2278829
Premium Penthouse in Bangalore,"Bangalore, KA",Penthouse,1611,3,2,2023,"Security,Garden,Gym,Pool,Parking",1868760
Premium Villa in Pune,"Pune, MH",Villa,4877,6,2,2001,"Gym,Security,Garden,Pool",2872589
Premium Townhouse in Ahmedabad,"Ahmedabad, GJ",Townhouse,3794,2,3,1980,"Parking,Security,Garden",1380442
Premium Villa in Kolkata,"Kolkata, WB",Villa,3485,3,3,1988,Security,1863327
Premium Condo in Bangalore,"Bangalore, KA",Condo,4258,1,2,1982,Parking,2139079
Premium Penthouse in Pune,"Pune, MH",Penthouse,1264,2,3,2013,"Gym,WiFi,Security",1035506
Premium Apartment in Kolkata,"Kolkata, WB",Apartment,4432,1,1,2001,"Gym,Garden,Pool,WiFi",1476239
Premium Townhouse in Ahmedabad,"Ahmedabad, GJ",Townhouse,3503,6,2,1988,"Security,WiFi",1422461
Premium Villa in Kolkata,"Kolkata, WB",Villa,1730,1,3,1986,"Garden,Parking,WiFi",933509
Premium Villa in Chennai,"Chennai, TN",Villa,4944,1,4,2012,Security,2368724
Premium Condo in Kolkata,"Kolkata, WB",Condo,3019,1,4,1984,"WiFi,Gym,Garden",1091792
Premium Penthouse in Hyderabad,"Hyderabad, TS",Penthouse,1936,1,1,2007,Security,1187292
Premium Penthouse in Kolkata,"Kolkata, WB",Penthouse,1436,5,4,1982,"Gym,WiFi",1592412
Premium Apartment in Hyderabad,"Hyderabad, TS",Apartment,4888,3,2,2002,"Gym,WiFi,Garden",1535907
Premium Penthouse in Hyderabad,"Hyderabad, TS",Penthouse,3374,2,2,2010,"Parking,Garden,WiFi,Pool",2119945
Premium Townhouse in Pune,"Pune, MH",Townhouse,3046,5,1,2012,"Parking,Garden,Pool",1180961
Premium Villa in Pune,"Pune, MH",Villa,1386,6,3,1980,"WiFi,Pool,Garden",1265831
Premium Condo in Delhi,"Delhi, DL",Condo,2804,1,3,2010,WiFi,1860892
Premium Penthouse in Delhi,"Delhi, DL",Penthouse,2681,6,2,1981,"Security,Garden,Parking,Gym,Pool",3993197
Premium Villa in Ahmedabad,"Ahmedabad, GJ",Villa,3516,4,1,2004,"Pool,WiFi,Garden,Gym",1839157
Premium Townhouse in Hyderabad,"Hyderabad, TS",Townhouse,1069,2,1,2006,"Garden,Parking,Gym",430716
Premium Penthouse in Kolkata,"Kolkata, WB",Penthouse,2445,6,1,2007,"Gym,Pool,WiFi",2078729
Premium Condo in Kolkata,"Kolkata, WB",Condo,2053,4,1,2001,"Security,Garden",784478
Premium Villa in Chennai,"Chennai, TN",Villa,749,5,2,2008,Security,825465
Premium Condo in Delhi,"Delhi, DL",Condo,4419,5,1,2019,Gym,2780098
Premium Condo in Bangalore,"Bangalore, KA",Condo,3047,4,4,2017,"Parking,Pool,Gym",1862305
Premium Penthouse in Delhi,"Delhi, DL",Penthouse,1549,6,2,1992,"Garden,Pool",2982047
Premium Villa in Mumbai,"Mumbai, MH",Villa,2351,6,4,2012,"WiFi,Security",3517202
Premium Villa in Delhi,"Delhi, DL",Villa,1496,4,3,2018,"Security,Pool,WiFi,Parking",1937922
Premium Townhouse in Kolkata,"Kolkata, WB",Townhouse,2492,1,1,1994,"Gym,Pool",832681
Premium Villa in Mumbai,"Mumbai, MH",Villa,3078,5,4,2007,"Garden,Pool,Gym,Security",3483875
Premium Condo in Hyderabad,"Hyderabad, TS",Condo,4443,6,2,2017,"Security,Gym",1535912
Premium Penthouse in Chennai,"Chennai, TN",Penthouse,4524,5,2,1984,"Gym,Parking,Pool,Security,Garden",3300298
Premium Villa in Kolkata,"Kolkata, WB",Villa,2562,3,1,2006,Pool,1270250
Premium Apartment in Hyderabad,"Hyderabad, TS",Apartment,4629,3,2,2007,"Security,Gym,Parking,Pool",1453605
Premium Townhouse in Pune,"Pune, MH",Townhouse,692,6,3,1999,"Gym,WiFi,Pool,Security,Parking",552744
Premium Apartment in Delhi,"Delhi, DL",Apartment,2212,3,2,1999,"WiFi,Pool,Security",1460328
Premium Penthouse in Mumbai,"Mumbai, MH",Penthouse,4362,2,2,1984,"WiFi,Pool,Security,Parking",5539092
Premium Townhouse in Delhi,"Delhi, DL",Townhouse,3685,2,4,1989,"Security,Parking",2155306
Premium Apartment in Kolkata,"Kolkata, WB",Apartment,2513,4,1,2015,"Parking,Pool,Garden,WiFi,Gym",976872
Premium Villa in Hyderabad,"Hyderabad, TS",Villa,1837,6,3,1980,"Pool,Garden",1254292
Premium Apartment in Ahmedabad,"Ahmedabad, GJ",Apartment,2304,6,4,1988,"Pool,Garden,Gym",1043729
Premium Apartment in Pune,"Pune, MH",Apartment,4613,4,1,2007,WiFi,1719613
Premium Apartment in Kolkata,"Kolkata, WB",Apartment,1287,2,1,2017,"WiFi,Pool,Gym",520967
Premium Condo in Bangalore,"Bangalore, KA",Condo,1454,4,4,2001,Garden,1087711
Premium Villa in Kolkata,"Kolkata, WB",Villa,3879,3,4,1985,"Garden,Security,WiFi",2174010
Premium Townhouse in Delhi,"Delhi, DL",Townhouse,1826,1,4,2018,WiFi,1303565
Premium Condo in Delhi,"Delhi, DL",Condo,2148,3,3,2015,"Security,Garden,Parking,Pool,WiFi",1443758
Premium Villa in Hyderabad,"Hyderabad, TS",Villa,4837,2,2,1996,"Security,WiFi",2228396
Premium Penthouse in Pune,"Pune, MH",Penthouse,4894,2,4,1990,"WiFi,Security,Gym",3591335
Premium Condo in Mumbai,"Mumbai, MH",Condo,508,6,2,2018,"Gym,Pool,Security,Garden,Parking",997938
Premium Villa in Pune,"Pune, MH",Villa,3111,4,1,1985,"WiFi,Gym,Parking,Garden",1749921
Premium Villa in Hyderabad,"Hyderabad, TS",Villa,4179,6,1,1983,Parking,2500853
Premium Condo in Hyderabad,"Hyderabad, TS",Condo,1954,3,1,1990,"Security,WiFi,Garden,Gym",798804
Premium Penthouse in Bangalore,"Bangalore, KA",Penthouse,4569,4,2,1988,"Gym,Parking,Pool,WiFi,Garden",4968884
Premium Apartment in Delhi,"Delhi, DL",Apartment,1696,6,3,2021,"Security,Parking,WiFi,Gym,Pool",1410771
Premium Penthouse in Ahmedabad,"Ahmedabad, GJ",Penthouse,4056,2,3,2005,Gym,2592746
Premium Townhouse in Kolkata,"Kolkata, WB",Townhouse,2458,6,2,1990,"Security,Parking,Gym,WiFi",1046575
Premium Apartment in Hyderabad,"Hyderabad, TS",Apartment,4855,6,2,1993,"Parking,Security,Garden",1781078
Premium Apartment in Kolkata,"Kolkata, WB",Apartment,1090,3,3,1999,"Pool,Security,Gym",563266
Premium Condo in Bangalore,"Bangalore, KA",Condo,4620,5,3,1991,"WiFi,Pool,Parking,Security",2575265
Premium Apartment in Ahmedabad,"Ahmedabad, GJ",Apartment,1920,5,2,1982,"WiFi,Gym,Parking,Pool",875253
Premium Apartment in Ahmedabad,"Ahmedabad, GJ",Apartment,4602,2,2,1988,"WiFi,Parking",1565066
Premium Townhouse in Mumbai,"Mumbai, MH",Townhouse,2045,4,1,2020,"Gym,Parking,Security,Pool,WiFi",1822907
Premium Apartment in Delhi,"Delhi, DL",Apartment,1067,1,1,2002,"Security,Pool,WiFi",760204
Premium Townhouse in Kolkata,"Kolkata, WB",Townhouse,4714,5,1,1980,"Garden,Security,Pool",1722675
Premium Penthouse in Pune,"Pune, MH",Penthouse,2380,5,2,1991,"Gym,Garden,Pool,WiFi,Security",2050496
Premium Condo in Ahmedabad,"Ahmedabad, GJ",Condo,789,3,4,2010,"Garden,WiFi,Gym",506651
Premium Villa in Pune,"Pune, MH",Villa,4123,1,4,1984,"Pool,Security,Garden,Gym",2252362
Premium Penthouse in Bangalore,"Bangalore, KA",Penthouse,4663,6,2,1989,Pool,4969484
Premium Condo in Chennai,"Chennai, TN",Condo,2176,1,3,2012,"WiFi,Parking",738332
Premium Villa in Chennai,"Chennai, TN",Villa,3777,5,1,1996,"WiFi,Garden",2218733
Premium Villa in Pune,"Pune, MH",Villa,2599,6,2,2005,"WiFi,Parking,Garden,Security,Pool",1687019
Premium Apartment in Ahmedabad,"Ahmedabad, GJ",Apartment,3538,6,3,2009,"Security,WiFi,Garden",1490759
Premium Penthouse in Chennai,"Chennai, TN",Penthouse,1807,6,1,2022,"Gym,Garden,WiFi,Pool",1859868
Premium Apartment in Ahmedabad,"Ahmedabad, GJ",Apartment,1217,3,4,1981,"Parking,Gym,Pool,Security,Garden",606211
Premium Condo in Pune,"Pune, MH",Condo,2250,3,4,2009,"Pool,WiFi,Garden,Security,Gym",861391
Premium Apartment in Kolkata,"Kolkata, WB",Apartment,4326,2,2,1998,"Parking,Pool,Security,WiFi,Garden",1351947
Premium Apartment in Chennai,"Chennai, TN",Apartment,2476,6,1,2013,"Pool,Parking",1160859
Premium Penthouse in Hyderabad,"Hyderabad, TS",Penthouse,3840,3,1,2008,"Pool,Gym,Parking",2772811
Premium Townhouse in Pune,"Pune, MH",Townhouse,2456,3,3,1983,Security,1009854
Premium Penthouse in Mumbai,"Mumbai, MH",Penthouse,1974,5,4,1981,"Gym,Security,Pool",3658411
Premium Villa in Chennai,"Chennai, TN",Villa,2173,4,1,1987,"Pool,Security,Gym,Parking",1288683
Premium Villa in Kolkata,"Kolkata, WB",Villa,1234,2,4,2021,"Security,Parking,WiFi",748978
Premium Villa in Bangalore,"Bangalore, KA",Villa,3382,2,4,1980,"Security,Parking",2918276
Premium Villa in Delhi,"Delhi, DL",Villa,3879,3,1,2010,WiFi,3721630
Premium Apartment in Ahmedabad,"Ahmedabad, GJ",Apartment,3531,1,2,2005,Security,1063614
Premium Apartment in Bangalore,"Bangalore, KA",Apartment,2352,5,2,2010,"Security,Gym",1344889
Premium Townhouse in Hyderabad,"Hyderabad, TS",Townhouse,3479,2,2,2008,Gym,1135354
Premium Villa in Bangalore,"Bangalore, KA",Villa,1296,1,4,1996,"Parking,Gym",1083431
Premium Villa in Hyderabad,"Hyderabad, TS",Villa,2025,4,1,1982,"WiFi,Security",1353759
Premium Condo in Hyderabad,"Hyderabad, TS",Condo,2325,1,3,2018,Security,822321
Premium Apartment in Mumbai,"Mumbai, MH",Apartment,2359,2,1,1987,"WiFi,Security,Garden,Pool,Parking",1635876
Premium Villa in Kolkata,"Kolkata, WB",Villa,1950,3,4,1994,Parking,1150265
Premium Apartment in Hyderabad,"Hyderabad, TS",Apartment,4594,3,1,2024,"Garden,Security,Gym,Parking",1451135
Premium Condo in Pune,"Pune, MH",Condo,1780,1,4,2005,"WiFi,Garden,Parking,Gym,Security",729710
Premium Apartment in Kolkata,"Kolkata, WB",Apartment,4101,6,3,2019,"WiFi,Garden,Parking,Pool",1535996
Premium Villa in Hyderabad,"Hyderabad, TS",Villa,4136,4,3,2002,Security,2063066
Premium Townhouse in Bangalore,"Bangalore, KA",Townhouse,3388,5,3,2023,Pool,2086435
Premium Apartment in Pune,"Pune, MH",Apartment,3449,3,2,1996,"WiFi,Pool,Security,Parking",1239767
Premium Condo in Hyderabad,"Hyderabad, TS",Condo,857,6,3,2010,"WiFi,Parking",601671
Premium Penthouse in Mumbai,"Mumbai, MH",Penthouse,2699,3,3,1987,"Gym,Garden,Pool,Security,Parking",3711577
Premium Condo in Pune,"Pune, MH",Condo,2085,4,3,1992,"Security,Pool,Parking",850188
Premium Penthouse in Ahmedabad,"Ahmedabad, GJ",Penthouse,4843,3,2,2020,WiFi,3040798
Premium Condo in Chennai,"Chennai, TN",Condo,1302,4,1,1986,"Garden,Parking",592125
Premium Condo in Pune,"Pune, MH",Condo,4656,1,4,1994,"Garden,WiFi,Pool",1383585
Premium Villa in Ahmedabad,"Ahmedabad, GJ",Villa,4989,1,2,2014,"Security,Gym,Pool,Garden",2383409
Premium Penthouse in Bangalore,"Bangalore, KA",Penthouse,1590,3,1,1980,"Security,Pool,Garden,Gym,WiFi",1979690
Premium Apartment in Hyderabad,"Hyderabad, TS",Apartment,2096,4,2,1991,"Garden,Gym,Security",909778
Premium Apartment in Chennai,"Chennai, TN",Apartment,3931,5,2,1996,"Pool,WiFi,Garden,Parking",1586728
Premium Apartment in Ahmedabad,"Ahmedabad, GJ",Apartment,2463,2,3,2013,"Garden,Pool,Security,Gym",825540
Premium Penthouse in Mumbai,"Mumbai, MH",Penthouse,4638,6,1,2018,"Security,Pool,Garden,Parking",7506538
Premium Townhouse in Mumbai,"Mumbai, MH",Townhouse,937,3,2,2010,"Security,Gym,Garden,Pool",996055
Premium Condo in Chennai,"Chennai, TN",Condo,3079,2,4,2001,"Gym,Parking,Garden,Pool,Security",1135910
Premium Villa in Mumbai,"Mumbai, MH",Villa,4287,6,2,2003,"Pool,WiFi,Parking,Security",4970379
Premium Penthouse in Ahmedabad,"Ahmedabad, GJ",Penthouse,1562,5,3,1983,"Garden,Parking,Gym",1695646
Premium Condo in Hyderabad,"Hyderabad, TS",Condo,1843,6,3,2000,"Pool,WiFi,Gym",917377
Premium Condo in Pune,"Pune, MH",Condo,2619,4,2,2021,"Pool,WiFi,Gym,Garden",970597
Premium Apartment in Chennai,"Chennai, TN",Apartment,1538,6,1,1997,"Security,Gym",789872
Premium Penthouse in Hyderabad,"Hyderabad, TS",Penthouse,1155,5,4,2010,"WiFi,Parking",1229526
Premium Condo in Ahmedabad,"Ahmedabad, GJ",Condo,1182,5,3,1982,"Security,Pool,Gym,WiFi",674183
Premium Apartment in Bangalore,"Bangalore, KA",Apartment,3578,5,4,1997,"Security,Parking",2049401
Premium Apartment in Ahmedabad,"Ahmedabad, GJ",Apartment,3027,6,1,1999,Parking,1184602
Premium Villa in Pune,"Pune, MH",Villa,4217,5,2,1997,"Pool,Security,Garden",2518603
Premium Townhouse in Delhi,"Delhi, DL",Townhouse,1055,6,1,1998,"Parking,Garden,Gym,Pool",1079828
Premium Penthouse in Pune,"Pune, MH",Penthouse,2422,6,2,2014,"Pool,WiFi,Gym,Parking,Security",2196336
Premium Townhouse in Ahmedabad,"Ahmedabad, GJ",Townhouse,4608,1,1,1987,Pool,1480004
Premium Townhouse in Chennai,"Chennai, TN",Townhouse,3325,4,4,2001,Parking,1298514
Premium Condo in Ahmedabad,"Ahmedabad, GJ",Condo,2391,4,1,1987,WiFi,911507
Premium Townhouse in Bangalore,"Bangalore, KA",Townhouse,4715,1,1,2023,"WiFi,Pool",2367014
Premium Penthouse in Chennai,"Chennai, TN",Penthouse,4571,3,2,2007,"Pool,Gym,Garden,Parking,Security",3096259
Premium Townhouse in Pune,"Pune, MH",Townhouse,926,4,3,1993,"Parking,WiFi,Security,Pool",578059
Premium Condo in Bangalore,"Bangalore, KA",Condo,3407,1,3,2016,"WiFi,Pool,Security",1830654
Premium Apartment in Hyderabad,"Hyderabad, TS",Apartment,3157,6,3,2015,"Security,WiFi,Garden",1352835
Premium Penthouse in Ahmedabad,"Ahmedabad, GJ",Penthouse,3534,5,1,2009,"WiFi,Garden,Parking,Security",2703208
Premium Villa in Ahmedabad,"Ahmedabad, GJ",Villa,1933,3,2,2015,WiFi,1123556
Premium Penthouse in Ahmedabad,"Ahmedabad, GJ",Penthouse,3473,3,3,2007,"Pool,Parking,WiFi,Gym,Security",2507133
Premium Apartment in Mumbai,"Mumbai, MH",Apartment,1659,3,4,1997,"Garden,Gym",1352124
Premium Townhouse in Pune,"Pune, MH",Townhouse,1653,2,1,2004,"Security,Gym",592140
Premium Penthouse in Chennai,"Chennai, TN",Penthouse,2703,5,1,2008,"Pool,Security,WiFi",2266725
Premium Villa in Chennai,"Chennai, TN",Villa,4388,6,3,1997,"Pool,Parking,Security,WiFi",2547584
Premium Villa in Delhi,"Delhi, DL",Villa,3071,4,3,1996,WiFi,2944744
Premium Townhouse in Delhi,"Delhi, DL",Townhouse,2995,1,4,2006,"Parking,Pool",1694524
Premium Villa in Delhi,"Delhi, DL",Villa,4405,4,4,2005,Garden,4236215
Premium Townhouse in Delhi,"Delhi, DL",Townhouse,1185,5,1,1990,"Security,Gym,Garden,WiFi",1022814
Premium Villa in Mumbai,"Mumbai, MH",Villa,4524,3,1,1981,"Gym,WiFi",4724241
Premium Townhouse in Mumbai,"Mumbai, MH",Townhouse,1846,6,3,2012,"Pool,Security,Parking",1862126
Premium Apartment in Pune,"Pune, MH",Apartment,3359,1,4,2018,Gym,1177901
Premium Villa in Delhi,"Delhi, DL",Villa,1893,6,3,1990,"Pool,WiFi",2575303
Premium Villa in Mumbai,"Mumbai, MH",Villa,827,1,2,1982,Security,964551
Premium Penthouse in Ahmedabad,"Ahmedabad, GJ",Penthouse,3233,5,1,2021,"Gym,Garden,Pool,Parking",2428353
Premium Apartment in Delhi,"Delhi, DL",Apartment,3454,3,3,2019,Pool,2402284
Premium Townhouse in Ahmedabad,"Ahmedabad, GJ",Townhouse,1872,1,3,2022,"Pool,Security,WiFi",683883
Premium Apartment in Kolkata,"Kolkata, WB",Apartment,2999,1,2,2001,"Gym,Security",1035122
Premium Condo in Chennai,"Chennai, TN",Condo,4595,3,3,2021,"Gym,Garden,WiFi",1741556
Premium Apartment in Delhi,"Delhi, DL",Apartment,3962,5,1,1985,Security,2791470
Premium Apartment in Kolkata,"Kolkata, WB",Apartment,1660,5,3,1981,"Parking,Security",821809
Premium Condo in Bangalore,"Bangalore, KA",Condo,4044,3,1,2008,"Parking,Gym",2148017
Premium Apartment in Pune,"Pune, MH",Apartment,3781,3,1,2018,"WiFi,Gym,Pool,Security,Garden",1209353
Premium Apartment in Chennai,"Chennai, TN",Apartment,1168,2,4,2005,"Gym,Security,WiFi,Pool,Garden",497954
Premium Penthouse in Bangalore,"Bangalore, KA",Penthouse,4713,2,1,2011,"Pool,Security,Parking",4333108
Premium Penthouse in Hyderabad,"Hyderabad, TS",Penthouse,1313,4,1,1989,"Security,Gym,WiFi",1273700
Premium Condo in Delhi,"Delhi, DL",Condo,2518,4,1,2012,Gym,1794447
Premium Apartment in Delhi,"Delhi, DL",Apartment,3844,6,3,2011,"Gym,Parking",2867916
Premium Villa in Delhi,"Delhi, DL",Villa,1172,3,2,1981,"Garden,Pool,WiFi,Security",1421389
Premium Apartment in Delhi,"Delhi, DL",Apartment,1366,1,4,2000,"Pool,Parking,WiFi,Gym,Garden",953049
Premium Villa in Ahmedabad,"Ahmedabad, GJ",Villa,4861,1,1,1989,"Parking,WiFi,Garden,Security,Pool",2194279
Premium Villa in Hyderabad,"Hyderabad, TS",Villa,534,6,2,1999,"Parking,Gym,Security,Garden",821214
Premium Condo in Delhi,"Delhi, DL",Condo,3094,3,3,2013,"Gym,WiFi,Pool",2250858
Premium Villa in Pune,"Pune, MH",Villa,3533,5,2,2005,"Security,Parking,Gym,Pool",1920282
Premium Condo in Hyderabad,"Hyderabad, TS",Condo,3773,2,3,1988,"Gym,Security,Garden,WiFi,Parking",1265284
Premium Villa in Chennai,"Chennai, TN",Villa,3270,3,2,1998,"Parking,Garden,Gym,Security",1718875
Premium Apartment in Pune,"Pune, MH",Apartment,4480,1,3,2019,"Parking,Gym,Security",1340706
Premium Penthouse in Kolkata,"Kolkata, WB",Penthouse,3771,6,4,1998,"Garden,WiFi,Pool,Security",2949949
Premium Townhouse in Pune,"Pune, MH",Townhouse,2767,1,2,2000,"Gym,WiFi,Security,Parking,Pool",933548
Premium Apartment in Delhi,"Delhi, DL",Apartment,3463,5,1,1987,"Gym,Pool,WiFi,Security,Garden",2504964
Premium Villa in Bangalore,"Bangalore, KA",Villa,4156,3,2,1989,"Parking,WiFi,Security,Garden",3107785
Premium Condo in Delhi,"Delhi, DL",Condo,4137,3,3,2003,Parking,2494660
Premium Townhouse in Ahmedabad,"Ahmedabad, GJ",Townhouse,3476,3,2,2004,"Parking,Security,Garden,WiFi,Pool",1234816
Premium Condo in Ahmedabad,"Ahmedabad, GJ",Condo,4322,2,1,2019,"Gym,Pool,WiFi,Parking",1526324
Premium Condo in Delhi,"Delhi, DL",Condo,2065,3,1,1991,"Garden,WiFi,Security",1297866
Premium Apartment in Kolkata,"Kolkata, WB",Apartment,1421,6,4,2017,"WiFi,Security,Gym",831622
Premium Apartment in Ahmedabad,"Ahmedabad, GJ",Apartment,3482,2,4,2003,"Pool,Gym,WiFi,Garden,Security",1248889
Premium Penthouse in Kolkata,"Kolkata, WB",Penthouse,2760,1,2,2021,"WiFi,Gym,Security,Garden",1725199
Premium Villa in Mumbai,"Mumbai, MH",Villa,3024,1,3,2016,"Garden,Parking",3176801
Premium Townhouse in Delhi,"Delhi, DL",Townhouse,1423,4,3,2024,"Gym,Security",1186833
Premium Apartment in Hyderabad,"Hyderabad, TS",Apartment,1990,3,3,1995,"Gym,Garden,WiFi,Parking,Pool",726454
Premium Penthouse in Mumbai,"Mumbai, MH",Penthouse,2561,2,3,2012,"Parking,WiFi,Garden,Pool",3727750
Premium Townhouse in Chennai,"Chennai, TN",Townhouse,2531,3,1,2019,Security,1011612
Premium Townhouse in Mumbai,"Mumbai, MH",Townhouse,4362,4,1,1999,"Garden,Gym",2957083
Premium Villa in Ahmedabad,"Ahmedabad, GJ",Villa,603,1,2,2012,"WiFi,Parking",438121
Premium Villa in Kolkata,"Kolkata, WB",Villa,4971,1,2,1988,WiFi,2214864
Premium Townhouse in Ahmedabad,"Ahmedabad, GJ",Townhouse,917,4,1,1990,"Parking,Garden,Security,WiFi",487802
Premium Townhouse in Mumbai,"Mumbai, MH",Townhouse,3264,1,4,1996,"Pool,Security,Gym,Parking,Garden",2262531
Premium Townhouse in Hyderabad,"Hyderabad, TS",Townhouse,2325,4,3,2007,"Gym,Garden,WiFi,Parking,Pool",992263
Premium Villa in Chennai,"Chennai, TN",Villa,3105,2,1,2004,Security,1624806
Premium Condo in Ahmedabad,"Ahmedabad, GJ",Condo,2711,3,3,1985,Pool,1005350
Premium Villa in Ahmedabad,"Ahmedabad, GJ",Villa,3451,3,3,2018,"Security,Pool",1883852
Premium Condo in Bangalore,"Bangalore, KA",Condo,786,6,4,1987,Pool,840219
Premium Villa in Chennai,"Chennai, TN",Villa,1691,5,2,2011,"Security,Gym,Parking,WiFi",1133318
Premium Townhouse in Ahmedabad,"Ahmedabad, GJ",Townhouse,4384,3,3,2009,"Garden,Security,Parking,WiFi,Gym",1404196
Premium Apartment in Chennai,"Chennai, TN",Apartment,4239,3,2,1993,"Security,Parking,Gym,Garden,WiFi",1352825
Premium Townhouse in Hyderabad,"Hyderabad, TS",Townhouse,3348,6,2,2006,"WiFi,Security,Gym,Pool,Garden",1258040
Premium Townhouse in Pune,"Pune, MH",Townhouse,3031,3,4,2007,"WiFi,Parking,Pool,Garden",1113983
Premium Penthouse in Ahmedabad,"Ahmedabad, GJ",Penthouse,4720,6,1,2012,"Gym,Security,Garden,Parking,WiFi",3415018
Premium Townhouse in Hyderabad,"Hyderabad, TS",Townhouse,785,5,4,1984,"WiFi,Pool,Parking,Garden",613485
Premium Townhouse in Kolkata,"Kolkata, WB",Townhouse,4464,5,1,1993,Parking,1704806
Premium Townhouse in Bangalore,"Bangalore, KA",Townhouse,711,3,1,1997,"Gym,Parking,WiFi,Security,Pool",559574
Premium Penthouse in Chennai,"Chennai, TN",Penthouse,4121,2,1,2016,"WiFi,Security",2463732
Premium Villa in Chennai,"Chennai, TN",Villa,2383,5,3,2007,"Security,Gym,WiFi",1544177
Premium Penthouse in Pune,"Pune, MH",Penthouse,4041,1,4,1991,"Parking,Gym,Garden,Pool,Security",2628027
Premium Apartment in Delhi,"Delhi, DL",Apartment,4312,6,4,2009,"WiFi,Parking",3072267
Premium Penthouse in Chennai,"Chennai, TN",Penthouse,931,1,4,2000,"Security,Garden,Gym",846998
Premium Villa in Chennai,"Chennai, TN",Villa,986,3,2,2004,"Security,Pool",715354
Premium Villa in Chennai,"Chennai, TN",Villa,3630,6,2,1992,"Garden,Gym,Pool",2055775
Premium Penthouse in Kolkata,"Kolkata, WB",Penthouse,1332,2,4,2010,Security,1064183
Premium Penthouse in Mumbai,"Mumbai, MH",Penthouse,4497,6,3,1997,"Parking,Gym",7050420
Premium Condo in Bangalore,"Bangalore, KA",Condo,2215,6,3,1988,"Pool,WiFi,Garden",1573195
Premium Townhouse in Hyderabad,"Hyderabad, TS",Townhouse,2164,6,2,2010,"Parking,Garden,Security,Gym,WiFi",963587
Premium Villa in Bangalore,"Bangalore, KA",Villa,1173,1,2,1990,"Parking,Pool,WiFi",959228
Premium Villa in Mumbai,"Mumbai, MH",Villa,4729,3,2,1997,"Security,Gym,WiFi,Pool,Garden",5052162
Premium Villa in Delhi,"Delhi, DL",Villa,582,6,3,1995,"Parking,Garden",1400486
Premium Condo in Kolkata,"Kolkata, WB",Condo,2604,3,3,1991,"Gym,WiFi,Security",944098
Premium Villa in Pune,"Pune, MH",Villa,815,2,3,2024,"Pool,WiFi,Parking",547845
Premium Condo in Ahmedabad,"Ahmedabad, GJ",Condo,3746,6,2,2007,"Pool,WiFi,Security,Garden",1413305
Premium Townhouse in Hyderabad,"Hyderabad, TS",Townhouse,3703,2,1,2000,"Security,Garden,WiFi,Pool,Gym",1181946
Premium Villa in Bangalore,"Bangalore, KA",Villa,3585,4,4,2006,"Parking,Security,Gym",2986993
Premium Condo in Ahmedabad,"Ahmedabad, GJ",Condo,2683,6,1,2001,"Security,Gym,Parking",1235985
Premium Penthouse in Ahmedabad,"Ahmedabad, GJ",Penthouse,4965,3,1,1980,Security,3458993
Premium Condo in Pune,"Pune, MH",Condo,1046,3,4,1985,"Garden,WiFi,Security",549086
Premium Penthouse in Ahmedabad,"Ahmedabad, GJ",Penthouse,4546,4,3,1991,"Gym,Parking,Security",3541123
Premium Penthouse in Bangalore,"Bangalore, KA",Penthouse,2231,4,2,2005,"Garden,WiFi,Parking,Gym,Pool",2566090
Premium Penthouse in Hyderabad,"Hyderabad, TS",Penthouse,500,6,4,2019,"Garden,Pool,Security,Gym",1140655
Premium Villa in Delhi,"Delhi, DL",Villa,4054,4,2,2011,"Gym,Security,Pool,Parking",4018967
Premium Penthouse in Bangalore,"Bangalore, KA",Penthouse,3216,5,4,2022,Gym,3534204
Premium Townhouse in Delhi,"Delhi, DL",Townhouse,2342,4,4,2018,"Gym,Pool,Parking",1608367
Premium Townhouse in Kolkata,"Kolkata, WB",Townhouse,2268,3,4,1998,"Garden,Security,WiFi,Parking",934595
Premium Penthouse in Delhi,"Delhi, DL",Penthouse,2048,6,1,2021,"Security,Parking,WiFi",3074220
Premium Townhouse in Chennai,"Chennai, TN",Townhouse,3549,1,3,2000,"Gym,Pool,WiFi,Garden",1217502
Premium Condo in Kolkata,"Kolkata, WB",Condo,1260,2,1,1981,"Gym,Garden",511585
Premium Penthouse in Mumbai,"Mumbai, MH",Penthouse,1536,3,1,1981,"Garden,Parking,Gym",2300879
Premium Apartment in Delhi,"Delhi, DL",Apartment,675,2,1,2007,"Parking,Pool",558343
Premium Townhouse in Ahmedabad,"Ahmedabad, GJ",Townhouse,1870,5,1,2000,"Pool,Gym,Parking",850670
Premium Villa in Delhi,"Delhi, DL",Villa,581,2,4,1994,Parking,931511
Premium Villa in Hyderabad,"Hyderabad, TS",Villa,1227,1,1,2011,"Pool,Gym,Parking,WiFi",605840
Premium Condo in Mumbai,"Mumbai, MH",Condo,1194,5,1,2000,"Security,WiFi,Parking,Pool,Gym",1165173
Premium Townhouse in Mumbai,"Mumbai, MH",Townhouse,858,6,2,2008,Garden,1217338
Premium Townhouse in Pune,"Pune, MH",Townhouse,1955,5,2,2020,"Parking,Gym,Pool,Garden",832997
Premium Condo in Ahmedabad,"Ahmedabad, GJ",Condo,1596,1,4,2017,"Pool,WiFi,Gym,Security",655109
Premium Townhouse in Delhi,"Delhi, DL",Townhouse,4261,1,1,2024,Gym,2287318
Premium Apartment in Pune,"Pune, MH",Apartment,4858,4,1,1995,WiFi,1765899
Premium Villa in Delhi,"Delhi, DL",Villa,3750,4,3,2010,WiFi,3368552
Premium Condo in Chennai,"Chennai, TN",Condo,4187,6,3,1983,"WiFi,Gym,Security",1700472
Premium Apartment in Hyderabad,"Hyderabad, TS",Apartment,1985,5,2,2012,"Garden,Pool",816736
Premium Condo in Bangalore,"Bangalore, KA",Condo,4674,6,4,2022,"Garden,Pool,Security",2700481
Premium Penthouse in Bangalore,"Bangalore, KA",Penthouse,4724,1,2,2005,"Security,Parking",4119104
Premium Townhouse in Mumbai,"Mumbai, MH",Townhouse,4324,6,2,2000,"Security,Parking,Garden,Gym,WiFi",3297488
Premium Apartment in Bangalore,"Bangalore, KA",Apartment,2842,6,4,2015,"WiFi,Gym,Garden",1979719
Premium Villa in Ahmedabad,"Ahmedabad, GJ",Villa,3184,2,2,2008,"Pool,Garden,Security",1574175
Premium Penthouse in Ahmedabad,"Ahmedabad, GJ",Penthouse,692,6,1,1994,"WiFi,Gym",1017291
Premium Apartment in Kolkata,"Kolkata, WB",Apartment,3950,4,1,1993,Pool,1267233
Premium Townhouse in Ahmedabad,"Ahmedabad, GJ",Townhouse,3203,5,4,1990,Parking,1301986
Premium Penthouse in Kolkata,"Kolkata, WB",Penthouse,2573,1,4,1997,"Garden,Pool,Security,Gym",1943624
Premium Villa in Delhi,"Delhi, DL",Villa,3221,5,4,2011,"WiFi,Parking,Security",3176377
Premium Apartment in Hyderabad,"Hyderabad, TS",Apartment,3393,4,3,2004,"Security,Parking",1399227
Premium Townhouse in Bangalore,"Bangalore, KA",Townhouse,2969,1,2,2003,"Gym,Security",1458365
Premium Condo in Hyderabad,"Hyderabad, TS",Condo,2506,4,4,1989,"Parking,Security,WiFi",1029996
Premium Condo in Bangalore,"Bangalore, KA",Condo,3199,3,3,1994,Parking,1758349
Premium Penthouse in Pune,"Pune, MH",Penthouse,3526,1,1,2016,"WiFi,Parking,Gym,Security",2473093
Premium Villa in Kolkata,"Kolkata, WB",Villa,4983,4,3,1994,"Gym,Garden,Pool",2380173
Premium Villa in Delhi,"Delhi, DL",Villa,842,6,4,1993,"Security,Gym,Garden,Pool,Parking",1616206
Premium Apartment in Delhi,"Delhi, DL",Apartment,3380,2,4,1982,"Security,Pool,Gym",2094399
Premium Townhouse in Pune,"Pune, MH",Townhouse,2950,2,1,2004,"Parking,Garden,WiFi,Pool",1047628
Premium Villa in Mumbai,"Mumbai, MH",Villa,2886,4,3,1996,"Parking,Garden,WiFi,Gym,Pool",3210664
Premium Condo in Chennai,"Chennai, TN",Condo,3417,1,2,2015,"Parking,Garden,WiFi,Security",1215375
Premium Villa in Mumbai,"Mumbai, MH",Villa,4610,5,3,2016,"WiFi,Garden,Pool",5130051
Premium Apartment in Delhi,"Delhi, DL",Apartment,3242,1,4,2023,"Parking,Pool,Gym",2054947
Premium Villa in Delhi,"Delhi, DL",Villa,1765,3,2,2014,Pool,2040057
Premium Apartment in Bangalore,"Bangalore, KA",Apartment,1727,5,2,1984,"Security,Pool,Garden,Parking",1302272
Premium Condo in Chennai,"Chennai, TN",Condo,3193,5,4,1981,Parking,1360736
Premium Townhouse in Mumbai,"Mumbai, MH",Townhouse,4243,4,1,1998,"Garden,WiFi,Parking",3179689
Premium Villa in Pune,"Pune, MH",Villa,4389,2,4,2019,"Pool,Gym,Parking,Garden",2164557
Premium Townhouse in Bangalore,"Bangalore, KA",Townhouse,3278,4,2,1984,"Garden,Parking",1951712
Premium Townhouse in Ahmedabad,"Ahmedabad, GJ",Townhouse,750,2,2,1999,Security,354647
Premium Villa in Delhi,"Delhi, DL",Villa,3830,5,3,1993,"Pool,Gym,Parking",3894063
Premium Penthouse in Chennai,"Chennai, TN",Penthouse,2518,3,2,1999,"Garden,Pool,WiFi",1786371
Premium Penthouse in Pune,"Pune, MH",Penthouse,741,2,1,2002,"Pool,Parking,WiFi",630323
Premium Condo in Bangalore,"Bangalore, KA",Condo,3155,1,2,2005,"Pool,Garden",1545841
Premium Penthouse in Hyderabad,"Hyderabad, TS",Penthouse,4070,4,2,1994,"Parking,Security",2843869
Premium Villa in Delhi,"Delhi, DL",Villa,3937,3,2,1988,"Security,WiFi",3783434
Premium Villa in Hyderabad,"Hyderabad, TS",Villa,2476,4,3,1987,"Pool,Parking,Garden,Gym",1368699
Premium Penthouse in Hyderabad,"Hyderabad, TS",Penthouse,2563,5,1,2009,Security,2211814
Premium Penthouse in Mumbai,"Mumbai, MH",Penthouse,4156,5,2,1998,"Security,Garden,WiFi",6664182
Premium Apartment in Ahmedabad,"Ahmedabad, GJ",Apartment,4243,1,4,1983,"Pool,Garden",1346975
Premium Penthouse in Mumbai,"Mumbai, MH",Penthouse,3981,3,3,2023,"Pool,Security,WiFi,Garden,Gym",5270433
Premium Apartment in Kolkata,"Kolkata, WB",Apartment,3219,1,3,2012,"Security,Parking,Pool,Garden",993778
Premium Condo in Pune,"Pune, MH",Condo,2305,4,1,2006,"Garden,Gym,WiFi,Parking",977306
Premium Townhouse in Mumbai,"Mumbai, MH",Townhouse,3503,5,3,2018,"Parking,WiFi,Garden",2541735
Premium Penthouse in Chennai,"Chennai, TN",Penthouse,888,1,2,1984,Garden,726446
Premium Apartment in Delhi,"Delhi, DL",Apartment,4171,5,2,2014,Gym,2684444
Premium Penthouse in Pune,"Pune, MH",Penthouse,1942,4,2,2020,"Security,Pool,WiFi,Gym",1558263
Premium Condo in Bangalore,"Bangalore, KA",Condo,4927,4,3,1980,"Garden,Gym",2794659
Premium Apartment in Delhi,"Delhi, DL",Apartment,1373,5,3,1994,"Parking,Garden",1222155
Premium Townhouse in Kolkata,"Kolkata, WB",Townhouse,2881,5,2,1989,"Parking,Garden,Pool",1184737
Premium Townhouse in Hyderabad,"Hyderabad, TS",Townhouse,1739,4,3,2000,"Parking,Security,WiFi,Garden",762559
Premium Apartment in Chennai,"Chennai, TN",Apartment,681,6,3,1984,"WiFi,Pool",509680
Premium Condo in Pune,"Pune, MH",Condo,1895,1,4,2014,"Garden,Security,WiFi,Pool",690868
Premium Apartment in Kolkata,"Kolkata, WB",Apartment,4772,4,3,2017,"Parking,WiFi,Pool",1752648
Premium Condo in Delhi,"Delhi, DL",Condo,3855,6,4,1997,"Parking,Security,Garden,WiFi",2798727
Premium Penthouse in Chennai,"Chennai, TN",Penthouse,2944,1,1,2011,"Security,Parking,Gym",1899390
Premium Townhouse in Delhi,"Delhi, DL",Townhouse,1875,2,3,2023,"Parking,WiFi,Pool,Gym,Garden",1224834
Premium Apartment in Delhi,"Delhi, DL",Apartment,967,5,2,2009,"Pool,Parking",974766
Premium Condo in Mumbai,"Mumbai, MH",Condo,4660,3,1,2021,"Garden,Pool,Gym,Security,WiFi",2915059
Premium Townhouse in Hyderabad,"Hyderabad, TS",Townhouse,3121,4,3,1987,"Gym,Parking,Garden,Security,Pool",1138101
Premium Townhouse in Chennai,"Chennai, TN",Townhouse,2985,5,3,2001,"Gym,Garden,Security,Pool",1271221
Premium Townhouse in Mumbai,"Mumbai, MH",Townhouse,1169,3,4,1999,Garden,1162070
Premium Penthouse in Kolkata,"Kolkata, WB",Penthouse,2301,6,2,1997,"Pool,Parking,Gym,WiFi,Garden",2176840
Premium Condo in Chennai,"Chennai, TN",Condo,914,5,3,2020,Security,550433
Premium Townhouse in Chennai,"Chennai, TN",Townhouse,4276,3,2,2024,"Security,Pool,Parking,WiFi,Garden",1553279
Premium Townhouse in Ahmedabad,"Ahmedabad, GJ",Townhouse,1916,5,4,1980,"Parking,Security,Gym",922148
Premium Condo in Hyderabad,"Hyderabad, TS",Condo,3709,6,1,2005,"WiFi,Parking,Pool,Garden,Gym",1497842
Premium Condo in Pune,"Pune, MH",Condo,712,3,4,1994,"Gym,Pool,Garden",473788
Premium Apartment in Mumbai,"Mumbai, MH",Apartment,1072,3,1,1986,"Garden,Pool,WiFi",931197
Premium Penthouse in Pune,"Pune, MH",Penthouse,4383,2,3,2004,"WiFi,Security,Pool,Parking,Gym",3183238
Premium Townhouse in Pune,"Pune, MH",Townhouse,1773,3,3,1990,Security,696059
Premium Villa in Chennai,"Chennai, TN",Villa,2878,1,4,1999,"Gym,WiFi",1346115
Premium Apartment in Chennai,"Chennai, TN",Apartment,1338,3,4,1980,"Security,Pool,Gym",649315
Premium Penthouse in Pune,"Pune, MH",Penthouse,1081,2,1,2005,"Security,Parking,Pool,WiFi,Garden",937511
Premium Apartment in Bangalore,"Bangalore, KA",Apartment,3691,4,1,1995,"Security,WiFi",2057130
Premium Villa in Kolkata,"Kolkata, WB",Villa,2458,1,2,2020,"Security,Parking,WiFi",1197318
Premium Villa in Ahmedabad,"Ahmedabad, GJ",Villa,3105,5,4,1996,"Gym,WiFi",2065402
Premium Villa in Pune,"Pune, MH",Villa,2310,5,4,2019,"Parking,WiFi,Security,Pool",1456215
Premium Townhouse in Hyderabad,"Hyderabad, TS",Townhouse,2362,5,1,1984,"Security,Garden",1044136
Premium Apartment in Mumbai,"Mumbai, MH",Apartment,4725,3,4,1981,"Garden,Parking,Security,Pool,WiFi",3489537
Premium Penthouse in Mumbai,"Mumbai, MH",Penthouse,2364,5,2,1999,"Parking,Security",3893856
Premium Apartment in Chennai,"Chennai, TN",Apartment,1575,6,4,2010,"Security,Gym,Pool,Garden",773286
Premium Apartment in Mumbai,"Mumbai, MH",Apartment,3928,2,1,1989,Pool,2584761
Premium Condo in Pune,"Pune, MH",Condo,4208,4,4,2008,Parking,1460400
Premium Condo in Mumbai,"Mumbai, MH",Condo,705,3,3,1984,"Garden,Parking,Security,Gym",922419
Premium Condo in Ahmedabad,"Ahmedabad, GJ",Condo,2143,4,4,1988,"Parking,Security",934577
Premium Villa in Kolkata,"Kolkata, WB",Villa,3849,6,3,2004,"Gym,Parking",2106232
Premium Condo in Delhi,"Delhi, DL",Condo,4930,4,3,2021,"WiFi,Pool,Gym",2990865
Premium Condo in Hyderabad,"Hyderabad, TS",Condo,1099,1,4,2014,"WiFi,Pool,Security,Parking,Gym",504270
Premium Townhouse in Chennai,"Chennai, TN",Townhouse,3985,4,2,2002,"Gym,Garden,Parking,Pool,Security",1506115
Premium Condo in Bangalore,"Bangalore, KA",Condo,4659,3,4,2005,Gym,2245753
Premium Villa in Pune,"Pune, MH",Villa,2484,5,4,2011,"Garden,Pool,Parking,WiFi",1517182
Premium Townhouse in Kolkata,"Kolkata, WB",Townhouse,3313,3,2,1996,"Gym,Garden,Security,Parking,WiFi",1239676
Premium Condo in Pune,"Pune, MH",Condo,797,1,1,2019,"Gym,Security,Parking,WiFi,Pool",296424
Premium Penthouse in Ahmedabad,"Ahmedabad, GJ",Penthouse,4297,2,2,1997,"Gym,Pool,Security,WiFi,Garden",2955348
Premium Penthouse in Bangalore,"Bangalore, KA",Penthouse,2015,1,3,2011,"WiFi,Gym,Security,Garden,Parking",2007773
Premium Penthouse in Kolkata,"Kolkata, WB",Penthouse,923,6,4,2024,"Parking,WiFi,Garden,Pool",1350925
Premium Villa in Ahmedabad,"Ahmedabad, GJ",Villa,1406,5,2,1993,"Parking,Pool,WiFi",1052115
Premium Apartment in Delhi,"Delhi, DL",Apartment,2800,4,4,2015,"Security,Gym,Parking,Garden",1950505
Premium Apartment in Kolkata,"Kolkata, WB",Apartment,2952,1,4,2003,"Garden,WiFi,Security,Gym",979816
Premium Townhouse in Kolkata,"Kolkata, WB",Townhouse,3629,4,3,1994,"WiFi,Security,Garden,Pool,Gym",1375285
Premium Penthouse in Ahmedabad,"Ahmedabad, GJ",Penthouse,4401,2,4,2004,Pool,2840666
Premium Apartment in Hyderabad,"Hyderabad, TS",Apartment,586,6,4,1983,"Parking,Gym,Pool,Security,Garden",516415
Premium Penthouse in Bangalore,"Bangalore, KA",Penthouse,4669,4,2,1993,WiFi,5376255
Premium Townhouse in Chennai,"Chennai, TN",Townhouse,4789,6,3,2014,"Gym,Parking,Garden,Pool",1899808
Premium Villa in Bangalore,"Bangalore, KA",Villa,1602,3,2,1995,"Gym,Pool,Parking",1373185
Premium Penthouse in Kolkata,"Kolkata, WB",Penthouse,804,3,4,1988,"Parking,Security,WiFi",916395
Premium Condo in Chennai,"Chennai, TN",Condo,2522,5,2,2018,"Security,WiFi,Gym,Pool",1003254
Premium Villa in Ahmedabad,"Ahmedabad, GJ",Villa,4907,3,1,2001,"Parking,Gym,Pool",2668431
Premium Townhouse in Chennai,"Chennai, TN",Townhouse,3176,4,2,2003,"WiFi,Security,Parking,Garden,Gym",1258696
Premium Penthouse in Hyderabad,"Hyderabad, TS",Penthouse,1163,5,2,1984,"Security,Pool,Parking,Gym,WiFi",1322028
Premium Townhouse in Pune,"Pune, MH",Townhouse,3518,5,4,2017,Security,1261822
Premium Villa in Mumbai,"Mumbai, MH",Villa,892,6,2,1981,"Gym,Security,Pool,WiFi,Garden",1872623
Premium Townhouse in Delhi,"Delhi, DL",Townhouse,899,6,4,2007,Security,1176620
Premium Condo in Hyderabad,"Hyderabad, TS",Condo,1616,1,4,1994,"Garden,Parking,Pool,Security",646697
Premium Condo in Chennai,"Chennai, TN",Condo,2719,3,2,2005,Security,995343
Premium Penthouse in Pune,"Pune, MH",Penthouse,1846,5,1,1995,"Gym,Pool,Security",1701767
Premium Condo in Mumbai,"Mumbai, MH",Condo,3716,5,3,1996,"Pool,Parking,WiFi,Garden,Gym",2992468
Premium Apartment in Ahmedabad,"Ahmedabad, GJ",Apartment,2567,1,4,1990,Pool,936220
Premium Apartment in Chennai,"Chennai, TN",Apartment,1589,5,3,2016,"Parking,WiFi,Gym",780853
Premium Villa in Kolkata,"Kolkata, WB",Villa,1855,3,4,1998,"WiFi,Parking,Garden",1271112
Premium Villa in Chennai,"Chennai, TN",Villa,2541,5,3,2015,WiFi,1587436
Premium Townhouse in Bangalore,"Bangalore, KA",Townhouse,2766,6,1,1996,"Parking,Garden,WiFi,Gym",1874841
Premium Townhouse in Kolkata,"Kolkata, WB",Townhouse,3092,6,4,2015,"Parking,Security,Pool,WiFi",1185235
Premium Apartment in Bangalore,"Bangalore, KA",Apartment,3512,5,4,2019,"Garden,Security,Gym",2163431
Premium Apartment in Bangalore,"Bangalore, KA",Apartment,2134,3,2,1990,Parking,1285194
Premium Townhouse in Delhi,"Delhi, DL",Townhouse,1294,2,2,2001,"Gym,Garden,Pool",871361
Premium Townhouse in Pune,"Pune, MH",Townhouse,1708,3,2,1995,"Parking,Gym",751122
Premium Condo in Ahmedabad,"Ahmedabad, GJ",Condo,3239,3,4,2024,Security,1117458
Premium Villa in Mumbai,"Mumbai, MH",Villa,534,1,1,2015,"Pool,Security,Garden,Gym,Parking",634704
Premium Townhouse in Pune,"Pune, MH",Townhouse,3810,4,2,2004,"Gym,Garden",1264228
Premium Condo in Delhi,"Delhi, DL",Condo,3585,5,1,2023,"Gym,Security,Pool,WiFi,Parking",2537691
Premium Condo in Delhi,"Delhi, DL",Condo,4165,5,3,2020,"WiFi,Pool,Security,Parking,Gym",3050644
Premium Townhouse in Mumbai,"Mumbai, MH",Townhouse,3334,1,3,1996,"Garden,Gym",2344709
Premium Penthouse in Chennai,"Chennai, TN",Penthouse,4383,3,1,2010,Pool,3049705
Premium Apartment in Ahmedabad,"Ahmedabad, GJ",Apartment,4244,3,2,2000,"Garden,Gym,WiFi,Pool",1501794
Premium Townhouse in Ahmedabad,"Ahmedabad, GJ",Townhouse,4634,4,3,1987,"WiFi,Garden",1622303
Premium Penthouse in Ahmedabad,"Ahmedabad, GJ",Penthouse,2434,4,3,2008,"Security,Parking,Gym,Garden,Pool",2062048
Premium Penthouse in Ahmedabad,"Ahmedabad, GJ",Penthouse,569,5,4,2019,"Security,WiFi",926707
Premium Townhouse in Pune,"Pune, MH",Townhouse,3556,3,2,2015,"Pool,WiFi,Garden,Security,Parking",1336358
Premium Townhouse in Chennai,"Chennai, TN",Townhouse,4528,6,3,2007,"Pool,Parking,Gym",1573986
Premium Penthouse in Chennai,"Chennai, TN",Penthouse,2905,6,4,1995,"Security,Garden",2473913
Premium Apartment in Chennai,"Chennai, TN",Apartment,2222,2,3,1994,"Parking,Pool",815514
Premium Apartment in Bangalore,"Bangalore, KA",Apartment,4702,4,2,2016,"Security,Gym,Pool,Garden",2260512
Premium Condo in Bangalore,"Bangalore, KA",Condo,3858,6,3,2019,"Garden,Security,Parking,Pool,WiFi",2486160
Premium Condo in Ahmedabad,"Ahmedabad, GJ",Condo,2255,3,1,1996,"Garden,WiFi,Pool,Parking",897352
Premium Penthouse in Bangalore,"Bangalore, KA",Penthouse,2092,1,4,1983,"Garden,Security,Gym",2156572
Premium Townhouse in Delhi,"Delhi, DL",Townhouse,2603,2,4,1982,"Pool,Garden",1670621
Premium Condo in Chennai,"Chennai, TN",Condo,4019,3,4,2007,"WiFi,Parking,Garden",1480682
Premium Penthouse in Kolkata,"Kolkata, WB",Penthouse,685,1,1,1986,"Pool,Garden,Parking,WiFi",601717
Premium Townhouse in Bangalore,"Bangalore, KA",Townhouse,3433,6,1,2022,WiFi,2129650
Premium Condo in Chennai,"Chennai, TN",Condo,1226,4,2,1997,"Security,WiFi,Parking,Garden,Gym",556687
Premium Apartment in Delhi,"Delhi, DL",Apartment,1683,5,3,2007,"Garden,Gym,Parking,WiFi,Security",1530454
Premium Penthouse in Kolkata,"Kolkata, WB",Penthouse,1963,1,2,2002,"Security,Parking",1424412
Premium Townhouse in Mumbai,"Mumbai, MH",Townhouse,3386,1,1,1995,"Gym,WiFi,Parking,Security,Garden",2128214
Premium Penthouse in Bangalore,"Bangalore, KA",Penthouse,3707,2,2,1997,"Garden,Gym",3675717
Premium Condo in Chennai,"Chennai, TN",Condo,1245,6,1,2008,Security,639640
Premium Condo in Ahmedabad,"Ahmedabad, GJ",Condo,2140,5,4,1995,"Garden,Parking",922079
Premium Townhouse in Bangalore,"Bangalore, KA",Townhouse,2852,3,3,2008,Parking,1600913
Premium Apartment in Kolkata,"Kolkata, WB",Apartment,2889,2,1,2017,"Security,WiFi,Pool,Gym",1068502
Premium Condo in Hyderabad,"Hyderabad, TS",Condo,2275,3,4,1984,"Parking,Gym,Garden,WiFi",930729
Premium Penthouse in Pune,"Pune, MH",Penthouse,2239,6,1,1986,"Garden,Pool",1925320
Premium Villa in Mumbai,"Mumbai, MH",Villa,2711,3,2,2011,"Security,WiFi,Gym,Pool",3082015
Premium Townhouse in Delhi,"Delhi, DL",Townhouse,770,3,2,2018,"Gym,Garden",746921
Premium Villa in Hyderabad,"Hyderabad, TS",Villa,4935,1,1,1990,"Security,Pool",2269442
Premium Penthouse in Kolkata,"Kolkata, WB",Penthouse,1495,1,4,1981,Security,1251642
Premium Villa in Pune,"Pune, MH",Villa,1845,2,3,2007,"WiFi,Gym",1131983
Premium Apartment in Bangalore,"Bangalore, KA",Apartment,2550,1,3,2013,"Security,WiFi,Pool",1286040
Premium Apartment in Hyderabad,"Hyderabad, TS",Apartment,1976,1,3,1991,"Security,Parking,Gym,WiFi",656036
Premium Apartment in Mumbai,"Mumbai, MH",Apartment,2242,5,1,1993,"Garden,Security,WiFi",1805835
Premium Penthouse in Ahmedabad,"Ahmedabad, GJ",Penthouse,704,4,1,1994,"Pool,Security",859480
Premium Apartment in Hyderabad,"Hyderabad, TS",Apartment,3570,3,4,2015,"WiFi,Gym,Garden,Pool,Parking",1217044
Premium Townhouse in Ahmedabad,"Ahmedabad, GJ",Townhouse,1238,2,1,1985,"Gym,Security,Parking,WiFi",503952
Premium Apartment in Pune,"Pune, MH",Apartment,4089,6,3,2015,"Gym,WiFi,Parking,Security,Pool",1716859
Premium Townhouse in Pune,"Pune, MH",Townhouse,3839,5,1,2007,"Parking,WiFi,Pool,Gym,Security",1559161
Premium Villa in Mumbai,"Mumbai, MH",Villa,4343,4,1,2014,"Gym,WiFi",4615779
Premium Condo in Mumbai,"Mumbai, MH",Condo,1674,4,3,2012,Pool,1426698
Premium Townhouse in Kolkata,"Kolkata, WB",Townhouse,3000,2,2,2023,"Parking,Gym",1137710
Premium Townhouse in Ahmedabad,"Ahmedabad, GJ",Townhouse,1259,6,1,1982,"Pool,Parking,Gym",655489
Premium Villa in Pune,"Pune, MH",Villa,3529,6,1,1992,"Garden,Parking,Gym,WiFi",1941849
Premium Apartment in Bangalore,"Bangalore, KA",Apartment,2083,6,1,2010,"Pool,Gym,Security",1322972
Premium Townhouse in Mumbai,"Mumbai, MH",Townhouse,1669,2,2,2011,"WiFi,Pool,Gym,Garden",1407693
Premium Townhouse in Ahmedabad,"Ahmedabad, GJ",Townhouse,1380,3,3,2016,"Gym,Parking,Pool,Security,Garden",685818
Premium Condo in Chennai,"Chennai, TN",Condo,985,1,4,2014,"Gym,WiFi,Garden,Parking",415512
Premium Apartment in Delhi,"Delhi, DL",Apartment,4281,5,4,1995,"Parking,Pool,WiFi",2804361
Premium Condo in Bangalore,"Bangalore, KA",Condo,877,2,2,1989,"Gym,Garden,Security",557741
Premium Condo in Pune,"Pune, MH",Condo,1029,4,1,2023,"WiFi,Garden,Gym",568390
Premium Apartment in Kolkata,"Kolkata, WB",Apartment,3327,2,1,2010,"Gym,Parking,Pool,Garden,Security",1044583
Premium Villa in Delhi,"Delhi, DL",Villa,2603,2,1,1985,"Garden,Gym,Pool,WiFi,Parking",2455876
Premium Apartment in Mumbai,"Mumbai, MH",Apartment,4387,2,1,2010,"Garden,WiFi",2654874
Premium Condo in Mumbai,"Mumbai, MH",Condo,500,6,2,1990,WiFi,961601
Premium Villa in Pune,"Pune, MH",Villa,1852,4,3,2012,"Parking,WiFi,Garden,Security",1163786
Premium Apartment in Delhi,"Delhi, DL",Apartment,4830,6,3,2015,"Pool,WiFi",2958090
Premium Townhouse in Delhi,"Delhi, DL",Townhouse,2776,4,3,2021,"Gym,Security,WiFi",1793213
Premium Apartment in Hyderabad,"Hyderabad, TS",Apartment,1292,6,3,2001,"Parking,Pool,Security",756513
Premium Penthouse in Chennai,"Chennai, TN",Penthouse,1845,5,2,2016,"Gym,Parking",1813658
Premium Villa in Bangalore,"Bangalore, KA",Villa,1009,3,4,2004,"Garden,Security,Pool,Gym",1248701
Premium Apartment in Kolkata,"Kolkata, WB",Apartment,3137,2,4,2008,"WiFi,Parking",1109802
Premium Condo in Ahmedabad,"Ahmedabad, GJ",Condo,1162,3,4,1986,"Gym,Pool,Security,Parking,WiFi",625231
Premium Apartment in Chennai,"Chennai, TN",Apartment,718,5,1,2021,"Parking,Pool",506992
Premium Villa in Mumbai,"Mumbai, MH",Villa,3092,4,2,2001,"Gym,Parking,Security",3707416
Premium Apartment in Ahmedabad,"Ahmedabad, GJ",Apartment,1462,4,2,2020,Security,686589
Premium Condo in Ahmedabad,"Ahmedabad, GJ",Condo,2480,4,4,2007,"Pool,Garden,WiFi,Parking",984072
Premium Apartment in Delhi,"Delhi, DL",Apartment,942,5,4,2002,"Parking,WiFi,Pool",1041768
Premium Apartment in Kolkata,"Kolkata, WB",Apartment,1039,1,2,1982,"Security,Gym,Pool,WiFi",403507
Premium Condo in Chennai,"Chennai, TN",Condo,1620,6,1,2016,Gym,849160
Premium Penthouse in Pune,"Pune, MH",Penthouse,936,6,4,2020,"Gym,Security,Garden,Pool,WiFi",1295182
Premium Townhouse in Hyderabad,"Hyderabad, TS",Townhouse,777,4,3,2019,"Gym,Garden,WiFi,Pool,Parking",444716
Premium Condo in Kolkata,"Kolkata, WB",Condo,1017,4,2,2011,"Garden,Gym,WiFi,Parking,Pool",504617
Premium Apartment in Pune,"Pune, MH",Apartment,3578,6,1,2000,"Gym,Parking,Pool",1524716
Premium Penthouse in Kolkata,"Kolkata, WB",Penthouse,3541,6,3,1998,"WiFi,Garden,Gym,Security,Pool",3059278
Premium Condo in Hyderabad,"Hyderabad, TS",Condo,3705,3,4,2016,"Pool,Parking,Garden,Gym",1235328
Premium Apartment in Chennai,"Chennai, TN",Apartment,4140,1,4,1992,"Gym,Pool,WiFi",1282813
Premium Townhouse in Bangalore,"Bangalore, KA",Townhouse,4509,2,3,2005,"Pool,Parking,WiFi",2128458
Premium Villa in Ahmedabad,"Ahmedabad, GJ",Villa,934,1,4,1980,"Pool,Parking,Gym",645987
Premium Villa in Kolkata,"Kolkata, WB",Villa,769,3,2,1989,"Parking,Security,Gym,Pool,WiFi",630556
Premium Townhouse in Pune,"Pune, MH",Townhouse,4249,3,2,1992,"Garden,Gym,WiFi",1457722
Premium Condo in Hyderabad,"Hyderabad, TS",Condo,3137,1,3,1999,WiFi,1144876
Premium Apartment in Ahmedabad,"Ahmedabad, GJ",Apartment,3684,4,4,1980,"WiFi,Garden,Gym",1363434
Premium Condo in Hyderabad,"Hyderabad, TS",Condo,2684,1,3,2022,"Gym,Security,WiFi,Garden",847351
Premium Penthouse in Delhi,"Delhi, DL",Penthouse,727,5,1,1980,"WiFi,Garden,Gym",1876966
Premium Apartment in Hyderabad,"Hyderabad, TS",Apartment,1991,2,2,2017,"Parking,WiFi,Pool",771107
Premium Condo in Hyderabad,"Hyderabad, TS",Condo,1361,2,2,2001,"Parking,Garden,Gym,Security",527257
Premium Penthouse in Ahmedabad,"Ahmedabad, GJ",Penthouse,2885,1,3,2015,"Garden,WiFi",2099102
Premium Townhouse in Chennai,"Chennai, TN",Townhouse,2492,1,2,1997,"Gym,WiFi",819980
Premium Condo in Bangalore,"Bangalore, KA",Condo,2991,5,4,1980,"Gym,Garden",1704974
Premium Villa in Bangalore,"Bangalore, KA",Villa,4374,4,3,2009,"Security,Pool,Gym",3315319
Premium Villa in Bangalore,"Bangalore, KA",Villa,2799,3,3,1996,"Security,Garden,Gym,WiFi",2333888
Premium Villa in Pune,"Pune, MH",Villa,3667,6,1,1998,"Gym,Parking,Garden",2058772
Premium Penthouse in Pune,"Pune, MH",Penthouse,2246,4,1,2005,Gym,1853112
Premium Apartment in Delhi,"Delhi, DL",Apartment,4439,4,1,1982,"Pool,WiFi,Security,Gym,Garden",3031030
Premium Penthouse in Kolkata,"Kolkata, WB",Penthouse,2111,1,3,1993,"Garden,WiFi,Parking",1513806
Premium Apartment in Delhi,"Delhi, DL",Apartment,3517,6,4,2010,"Gym,Parking",2572069
Premium Apartment in Pune,"Pune, MH",Apartment,3800,5,4,1986,"WiFi,Gym,Garden",1387091
Premium Condo in Hyderabad,"Hyderabad, TS",Condo,3784,2,4,1984,"Gym,Garden,Pool",1216378
Premium Condo in Delhi,"Delhi, DL",Condo,2981,6,4,1985,"Garden,Gym,Parking,WiFi",2177511
Premium Apartment in Bangalore,"Bangalore, KA",Apartment,4303,4,2,2005,Security,2094698
Premium Penthouse in Delhi,"Delhi, DL",Penthouse,3757,4,2,2004,Pool,4864864
Premium Apartment in Kolkata,"Kolkata, WB",Apartment,2465,2,4,2016,"Pool,Garden,Parking",869176
Premium Villa in Kolkata,"Kolkata, WB",Villa,1820,6,4,2005,"Security,Parking,WiFi",1389784
Premium Townhouse in Kolkata,"Kolkata, WB",Townhouse,902,5,3,2014,"Gym,WiFi,Garden",590500
Premium Apartment in Chennai,"Chennai, TN",Apartment,4731,6,2,2000,"Garden,Gym,Parking,Security",1740666
Premium Townhouse in Bangalore,"Bangalore, KA",Townhouse,873,5,4,2024,"Gym,WiFi",827056
Premium Villa in Delhi,"Delhi, DL",Villa,1756,4,2,1994,"Pool,WiFi",2117038
Premium Townhouse in Pune,"Pune, MH",Townhouse,4224,4,3,2011,"Parking,WiFi,Security,Garden,Pool",1512875
Premium Apartment in Pune,"Pune, MH",Apartment,790,2,2,2023,Security,405546
Premium Penthouse in Mumbai,"Mumbai, MH",Penthouse,4238,1,3,2023,Gym,5464462
Premium Penthouse in Bangalore,"Bangalore, KA",Penthouse,2848,3,2,2014,"Pool,Garden",3346403
Premium Apartment in Hyderabad,"Hyderabad, TS",Apartment,4066,4,2,2008,WiFi,1582506
Premium Apartment in Bangalore,"Bangalore, KA",Apartment,1986,4,2,1991,Garden,1257942
Premium Apartment in Delhi,"Delhi, DL",Apartment,4967,6,3,2001,"Garden,Gym,Parking,WiFi",3219334
Premium Penthouse in Hyderabad,"Hyderabad, TS",Penthouse,3012,2,2,2005,"Security,Gym,Garden,Parking,WiFi",2259515
Premium Townhouse in Chennai,"Chennai, TN",Townhouse,2744,6,4,1988,"WiFi,Garden,Parking",1262946
Premium Apartment in Hyderabad,"Hyderabad, TS",Apartment,2348,5,4,2011,"Parking,WiFi,Pool,Garden,Gym",1059265
Premium Townhouse in Kolkata,"Kolkata, WB",Townhouse,506,3,2,2014,"Parking,WiFi,Garden,Security",359115
Premium Villa in Kolkata,"Kolkata, WB",Villa,2095,3,2,2019,"Security,Garden,Gym,Parking",1263526
Premium Penthouse in Chennai,"Chennai, TN",Penthouse,998,3,3,2022,"Security,Pool,Parking,Garden",933645
Premium Condo in Delhi,"Delhi, DL",Condo,598,2,1,2006,Gym,571956
Premium Villa in Delhi,"Delhi, DL",Villa,1183,2,4,1996,Garden,1368914
Premium Condo in Kolkata,"Kolkata, WB",Condo,783,2,4,1998,"WiFi,Pool,Security,Parking",427795
Premium Villa in Hyderabad,"Hyderabad, TS",Villa,3297,1,3,2017,"Garden,Parking,WiFi",1757289
Premium Penthouse in Bangalore,"Bangalore, KA",Penthouse,2795,1,1,1988,"Security,WiFi",2512433
Premium Apartment in Delhi,"Delhi, DL",Apartment,2107,3,1,2001,"Garden,Security,Pool,WiFi,Parking",1366570
Premium Townhouse in Hyderabad,"Hyderabad, TS",Townhouse,3847,4,3,2002,"Garden,Gym,Pool,WiFi",1378803
Premium Apartment in Ahmedabad,"Ahmedabad, GJ",Apartment,2348,6,3,2004,"Security,Pool,Garden,WiFi,Gym",960281
Premium Condo in Pune,"Pune, MH",Condo,1044,5,4,2003,"Parking,Garden",658754
Premium Penthouse in Ahmedabad,"Ahmedabad, GJ",Penthouse,2373,1,1,2010,"Garden,Security,Parking,Gym",1714770
Premium Townhouse in Delhi,"Delhi, DL",Townhouse,1528,3,2,2007,Garden,1127872
Premium Condo in Mumbai,"Mumbai, MH",Condo,1387,1,2,2011,"WiFi,Security,Garden,Parking",1008223
Premium Villa in Bangalore,"Bangalore, KA",Villa,3125,2,3,2001,"Gym,Garden,Security,WiFi",2223121
Premium Townhouse in Bangalore,"Bangalore, KA",Townhouse,4872,5,1,1997,WiFi,2435041
Premium Penthouse in Kolkata,"Kolkata, WB",Penthouse,595,5,1,1981,Garden,978596
Premium Apartment in Mumbai,"Mumbai, MH",Apartment,1698,6,2,2022,"Gym,Parking,Garden,Pool",1822949
Premium Penthouse in Ahmedabad,"Ahmedabad, GJ",Penthouse,4698,3,1,1983,"Gym,Garden,Security,WiFi,Parking",2855822
Premium Villa in Ahmedabad,"Ahmedabad, GJ",Villa,2605,6,1,1988,"Gym,Security",1791933
Premium Townhouse in Mumbai,"Mumbai, MH",Townhouse,3623,4,2,2008,"Pool,Garden",2850213
Premium Villa in Bangalore,"Bangalore, KA",Villa,1708,6,3,2013,Security,1830713
Premium Condo in Chennai,"Chennai, TN",Condo,2578,6,3,2011,Gym,1114609
Premium Condo in Mumbai,"Mumbai, MH",Condo,698,3,2,2018,"Parking,Security,Garden,Gym",822461
Premium Villa in Mumbai,"Mumbai, MH",Villa,4481,5,3,2011,"WiFi,Parking,Garden,Pool",5072175
Premium Apartment in Kolkata,"Kolkata, WB",Apartment,3882,6,1,1991,Gym,1355530
Premium Villa in Ahmedabad,"Ahmedabad, GJ",Villa,4480,1,4,1982,"Pool,Security,Gym,Parking",2083656
Premium Penthouse in Pune,"Pune, MH",Penthouse,2593,1,2,2007,"Pool,Garden,WiFi,Gym,Parking",1645517
Premium Villa in Hyderabad,"Hyderabad, TS",Villa,3622,2,4,1997,"Security,Garden,WiFi,Gym",2078125
Premium Townhouse in Chennai,"Chennai, TN",Townhouse,1485,3,4,2002,"Pool,Parking,Garden,Gym",683915
Premium Penthouse in Kolkata,"Kolkata, WB",Penthouse,3799,3,1,1995,"Gym,Garden,Security",2619300
Premium Villa in Kolkata,"Kolkata, WB",Villa,4424,2,3,2002,"Gym,Parking",2452869
Premium Villa in Ahmedabad,"Ahmedabad, GJ",Villa,715,5,2,2013,"Pool,Garden,Gym,Parking",691382
Premium Penthouse in Bangalore,"Bangalore, KA",Penthouse,3900,3,4,2011,"Security,WiFi",4260015
Premium Condo in Kolkata,"Kolkata, WB",Condo,4313,1,3,2005,"Pool,WiFi",1293321
Premium Apartment in Kolkata,"Kolkata, WB",Apartment,4313,1,2,2007,"Pool,Garden,Security,WiFi,Gym",1284623
Premium Condo in Ahmedabad,"Ahmedabad, GJ",Condo,675,3,3,1984,"WiFi,Parking,Garden,Pool",385069
Premium Townhouse in Mumbai,"Mumbai, MH",Townhouse,1198,3,2,1998,"WiFi,Garden,Gym,Security,Pool",1051459
Premium Penthouse in Ahmedabad,"Ahmedabad, GJ",Penthouse,1866,4,1,2012,"Pool,Garden,Security,WiFi,Gym",1507801
Premium Villa in Bangalore,"Bangalore, KA",Villa,4287,5,2,1999,"WiFi,Parking",3362127
Premium Townhouse in Delhi,"Delhi, DL",Townhouse,2915,6,2,2007,"Pool,WiFi,Garden",2113827
Premium Penthouse in Delhi,"Delhi, DL",Penthouse,3896,1,3,1994,"WiFi,Pool,Security,Parking",4822891
Premium Condo in Kolkata,"Kolkata, WB",Condo,4344,4,4,1983,Pool,1483002
Premium Condo in Kolkata,"Kolkata, WB",Condo,542,1,4,1996,Garden,312020
Premium Penthouse in Kolkata,"Kolkata, WB",Penthouse,3526,3,2,2008,"Pool,Security",2547822
Premium Penthouse in Delhi,"Delhi, DL",Penthouse,4460,1,1,1985,"Garden,Gym,Security,Pool,WiFi",4870716
Premium Villa in Hyderabad,"Hyderabad, TS",Villa,1942,4,2,2013,Gym,1315873
Premium Townhouse in Chennai,"Chennai, TN",Townhouse,4114,1,2,2000,Parking,1394985
Premium Condo in Mumbai,"Mumbai, MH",Condo,2568,4,4,2021,"Security,Parking",2079439
Premium Apartment in Bangalore,"Bangalore, KA",Apartment,4375,6,2,1997,"Pool,Security,Parking,WiFi",2376797
Premium Apartment in Pune,"Pune, MH",Apartment,1534,2,2,1981,"Pool,WiFi,Security,Parking,Garden",562002
Premium Penthouse in Hyderabad,"Hyderabad, TS",Penthouse,2731,6,1,2006,"Pool,Garden,Security,WiFi,Gym",2433296
Premium Apartment in Hyderabad,"Hyderabad, TS",Apartment,2966,4,2,2004,"Gym,WiFi,Parking,Pool",1075039
Premium Penthouse in Delhi,"Delhi, DL",Penthouse,2224,3,4,1991,"Parking,Security,WiFi,Pool,Gym",3321461
Premium Penthouse in Chennai,"Chennai, TN",Penthouse,3817,5,2,2018,"Garden,WiFi",3077713
Premium Condo in Hyderabad,"Hyderabad, TS",Condo,3906,4,2,1996,"Security,Parking",1515028
Premium Penthouse in Kolkata,"Kolkata, WB",Penthouse,4193,6,1,2007,"Pool,Security,Gym",2929545
Premium Condo in Ahmedabad,"Ahmedabad, GJ",Condo,3356,4,1,1980,"Pool,Security,Gym,Parking,Garden",1127203
Premium Penthouse in Mumbai,"Mumbai, MH",Penthouse,1315,6,2,1985,"WiFi,Garden,Parking,Pool",2712164
Premium Condo in Delhi,"Delhi, DL",Condo,4563,6,1,1988,"Security,Parking,Gym",3297365
Premium Townhouse in Delhi,"Delhi, DL",Townhouse,4460,6,4,1980,"WiFi,Pool,Parking,Gym,Garden",3367169
Premium Penthouse in Chennai,"Chennai, TN",Penthouse,801,4,3,2011,"Security,Garden,WiFi,Pool,Gym",1074004
Premium Penthouse in Chennai,"Chennai, TN",Penthouse,2409,4,4,1984,"Garden,Security",1998166
Premium Apartment in Ahmedabad,"Ahmedabad, GJ",Apartment,984,2,4,1997,"Security,Pool",468078
Premium Condo in Kolkata,"Kolkata, WB",Condo,1036,6,3,2012,"Gym,Garden,Parking,Security,WiFi",630856
Premium Villa in Chennai,"Chennai, TN",Villa,3116,6,3,2022,"Garden,Gym",2066589
Premium Apartment in Mumbai,"Mumbai, MH",Apartment,4797,5,1,2001,"Garden,Pool,WiFi",3363781
Premium Apartment in Hyderabad,"Hyderabad, TS",Apartment,1339,5,4,1985,"Security,Garden,WiFi,Parking",667699
Premium Villa in Mumbai,"Mumbai, MH",Villa,2538,4,1,1980,"Gym,Parking,Pool,Garden",3129448
Premium Townhouse in Bangalore,"Bangalore, KA",Townhouse,3725,3,3,1999,"Security,Garden",2086880
Premium Villa in Chennai,"Chennai, TN",Villa,3126,6,4,2011,"WiFi,Pool,Garden,Gym,Security",1939112
Premium Penthouse in Hyderabad,"Hyderabad, TS",Penthouse,3650,5,3,1999,"Pool,Security",2933613
Premium Condo in Pune,"Pune, MH",Condo,1320,6,4,2015,"Security,Parking",773936
Premium Apartment in Hyderabad,"Hyderabad, TS",Apartment,2605,2,2,1993,"Security,WiFi,Parking,Pool,Garden",833441
Premium Villa in Chennai,"Chennai, TN",Villa,4487,5,3,2021,"Garden,Pool,Parking,Gym",2246247
Premium Townhouse in Pune,"Pune, MH",Townhouse,1545,4,1,1993,"Parking,Pool,WiFi,Gym",623522
Premium Apartment in Bangalore,"Bangalore, KA",Apartment,2952,5,3,1994,WiFi,1641079
Premium Villa in Pune,"Pune, MH",Villa,3090,3,3,1985,Garden,1806928
Premium Townhouse in Bangalore,"Bangalore, KA",Townhouse,1508,1,1,1996,"Garden,WiFi,Pool,Gym",746693
Premium Penthouse in Bangalore,"Bangalore, KA",Penthouse,3806,6,2,1999,"Parking,Pool",4121101
Premium Villa in Chennai,"Chennai, TN",Villa,3189,1,2,2010,"Pool,Gym,WiFi,Parking,Garden",1523802
Premium Villa in Pune,"Pune, MH",Villa,4974,3,4,1986,"Garden,Parking,Gym",2717681
Premium Apartment in Chennai,"Chennai, TN",Apartment,601,1,4,1982,"WiFi,Garden,Security,Pool,Gym",307843
Premium Villa in Kolkata,"Kolkata, WB",Villa,3842,1,3,2000,"Gym,Pool",1928730
Premium Villa in Ahmedabad,"Ahmedabad, GJ",Villa,4701,2,4,2023,"WiFi,Pool",2563159
Premium Townhouse in Bangalore,"Bangalore, KA",Townhouse,2468,1,2,2020,"Security,Garden",1273362
Premium Villa in Hyderabad,"Hyderabad, TS",Villa,1130,4,1,1997,Security,884587
Premium Penthouse in Ahmedabad,"Ahmedabad, GJ",Penthouse,4901,2,2,2015,Pool,3434819
Premium Apartment in Chennai,"Chennai, TN",Apartment,2830,5,2,2007,Security,1174197
Premium Villa in Mumbai,"Mumbai, MH",Villa,3534,4,3,2023,"Gym,Security,Garden,Pool,WiFi",3894273
Premium Villa in Delhi,"Delhi, DL",Villa,1961,5,3,2011,"Security,Gym,Parking,Pool,Garden",2384279
Premium Apartment in Delhi,"Delhi, DL",Apartment,689,3,1,1984,Garden,630104
Premium Villa in Bangalore,"Bangalore, KA",Villa,3944,6,3,1990,Garden,3318842
Premium Condo in Chennai,"Chennai, TN",Condo,4844,6,4,2000,"Security,WiFi,Parking,Garden",1707449
Premium Condo in Bangalore,"Bangalore, KA",Condo,2178,5,2,2007,"Security,Gym,Parking,Garden,Pool",1324861
Premium Condo in Delhi,"Delhi, DL",Condo,1340,5,2,1986,"Pool,Gym,Security,WiFi",1214027
Premium Penthouse in Ahmedabad,"Ahmedabad, GJ",Penthouse,4592,5,3,2014,Parking,3377845
Premium Villa in Mumbai,"Mumbai, MH",Villa,3504,2,1,2009,Garden,3772959
Premium Villa in Ahmedabad,"Ahmedabad, GJ",Villa,2494,3,2,2023,Garden,1274591
Premium Penthouse in Hyderabad,"Hyderabad, TS",Penthouse,4248,1,4,1986,"Parking,WiFi",2690237
Premium Condo in Chennai,"Chennai, TN",Condo,3264,2,3,2004,"Pool,Gym,Security",1095258
Premium Condo in Chennai,"Chennai, TN",Condo,2803,5,4,1981,"WiFi,Garden,Pool",1146900
Premium Condo in Ahmedabad,"Ahmedabad, GJ",Condo,3598,6,4,2006,"Security,WiFi,Garden,Pool",1406462
Premium Condo in Chennai,"Chennai, TN",Condo,2447,2,3,2009,Garden,906951
Premium Penthouse in Ahmedabad,"Ahmedabad, GJ",Penthouse,4725,3,2,2023,"WiFi,Parking,Security,Pool,Gym",2929595
Premium Villa in Pune,"Pune, MH",Villa,571,1,1,1994,"Gym,Parking,WiFi,Security,Pool",344652
Premium Condo in Mumbai,"Mumbai, MH",Condo,4589,5,4,1997,Pool,3612639
Premium Condo in Delhi,"Delhi, DL",Condo,3511,1,1,2015,Pool,1938343
Premium Penthouse in Chennai,"Chennai, TN",Penthouse,1382,3,4,1989,"Parking,Gym,Security,Pool,WiFi",1354244
Premium Penthouse in Delhi,"Delhi, DL",Penthouse,3223,4,4,2002,"Parking,Garden,Pool,Gym,Security",4331733
Premium Villa in Hyderabad,"Hyderabad, TS",Villa,3116,4,2,1986,"Security,Parking,Gym,Garden",1896666
Premium Condo in Hyderabad,"Hyderabad, TS",Condo,563,6,4,1998,Garden,556873
Premium Penthouse in Mumbai,"Mumbai, MH",Penthouse,4868,5,2,2019,WiFi,7425580
Premium Villa in Chennai,"Chennai, TN",Villa,3831,3,1,1994,"Pool,Parking,Security",1950303
Premium Villa in Ahmedabad,"Ahmedabad, GJ",Villa,1941,4,3,2003,"Parking,Garden,Pool,Security,Gym",1232097
Premium Penthouse in Kolkata,"Kolkata, WB",Penthouse,800,6,4,1982,Pool,1263951
Premium Penthouse in Kolkata,"Kolkata, WB",Penthouse,1013,6,4,1989,"WiFi,Gym,Garden,Pool",1342916
Premium Townhouse in Bangalore,"Bangalore, KA",Townhouse,2486,1,3,2019,"WiFi,Security,Pool,Garden,Parking",1235841
Premium Apartment in Pune,"Pune, MH",Apartment,4494,1,3,1982,"Pool,Parking,Gym",1328506
Premium Penthouse in Chennai,"Chennai, TN",Penthouse,3222,5,4,1999,"Gym,Garden",2848204
Premium Villa in Ahmedabad,"Ahmedabad, GJ",Villa,4660,3,1,1983,"WiFi,Garden,Pool,Gym,Security",2575350
Premium Apartment in Bangalore,"Bangalore, KA",Apartment,3103,6,2,2008,Pool,1840369
Premium Penthouse in Chennai,"Chennai, TN",Penthouse,3949,4,4,2015,"Security,Garden",2973263
Premium Villa in Hyderabad,"Hyderabad, TS",Villa,3398,3,4,2013,"Pool,WiFi,Gym",1970690
Premium Villa in Hyderabad,"Hyderabad, TS",Villa,1416,4,2,1991,Security,1044111
Premium Penthouse in Delhi,"Delhi, DL",Penthouse,1283,3,4,2021,"Gym,Parking,Pool,Garden",2291162
Premium Apartment in Mumbai,"Mumbai, MH",Apartment,4960,4,2,2013,"Parking,Gym,Garden",3466372
Premium Townhouse in Kolkata,"Kolkata, WB",Townhouse,1801,2,2,1995,"WiFi,Pool,Security,Parking,Gym",623363
Premium Penthouse in Bangalore,"Bangalore, KA",Penthouse,2070,2,1,1981,"Pool,Garden",2143851
Premium Apartment in Kolkata,"Kolkata, WB",Apartment,3747,6,1,2002,"Parking,Security,Gym,WiFi",1313301
Premium Townhouse in Mumbai,"Mumbai, MH",Townhouse,2411,6,2,2022,WiFi,2146354
Premium Condo in Kolkata,"Kolkata, WB",Condo,2184,2,4,2019,"Garden,Parking,Gym,Security,WiFi",792949
Premium Condo in Ahmedabad,"Ahmedabad, GJ",Condo,1083,4,4,2014,"Pool,Gym,WiFi",643605
Premium Villa in Kolkata,"Kolkata, WB",Villa,3645,3,2,2006,"Pool,Garden,Parking,Gym",1811963
Premium Penthouse in Kolkata,"Kolkata, WB",Penthouse,2456,2,3,1995,Parking,1938407
Premium Condo in Ahmedabad,"Ahmedabad, GJ",Condo,2645,6,2,2020,"Pool,Garden",1126069
Premium Condo in Bangalore,"Bangalore, KA",Condo,1395,3,1,2001,"Pool,Garden,Security",912665
Premium Condo in Hyderabad,"Hyderabad, TS",Condo,3986,4,1,2009,"Security,Gym,Garden",1397381
Premium Apartment in Pune,"Pune, MH",Apartment,3873,1,3,2009,"Parking,Gym,Security,Garden",1343109
Premium Villa in Hyderabad,"Hyderabad, TS",Villa,4148,1,1,2015,"WiFi,Garden,Pool,Parking,Gym",1788333
Premium Condo in Bangalore,"Bangalore, KA",Condo,784,4,3,2007,"Gym,Pool,Security",732476
Premium Penthouse in Hyderabad,"Hyderabad, TS",Penthouse,1370,6,2,2019,"WiFi,Gym,Garden",1556449
Premium Condo in Hyderabad,"Hyderabad, TS",Condo,2594,4,3,1993,"Pool,Security,Parking,WiFi,Garden",1070926
Premium Condo in Hyderabad,"Hyderabad, TS",Condo,2197,2,1,1990,"Pool,Garden,Parking,Security",788312
Premium Villa in Bangalore,"Bangalore, KA",Villa,1581,5,2,1992,"Garden,Security,Parking,Gym,WiFi",1778294
Premium Condo in Delhi,"Delhi, DL",Condo,1461,1,1,2018,"Pool,WiFi",887118
Premium Villa in Mumbai,"Mumbai, MH",Villa,3788,3,1,2022,"Pool,Gym,Parking",3729926
Premium Apartment in Bangalore,"Bangalore, KA",Apartment,3635,2,4,2012,"Pool,Gym,Garden",2008803
Premium Condo in Ahmedabad,"Ahmedabad, GJ",Condo,3078,1,1,1990,"WiFi,Gym",894689
Premium Penthouse in Chennai,"Chennai, TN",Penthouse,2298,5,4,2024,"Gym,Garden,WiFi",2137834
Premium Apartment in Kolkata,"Kolkata, WB",Apartment,1956,6,2,1994,"Pool,Parking,WiFi,Garden",891491
Premium Apartment in Mumbai,"Mumbai, MH",Apartment,4967,4,4,2004,Garden,3709146
Premium Villa in Mumbai,"Mumbai, MH",Villa,4546,2,3,1985,"Pool,Garden,Security",4212666
Premium Penthouse in Hyderabad,"Hyderabad, TS",Penthouse,1586,5,3,2018,"Garden,Pool,Gym,WiFi",1434872
Premium Townhouse in Delhi,"Delhi, DL",Townhouse,698,4,4,2019,Parking,806579
Premium Condo in Bangalore,"Bangalore, KA",Condo,2875,1,2,2006,"Security,Garden,Gym",1524023
Premium Apartment in Kolkata,"Kolkata, WB",Apartment,3061,3,1,1983,"Garden,WiFi,Parking",1107528
Premium Apartment in Bangalore,"Bangalore, KA",Apartment,1070,5,2,1987,"Parking,Garden,Security,Gym",923529
Premium Townhouse in Kolkata,"Kolkata, WB",Townhouse,1331,4,4,2001,"Security,Garden,Gym,Parking,WiFi",696483
Premium Apartment in Bangalore,"Bangalore, KA",Apartment,3471,5,1,1985,"Gym,Parking,Garden,WiFi,Pool",2131033
Premium Townhouse in Pune,"Pune, MH",Townhouse,4593,6,4,1991,"WiFi,Parking,Gym,Pool",1900216
Premium Villa in Chennai,"Chennai, TN",Villa,904,3,2,2012,"WiFi,Parking,Garden,Gym,Pool",711733
Premium Condo in Chennai,"Chennai, TN",Condo,639,4,4,2000,"Gym,Security,Garden",477561
Premium Penthouse in Chennai,"Chennai, TN",Penthouse,3868,1,4,1997,"Security,Gym,Parking",2836746
Premium Townhouse in Hyderabad,"Hyderabad, TS",Townhouse,4265,2,2,1988,"Gym,Garden,Security,Pool",1336984
Premium Villa in Ahmedabad,"Ahmedabad, GJ",Villa,2725,2,4,2011,"Security,Pool",1630403
Premium Condo in Bangalore,"Bangalore, KA",Condo,1675,4,4,1992,"Parking,Pool,WiFi,Gym",1119499
Premium Penthouse in Bangalore,"Bangalore, KA",Penthouse,1371,4,3,2008,"Pool,Garden,WiFi",2174528
Premium Apartment in Ahmedabad,"Ahmedabad, GJ",Apartment,813,3,1,1987,"WiFi,Parking,Pool,Gym",439427
Premium Townhouse in Pune,"Pune, MH",Townhouse,1540,4,4,1994,"Gym,Security",752325
Premium Apartment in Kolkata,"Kolkata, WB",Apartment,4319,3,2,2017,"Pool,Garden,Parking",1367775
Premium Apartment in Pune,"Pune, MH",Apartment,2971,1,1,2008,Garden,868230
Premium Villa in Ahmedabad,"Ahmedabad, GJ",Villa,890,4,4,2001,"Security,Pool",768006
Premium Penthouse in Chennai,"Chennai, TN",Penthouse,2981,5,2,1982,"Gym,Security,Parking",2247240
Premium Condo in Delhi,"Delhi, DL",Condo,4301,3,4,1994,"Gym,WiFi,Garden,Security",2612630
Premium Apartment in Hyderabad,"Hyderabad, TS",Apartment,2554,1,3,1984,"Parking,Garden,WiFi",868931
Premium Townhouse in Hyderabad,"Hyderabad, TS",Townhouse,4100,5,2,2004,"Pool,Security,Gym,Parking,WiFi",1430929
Premium Townhouse in Chennai,"Chennai, TN",Townhouse,2194,5,1,1994,"Parking,Garden,Pool,Gym",990126
Premium Penthouse in Kolkata,"Kolkata, WB",Penthouse,670,5,3,2007,"Garden,Pool,Security,WiFi",1062281
Premium Condo in Ahmedabad,"Ahmedabad, GJ",Condo,1581,1,4,1986,Pool,657924
Premium Villa in Bangalore,"Bangalore, KA",Villa,2230,1,3,2005,"Parking,Pool",1620610
Premium Apartment in Pune,"Pune, MH",Apartment,4778,4,4,2006,"Parking,WiFi,Pool,Security",1858972
Premium Condo in Chennai,"Chennai, TN",Condo,3285,1,1,2016,"Gym,Parking,WiFi",986865
Premium Condo in Delhi,"Delhi, DL",Condo,3911,2,3,2013,"Security,Pool,WiFi,Garden",2592186
Premium Apartment in Hyderabad,"Hyderabad, TS",Apartment,3160,5,3,1998,"Garden,Gym,Parking,WiFi",1222734
Premium Apartment in Hyderabad,"Hyderabad, TS",Apartment,4196,2,2,1994,"Pool,Parking,Garden,Security,Gym",1276702
Premium Apartment in Chennai,"Chennai, TN",Apartment,1907,1,3,1981,"Security,Gym,WiFi,Parking,Pool",634506
Premium Penthouse in Mumbai,"Mumbai, MH",Penthouse,4450,4,1,1980,Garden,6586310
Premium Apartment in Bangalore,"Bangalore, KA",Apartment,3833,6,2,1998,"Security,Parking,WiFi,Gym",2439922
Premium Villa in Hyderabad,"Hyderabad, TS",Villa,2998,5,4,2019,"WiFi,Security,Parking,Pool,Garden",1764434
Premium Condo in Hyderabad,"Hyderabad, TS",Condo,4238,6,3,2019,"WiFi,Parking",1654153
Premium Villa in Kolkata,"Kolkata, WB",Villa,3885,3,1,2019,Parking,2202062
Premium Apartment in Bangalore,"Bangalore, KA",Apartment,1124,6,2,2001,"Security,Pool,WiFi,Gym",1028367
Premium Condo in Mumbai,"Mumbai, MH",Condo,3377,4,3,1985,"Gym,Security,Garden",2410565
Premium Townhouse in Bangalore,"Bangalore, KA",Townhouse,1094,4,3,2023,"Garden,Gym,Security,WiFi,Parking",856906
Premium Penthouse in Mumbai,"Mumbai, MH",Penthouse,2363,5,3,2019,"Gym,WiFi",4479084
Premium Penthouse in Pune,"Pune, MH",Penthouse,4586,6,2,2012,"Pool,Garden",3373396
Premium Apartment in Pune,"Pune, MH",Apartment,2991,6,2,1984,"Garden,Gym,Parking,Pool",1245036
Premium Villa in Ahmedabad,"Ahmedabad, GJ",Villa,2236,4,4,2015,"Parking,Pool,Gym,Garden,WiFi",1409450
Premium Penthouse in Ahmedabad,"Ahmedabad, GJ",Penthouse,2568,2,4,1999,Gym,2036931
Premium Penthouse in Ahmedabad,"Ahmedabad, GJ",Penthouse,3786,5,3,1986,"WiFi,Garden,Parking",2682357
Premium Penthouse in Ahmedabad,"Ahmedabad, GJ",Penthouse,4743,4,3,1997,"WiFi,Garden,Pool,Gym,Security",3627392
Premium Condo in Delhi,"Delhi, DL",Condo,1213,2,3,1983,"Parking,Gym,Garden",885626
Premium Apartment in Hyderabad,"Hyderabad, TS",Apartment,2041,5,4,2003,"Security,Gym,Garden,Pool,Parking",857737
Premium Condo in Mumbai,"Mumbai, MH",Condo,3956,2,3,1997,"WiFi,Garden,Pool",2850110
Premium Penthouse in Bangalore,"Bangalore, KA",Penthouse,1620,4,3,2022,"WiFi,Parking,Pool",2358767
Premium Townhouse in Ahmedabad,"Ahmedabad, GJ",Townhouse,3079,6,2,1980,"Gym,WiFi,Garden,Parking,Pool",1212543
Premium Apartment in Mumbai,"Mumbai, MH",Apartment,1278,6,3,1990,"Security,Parking",1600861
Premium Townhouse in Kolkata,"Kolkata, WB",Townhouse,2453,4,2,2018,"WiFi,Garden,Pool,Gym,Parking",902470
Premium Condo in Bangalore,"Bangalore, KA",Condo,4470,3,1,2004,Garden,2309517
Premium Villa in Mumbai,"Mumbai, MH",Villa,4652,1,2,2009,Parking,4570264
Premium Villa in Kolkata,"Kolkata, WB",Villa,3102,1,3,2021,"Gym,Garden,WiFi,Pool",1630246
Premium Condo in Ahmedabad,"Ahmedabad, GJ",Condo,3554,5,4,2014,Security,1420487
Premium Penthouse in Ahmedabad,"Ahmedabad, GJ",Penthouse,4477,4,4,2000,"Security,Gym,Pool,Garden,Parking",3215796
Premium Apartment in Kolkata,"Kolkata, WB",Apartment,3045,2,4,1985,"Pool,Security,Parking,Garden,Gym",1067811
Premium Condo in Hyderabad,"Hyderabad, TS",Condo,2375,2,2,2011,"Gym,Pool",916591
Premium Penthouse in Ahmedabad,"Ahmedabad, GJ",Penthouse,3935,1,2,2020,"Parking,Security",2431208
Premium Villa in Chennai,"Chennai, TN",Villa,4313,4,2,2016,"WiFi,Pool,Gym,Garden",2335042
Premium Villa in Pune,"Pune, MH",Villa,2394,1,4,1992,"Parking,Gym,Garden",1220367
Premium Penthouse in Kolkata,"Kolkata, WB",Penthouse,1032,5,3,1993,"Security,Gym,WiFi,Pool,Parking",1188218
Premium Penthouse in Mumbai,"Mumbai, MH",Penthouse,2113,1,2,1997,"WiFi,Security,Parking,Garden",2688509
Premium Condo in Hyderabad,"Hyderabad, TS",Condo,2537,6,4,2012,"WiFi,Gym,Garden",1068700
Premium Apartment in Kolkata,"Kolkata, WB",Apartment,2505,4,4,1996,Garden,1112826
Premium Villa in Chennai,"Chennai, TN",Villa,1272,3,2,2017,"Security,Pool",831347
Premium Apartment in Kolkata,"Kolkata, WB",Apartment,3128,2,4,2004,"Parking,Garden,WiFi,Gym,Pool",1022457
Premium Villa in Delhi,"Delhi, DL",Villa,4196,3,1,1984,"Parking,Garden,Gym,WiFi",4080102
Premium Condo in Pune,"Pune, MH",Condo,2818,6,4,2003,"Security,Parking,Garden,Pool",1328146
Premium Villa in Pune,"Pune, MH",Villa,4984,6,3,1989,"Pool,WiFi,Parking,Garden,Gym",2819290
Premium Villa in Hyderabad,"Hyderabad, TS",Villa,4279,6,1,1993,"Gym,Parking,WiFi,Security",2634407
Premium Townhouse in Ahmedabad,"Ahmedabad, GJ",Townhouse,860,4,4,2004,Garden,548694
Premium Villa in Mumbai,"Mumbai, MH",Villa,4011,6,2,1987,Parking,4442711
Premium Townhouse in Kolkata,"Kolkata, WB",Townhouse,958,4,1,1985,"WiFi,Gym",520930
Premium Townhouse in Kolkata,"Kolkata, WB",Townhouse,4430,6,2,2016,"Parking,WiFi,Gym,Pool",1804825
Premium Townhouse in Chennai,"Chennai, TN",Townhouse,1405,1,4,1985,"WiFi,Garden,Parking,Pool,Security",508300
Premium Condo in Bangalore,"Bangalore, KA",Condo,2100,4,2,2005,"Security,Gym",1204611
Premium Villa in Ahmedabad,"Ahmedabad, GJ",Villa,4824,6,2,2022,WiFi,2443053
Premium Condo in Kolkata,"Kolkata, WB",Condo,2868,6,2,1999,"WiFi,Pool,Gym",1151693
Premium Apartment in Hyderabad,"Hyderabad, TS",Apartment,4038,1,2,2018,"Parking,WiFi,Security,Pool,Gym",1355126
Premium Townhouse in Bangalore,"Bangalore, KA",Townhouse,751,6,4,2008,"Security,Parking,Gym",908694
Premium Condo in Bangalore,"Bangalore, KA",Condo,1588,1,2,2000,"Gym,WiFi,Pool,Garden",824434
Premium Penthouse in Chennai,"Chennai, TN",Penthouse,3725,3,4,2015,"Gym,Parking",2467847
Premium Villa in Chennai,"Chennai, TN",Villa,2626,4,1,1988,"Parking,WiFi,Security,Gym,Garden",1563500
Premium Townhouse in Hyderabad,"Hyderabad, TS",Townhouse,4261,2,3,1997,"Pool,Garden",1351778
Premium Apartment in Chennai,"Chennai, TN",Apartment,3195,3,1,2001,Garden,1071026
Premium Apartment in Chennai,"Chennai, TN",Apartment,2436,4,2,1997,"Gym,Pool,Garden",940465
Premium Apartment in Kolkata,"Kolkata, WB",Apartment,2953,3,4,1995,Gym,1188524
Premium Townhouse in Delhi,"Delhi, DL",Townhouse,3557,3,3,2014,"Security,Garden,Parking,Gym",2276279
Premium Apartment in Kolkata,"Kolkata, WB",Apartment,1215,6,1,1995,"WiFi,Parking,Gym,Security",725592
Premium Villa in Kolkata,"Kolkata, WB",Villa,672,2,2,1982,"Pool,Security",556211
Premium Condo in Bangalore,"Bangalore, KA",Condo,1530,3,1,1983,"Parking,Pool,Gym",1009122
Premium Condo in Mumbai,"Mumbai, MH",Condo,3037,2,1,1990,"Garden,Pool,Parking,WiFi,Security",1953981
Premium Townhouse in Mumbai,"Mumbai, MH",Townhouse,3304,3,4,1995,"Garden,WiFi",2432529
Premium Penthouse in Mumbai,"Mumbai, MH",Penthouse,1643,5,2,2002,"Pool,Security,Gym",2935897
Premium Villa in Chennai,"Chennai, TN",Villa,4527,3,4,1999,"WiFi,Pool,Security,Garden,Parking",2237063
Premium Penthouse in Mumbai,"Mumbai, MH",Penthouse,3401,2,4,2000,"WiFi,Gym,Garden,Pool,Security",4399131
Premium Condo in Kolkata,"Kolkata, WB",Condo,1724,3,3,1986,"Parking,Gym,Security,Pool,Garden",735468
Premium Villa in Chennai,"Chennai, TN",Villa,3439,2,4,2003,"Gym,WiFi,Garden,Parking,Security",1718551
Premium Townhouse in Bangalore,"Bangalore, KA",Townhouse,2550,5,4,2004,"Gym,WiFi",1554461
Premium Condo in Hyderabad,"Hyderabad, TS",Condo,1582,5,3,2010,Garden,818609
Premium Condo in Ahmedabad,"Ahmedabad, GJ",Condo,3294,5,4,2012,"Parking,Security",1327129
Premium Townhouse in Mumbai,"Mumbai, MH",Townhouse,2612,3,1,2020,"Garden,Gym,Parking,Pool,WiFi",2077064
Premium Penthouse in Mumbai,"Mumbai, MH",Penthouse,2344,5,2,2010,"Parking,Security",4136780
Premium Townhouse in Hyderabad,"Hyderabad, TS",Townhouse,931,5,3,2000,"Pool,Garden,Parking,WiFi,Security",538177
Premium Penthouse in Pune,"Pune, MH",Penthouse,3539,1,4,2019,"Security,Parking",2531311
Premium Townhouse in Pune,"Pune, MH",Townhouse,795,6,3,2015,"Garden,Parking",644300
Premium Condo in Kolkata,"Kolkata, WB",Condo,816,5,1,2016,"Security,Pool",527471
Premium Condo in Pune,"Pune, MH",Condo,1925,6,1,2016,"Parking,Gym",923324
Premium Penthouse in Bangalore,"Bangalore, KA",Penthouse,3036,6,2,2015,WiFi,3981702
Premium Apartment in Delhi,"Delhi, DL",Apartment,945,1,4,2004,Gym,735655
Premium Villa in Pune,"Pune, MH",Villa,832,2,2,1991,"Garden,Gym,Security,Pool,Parking",560741
Premium Condo in Chennai,"Chennai, TN",Condo,3808,6,2,1999,"WiFi,Security,Gym,Garden,Pool",1550946
Premium Apartment in Hyderabad,"Hyderabad, TS",Apartment,2395,3,4,2001,Garden,863540
Premium Condo in Bangalore,"Bangalore, KA",Condo,3408,3,2,2001,"Pool,Gym,Garden,WiFi,Parking",1977593
Premium Penthouse in Kolkata,"Kolkata, WB",Penthouse,4814,4,2,2013,"Parking,Security",3115178
Premium Condo in Delhi,"Delhi, DL",Condo,3000,3,3,1992,"WiFi,Parking,Gym,Garden",2099774
Premium Penthouse in Mumbai,"Mumbai, MH",Penthouse,994,4,3,2015,"Garden,Security",2405139
Premium Penthouse in Mumbai,"Mumbai, MH",Penthouse,2746,5,2,2003,"Garden,Gym,WiFi,Security,Parking",4602725
Premium Condo in Hyderabad,"Hyderabad, TS",Condo,4809,4,4,1993,"Gym,Pool,Security,Garden",1606486
Premium Condo in Chennai,"Chennai, TN",Condo,3245,3,1,2015,"Gym,Security,WiFi,Garden,Pool",1208929
Premium Penthouse in Ahmedabad,"Ahmedabad, GJ",Penthouse,2003,6,1,2007,"Pool,WiFi,Security,Gym",1961488
Premium Condo in Hyderabad,"Hyderabad, TS",Condo,3250,4,2,2009,"Security,WiFi,Parking",1172938
Premium Apartment in Pune,"Pune, MH",Apartment,1497,2,4,1990,"Garden,Security,Pool,Parking,WiFi",602487
Premium Townhouse in Kolkata,"Kolkata, WB",Townhouse,4494,1,1,2012,"WiFi,Gym,Parking,Pool",1555775
Premium Penthouse in Ahmedabad,"Ahmedabad, GJ",Penthouse,4649,1,3,1992,"Parking,Gym,Pool,Security",2961187
Premium Condo in Ahmedabad,"Ahmedabad, GJ",Condo,3838,2,1,1985,"Gym,Security",1220263
Premium Apartment in Mumbai,"Mumbai, MH",Apartment,1258,4,4,2009,"Parking,WiFi,Garden",1335860
Premium Condo in Ahmedabad,"Ahmedabad, GJ",Condo,1029,3,4,1986,Parking,513222
Premium Villa in Bangalore,"Bangalore, KA",Villa,1868,5,4,1999,"Pool,Security,Gym,Parking",2168517
Premium Apartment in Mumbai,"Mumbai, MH",Apartment,2311,3,3,2018,Parking,1652548
Premium Condo in Ahmedabad,"Ahmedabad, GJ",Condo,1256,5,2,2013,Security,652163
Premium Penthouse in Mumbai,"Mumbai, MH",Penthouse,1817,4,1,2003,"Gym,Garden,Pool,Security,WiFi",2789824
Premium Apartment in Kolkata,"Kolkata, WB",Apartment,2409,3,1,1999,"Gym,Parking,Pool",925786
Premium Condo in Kolkata,"Kolkata, WB",Condo,3319,6,1,2014,"Parking,Pool,Gym",1291802
Premium Apartment in Hyderabad,"Hyderabad, TS",Apartment,3734,1,1,1980,Garden,1226829
Premium Townhouse in Mumbai,"Mumbai, MH",Townhouse,1219,3,1,2006,"WiFi,Garden,Pool,Security",1074817
Premium Villa in Hyderabad,"Hyderabad, TS",Villa,3402,2,4,2023,"Garden,WiFi,Security",1731324
Premium Penthouse in Pune,"Pune, MH",Penthouse,4854,2,1,2002,"WiFi,Gym,Security,Pool",3026553
Premium Condo in Ahmedabad,"Ahmedabad, GJ",Condo,4337,6,3,1986,"Security,WiFi",1643646
Premium Condo in Kolkata,"Kolkata, WB",Condo,3460,1,2,1992,Garden,1214243
Premium Apartment in Delhi,"Delhi, DL",Apartment,1804,4,4,2024,"Garden,Gym",1377031
Premium Townhouse in Ahmedabad,"Ahmedabad, GJ",Townhouse,3620,1,2,1998,"Parking,Gym,WiFi",1207025
Premium Penthouse in Hyderabad,"Hyderabad, TS",Penthouse,2181,3,1,1986,"Security,WiFi,Gym,Parking,Garden",1689025
Premium Townhouse in Chennai,"Chennai, TN",Townhouse,3257,4,2,2023,"Gym,Security,WiFi",1153987
Premium Townhouse in Ahmedabad,"Ahmedabad, GJ",Townhouse,3737,5,4,2008,"Gym,Garden,Pool",1586918
Premium Condo in Chennai,"Chennai, TN",Condo,4153,5,4,2014,WiFi,1649970
Premium Villa in Ahmedabad,"Ahmedabad, GJ",Villa,4303,2,3,2014,"Pool,WiFi",2244500
Premium Townhouse in Bangalore,"Bangalore, KA",Townhouse,4545,6,4,2013,"Gym,Garden,WiFi,Security,Pool",2819493
Premium Penthouse in Mumbai,"Mumbai, MH",Penthouse,1562,6,3,2017,"WiFi,Gym,Parking,Security",3025965
Premium Villa in Kolkata,"Kolkata, WB",Villa,2149,5,4,1985,"Gym,Parking,Pool,WiFi,Security",1555762
Premium Penthouse in Ahmedabad,"Ahmedabad, GJ",Penthouse,2063,4,4,2009,"Security,Gym,Garden,WiFi",1746448
Premium Apartment in Chennai,"Chennai, TN",Apartment,1730,2,1,1991,"WiFi,Pool",661573
Premium Townhouse in Hyderabad,"Hyderabad, TS",Townhouse,4237,3,2,1990,"Pool,Parking,Security",1570722
Premium Condo in Kolkata,"Kolkata, WB",Condo,1117,2,2,2000,Gym,442658
Premium Villa in Delhi,"Delhi, DL",Villa,1769,6,3,1980,"Gym,Pool,WiFi",2486647
Premium Penthouse in Delhi,"Delhi, DL",Penthouse,981,2,4,1989,"Pool,Garden,WiFi",1769985
Premium Condo in Mumbai,"Mumbai, MH",Condo,4232,2,4,1990,"Security,Pool,Parking",2931646
Premium Condo in Hyderabad,"Hyderabad, TS",Condo,1741,6,2,1985,"Garden,WiFi,Security",870477
Premium Penthouse in Hyderabad,"Hyderabad, TS",Penthouse,1850,4,2,2001,Gym,1591120
Premium Townhouse in Pune,"Pune, MH",Townhouse,1951,1,3,1986,WiFi,636057
Premium Villa in Delhi,"Delhi, DL",Villa,2364,5,1,2014,"Security,Parking,WiFi",2405630
Premium Villa in Bangalore,"Bangalore, KA",Villa,1930,2,3,2015,"Gym,Garden,Parking,WiFi,Pool",1625024
Premium Penthouse in Chennai,"Chennai, TN",Penthouse,4071,6,3,1988,"Gym,Parking,WiFi,Pool",3403498
Premium Condo in Chennai,"Chennai, TN",Condo,1299,4,3,1988,"WiFi,Security,Pool",598501
Premium Townhouse in Ahmedabad,"Ahmedabad, GJ",Townhouse,1587,4,2,2005,"Pool,Gym,WiFi,Garden",703380
Premium Condo in Delhi,"Delhi, DL",Condo,4703,3,4,2000,Pool,3078213
Premium Penthouse in Bangalore,"Bangalore, KA",Penthouse,2962,4,1,1994,"Garden,WiFi,Pool,Parking",3049052
Premium Penthouse in Ahmedabad,"Ahmedabad, GJ",Penthouse,725,6,3,2019,"Garden,WiFi,Pool,Gym,Security",1192869
Premium Penthouse in Bangalore,"Bangalore, KA",Penthouse,780,4,4,2017,"Pool,Parking,WiFi,Gym",1593282
Premium Penthouse in Delhi,"Delhi, DL",Penthouse,2036,5,4,2006,"WiFi,Pool,Security,Garden,Parking",3558429
Premium Townhouse in Chennai,"Chennai, TN",Townhouse,3917,1,1,2023,"Security,WiFi",1333071
Premium Apartment in Hyderabad,"Hyderabad, TS",Apartment,4516,6,2,2013,"Pool,Security,Garden,WiFi,Gym",1854902
Premium Apartment in Bangalore,"Bangalore, KA",Apartment,4077,2,4,1982,"Security,Pool,WiFi,Gym",2277988
Premium Villa in Kolkata,"Kolkata, WB",Villa,2804,3,1,2020,"Gym,Security",1436778
Premium Penthouse in Chennai,"Chennai, TN",Penthouse,2447,6,4,2005,"Gym,Parking,Pool",2270419
Premium Penthouse in Ahmedabad,"Ahmedabad, GJ",Penthouse,2383,3,1,2020,"Security,Pool,Parking,Garden",1840758
Premium Condo in Mumbai,"Mumbai, MH",Condo,3185,5,1,1995,"Parking,Garden,WiFi,Security,Pool",2592162
Premium Villa in Mumbai,"Mumbai, MH",Villa,1351,3,3,1996,Gym,1896258
Premium Villa in Hyderabad,"Hyderabad, TS",Villa,4987,2,1,1987,"Garden,Pool",2545504
Premium Apartment in Ahmedabad,"Ahmedabad, GJ",Apartment,2548,5,3,2009,"WiFi,Parking,Gym,Garden",1174781
Premium Penthouse in Hyderabad,"Hyderabad, TS",Penthouse,679,3,4,2003,"Security,Garden,Gym,Parking,WiFi",788318
Premium Villa in Chennai,"Chennai, TN",Villa,1834,1,1,1984,"WiFi,Gym,Parking,Pool,Garden",870090
Premium Penthouse in Chennai,"Chennai, TN",Penthouse,4433,3,2,2007,Parking,3173196
Premium Condo in Chennai,"Chennai, TN",Condo,1904,5,4,2019,"Pool,Garden,Security,Parking,WiFi",872077
Premium Townhouse in Delhi,"Delhi, DL",Townhouse,588,1,2,2016,"WiFi,Parking",513524
Premium Condo in Ahmedabad,"Ahmedabad, GJ",Condo,3355,6,3,1990,Security,1463167
Premium Penthouse in Pune,"Pune, MH",Penthouse,2126,2,3,2004,"Gym,WiFi,Pool,Parking",1665935
Premium Villa in Delhi,"Delhi, DL",Villa,4134,3,2,2005,"Gym,Parking",3727089
Premium Villa in Delhi,"Delhi, DL",Villa,4458,2,3,1981,"Security,Parking,Pool,WiFi,Garden",3710878
Premium Apartment in Ahmedabad,"Ahmedabad, GJ",Apartment,3700,5,1,1987,"Parking,Gym,Security,WiFi,Garden",1247702
Premium Condo in Kolkata,"Kolkata, WB",Condo,523,2,1,1999,"Gym,Parking,WiFi,Pool,Garden",287876
Premium Condo in Kolkata,"Kolkata, WB",Condo,2133,1,2,2000,Gym,672575
Premium Penthouse in Kolkata,"Kolkata, WB",Penthouse,3939,5,1,1982,Parking,2816771
Premium Villa in Mumbai,"Mumbai, MH",Villa,4964,2,2,2020,"Garden,WiFi,Parking",4575906
Premium Penthouse in Pune,"Pune, MH",Penthouse,3444,5,3,1986,"Security,WiFi",2485896
Premium Condo in Bangalore,"Bangalore, KA",Condo,647,1,1,2012,"Security,Garden,Gym,Parking,Pool",369497
Premium Penthouse in Kolkata,"Kolkata, WB",Penthouse,4394,2,2,2006,"Security,Garden,WiFi,Parking",3041558
Premium Villa in Hyderabad,"Hyderabad, TS",Villa,1998,5,2,1990,"Garden,Pool,Parking,Security,WiFi",1322849
Premium Apartment in Mumbai,"Mumbai, MH",Apartment,989,2,1,1994,"Garden,Gym,Pool,Security,WiFi",882675
Premium Apartment in Hyderabad,"Hyderabad, TS",Apartment,3937,3,2,1992,"Parking,Garden,Gym,Pool,WiFi",1482751
Premium Townhouse in Mumbai,"Mumbai, MH",Townhouse,2558,6,3,2020,"WiFi,Gym,Pool",2461617
Premium Penthouse in Delhi,"Delhi, DL",Penthouse,2054,5,1,1988,"Parking,Pool,Garden",3436934
Premium Condo in Delhi,"Delhi, DL",Condo,2155,4,1,2006,Pool,1514477
Premium Townhouse in Pune,"Pune, MH",Townhouse,537,1,3,1999,"WiFi,Security,Parking",280421
Premium Villa in Mumbai,"Mumbai, MH",Villa,2654,4,4,1989,"Gym,Parking",2921205
Premium Condo in Hyderabad,"Hyderabad, TS",Condo,1095,6,1,2016,Gym,674944
Premium Townhouse in Ahmedabad,"Ahmedabad, GJ",Townhouse,3245,1,4,1980,"Garden,Security,Gym,Pool,Parking",1021364
Premium Penthouse in Mumbai,"Mumbai, MH",Penthouse,4234,3,2,1994,Gym,5587052
Premium Townhouse in Kolkata,"Kolkata, WB",Townhouse,3534,6,3,2021,"Gym,Parking,Pool,WiFi",1303232
Premium Townhouse in Mumbai,"Mumbai, MH",Townhouse,2094,4,4,1985,"Gym,Garden,Parking,Security",1778235
Premium Condo in Bangalore,"Bangalore, KA",Condo,2268,2,3,1998,"WiFi,Gym,Parking,Security,Pool",1374855
Premium Apartment in Delhi,"Delhi, DL",Apartment,2455,6,4,2004,"Parking,Gym,WiFi,Pool,Garden",1853787
Premium Townhouse in Ahmedabad,"Ahmedabad, GJ",Townhouse,3546,5,4,1992,"Pool,Security,Gym,WiFi,Parking",1517404
Premium Apartment in Chennai,"Chennai, TN",Apartment,4941,2,4,2008,"Security,Parking,WiFi,Pool",1498715
Premium Townhouse in Bangalore,"Bangalore, KA",Townhouse,885,1,1,2022,Security,500816
Premium Apartment in Hyderabad,"Hyderabad, TS",Apartment,3004,1,4,1989,"Parking,WiFi,Gym,Garden",1112355
Premium Apartment in Kolkata,"Kolkata, WB",Apartment,834,6,3,1995,WiFi,624331
Premium Penthouse in Ahmedabad,"Ahmedabad, GJ",Penthouse,2878,6,3,2022,"Pool,WiFi,Garden,Parking",2476512
Premium Condo in Ahmedabad,"Ahmedabad, GJ",Condo,3333,6,4,1981,"Pool,Garden,Security,Gym,WiFi",1264019
Premium Villa in Delhi,"Delhi, DL",Villa,905,4,4,2006,"Garden,Gym,WiFi,Parking,Security",1527739
Premium Apartment in Chennai,"Chennai, TN",Apartment,1438,1,1,1987,"Parking,WiFi,Garden,Security,Pool",520991
Premium Villa in Mumbai,"Mumbai, MH",Villa,3292,1,3,2019,"Pool,Parking",3598879
Premium Townhouse in Chennai,"Chennai, TN",Townhouse,3394,4,1,1989,"Pool,Garden,Security",1331997
Premium Townhouse in Ahmedabad,"Ahmedabad, GJ",Townhouse,3257,6,3,2018,"WiFi,Pool,Security",1299005
Premium Townhouse in Pune,"Pune, MH",Townhouse,2863,3,2,2012,"Gym,WiFi,Security",1031976
Premium Townhouse in Chennai,"Chennai, TN",Townhouse,3252,5,4,2000,Security,1296435
Premium Penthouse in Chennai,"Chennai, TN",Penthouse,2241,2,2,2011,Garden,1503979
Premium Villa in Delhi,"Delhi, DL",Villa,4869,1,2,1998,"Security,Garden,Gym,Pool,WiFi",4531272
Premium Apartment in Bangalore,"Bangalore, KA",Apartment,2304,3,4,1982,"Security,Gym,Pool",1353662
Premium Villa in Bangalore,"Bangalore, KA",Villa,3514,5,4,1985,"Gym,Parking,WiFi,Pool,Garden",3195139
Premium Penthouse in Chennai,"Chennai, TN",Penthouse,1694,6,3,1998,"Security,Gym,Pool",1824738
Premium Penthouse in Kolkata,"Kolkata, WB",Penthouse,3545,6,1,1995,"Pool,Gym,Garden,Security,Parking",2831131
Premium Penthouse in Hyderabad,"Hyderabad, TS",Penthouse,2965,3,4,2010,"Security,Parking,WiFi,Garden,Gym",2253954
Premium Villa in Ahmedabad,"Ahmedabad, GJ",Villa,1865,5,3,1992,"Gym,WiFi,Parking",1398814
Premium Penthouse in Mumbai,"Mumbai, MH",Penthouse,798,3,2,1996,"Gym,Security,Pool",1697588
Premium Townhouse in Hyderabad,"Hyderabad, TS",Townhouse,1127,4,1,2006,"WiFi,Gym,Parking,Security,Pool",603249
Premium Villa in Mumbai,"Mumbai, MH",Villa,3384,4,1,2009,"Parking,Security,Garden",3749473
Premium Apartment in Pune,"Pune, MH",Apartment,4243,2,3,2012,"Security,Gym",1448100
Premium Condo in Pune,"Pune, MH",Condo,3427,6,4,2002,Parking,1360416
Premium Townhouse in Delhi,"Delhi, DL",Townhouse,2349,1,2,1986,"Pool,Security,WiFi,Garden,Gym",1404245
Premium Townhouse in Pune,"Pune, MH",Townhouse,1034,3,3,2013,"WiFi,Parking",499361
Premium Condo in Kolkata,"Kolkata, WB",Condo,4410,3,1,1986,"WiFi,Pool,Parking,Garden",1412407
Premium Villa in Hyderabad,"Hyderabad, TS",Villa,4728,1,1,2024,"Gym,Pool,Security,WiFi,Garden",2280322
Premium Penthouse in Ahmedabad,"Ahmedabad, GJ",Penthouse,1189,3,3,1988,"Gym,Security,WiFi",1167582
Premium Apartment in Bangalore,"Bangalore, KA",Apartment,2411,5,2,1999,"Parking,Pool,Security,Garden",1490664
Premium Villa in Kolkata,"Kolkata, WB",Villa,1622,4,1,2001,"WiFi,Pool,Garden,Parking,Gym",1150198
Premium Condo in Bangalore,"Bangalore, KA",Condo,2122,4,4,2003,"Pool,WiFi,Parking,Garden,Security",1447072
Premium Condo in Hyderabad,"Hyderabad, TS",Condo,3818,1,4,1981,"Parking,Security,WiFi,Gym",1242139
Premium Townhouse in Ahmedabad,"Ahmedabad, GJ",Townhouse,2830,3,1,2011,Gym,1003701
Premium Penthouse in Mumbai,"Mumbai, MH",Penthouse,2810,4,3,1980,Garden,4579217
Premium Townhouse in Pune,"Pune, MH",Townhouse,2478,2,3,2006,"Gym,Parking",977172
Premium Condo in Ahmedabad,"Ahmedabad, GJ",Condo,3449,2,2,2002,"WiFi,Parking,Garden,Gym,Pool",1123323
Premium Townhouse in Hyderabad,"Hyderabad, TS",Townhouse,4697,2,1,1993,Parking,1660474
Premium Penthouse in Hyderabad,"Hyderabad, TS",Penthouse,2247,1,2,1995,"Security,Parking",1525016
Premium Apartment in Pune,"Pune, MH",Apartment,2460,4,1,2000,"Parking,WiFi,Security",921559
Premium Penthouse in Bangalore,"Bangalore, KA",Penthouse,4072,1,4,1994,"Garden,Gym,Parking,Security,Pool",3813727
Premium Townhouse in Kolkata,"Kolkata, WB",Townhouse,4601,2,4,1991,"WiFi,Parking,Garden,Gym,Pool",1640549
Premium Villa in Hyderabad,"Hyderabad, TS",Villa,4896,2,4,2004,"Pool,Gym,Garden,WiFi,Security",2361314
Premium Penthouse in Pune,"Pune, MH",Penthouse,3043,6,4,1994,"Security,Parking,Gym",2718438
Premium Condo in Delhi,"Delhi, DL",Condo,3744,4,1,1997,"Gym,Security,Pool",2203976
Premium Apartment in Pune,"Pune, MH",Apartment,2741,4,3,2020,Parking,1032288
Premium Apartment in Mumbai,"Mumbai, MH",Apartment,3929,1,4,2013,"Security,Parking,WiFi,Pool,Garden",2530720
Premium Apartment in Delhi,"Delhi, DL",Apartment,650,2,1,2008,"WiFi,Security,Garden,Pool",529473
Premium Villa in Kolkata,"Kolkata, WB",Villa,4892,5,1,1997,"Gym,WiFi,Pool,Security",2507196
Premium Apartment in Pune,"Pune, MH",Apartment,4744,5,1,1995,Security,1695314
Premium Apartment in Ahmedabad,"Ahmedabad, GJ",Apartment,3679,4,1,1994,"Pool,Gym,Parking,Garden,WiFi",1451746
Premium Apartment in Hyderabad,"Hyderabad, TS",Apartment,1369,2,3,2016,"Gym,WiFi,Security,Parking,Garden",577873
Premium Apartment in Bangalore,"Bangalore, KA",Apartment,2258,6,4,2016,"Garden,Security",1632336
Premium Apartment in Delhi,"Delhi, DL",Apartment,2798,5,3,1990,"Garden,Gym,Pool",2049058
Premium Condo in Ahmedabad,"Ahmedabad, GJ",Condo,1209,5,2,2001,Parking,681753
Premium Townhouse in Chennai,"Chennai, TN",Townhouse,1004,1,1,2023,"WiFi,Garden",397789
Premium Penthouse in Bangalore,"Bangalore, KA",Penthouse,588,3,4,1982,"Pool,WiFi",1328097
Premium Condo in Chennai,"Chennai, TN",Condo,1702,6,3,2003,"Pool,Gym",943907
Premium Apartment in Ahmedabad,"Ahmedabad, GJ",Apartment,2769,4,4,2021,"Parking,Garden,Security,Pool",1048722
Premium Penthouse in Chennai,"Chennai, TN",Penthouse,3463,2,1,2024,"Security,Garden,Pool",2332690
Premium Townhouse in Hyderabad,"Hyderabad, TS",Townhouse,4716,1,2,1985,"Garden,Pool,Parking,Gym,WiFi",1479862
Premium Townhouse in Ahmedabad,"Ahmedabad, GJ",Townhouse,4899,5,1,1982,"Gym,Parking,WiFi",1879815
Premium Villa in Hyderabad,"Hyderabad, TS",Villa,3139,1,3,1994,WiFi,1626819
Premium Apartment in Mumbai,"Mumbai, MH",Apartment,3895,5,1,2022,"Security,Gym,WiFi,Garden,Parking",2636252
Premium Apartment in Pune,"Pune, MH",Apartment,4084,4,3,2015,"Parking,Pool,WiFi,Security,Gym",1493057
Premium Apartment in Hyderabad,"Hyderabad, TS",Apartment,4861,6,2,2011,"WiFi,Gym,Garden,Pool",1697183
Premium Condo in Chennai,"Chennai, TN",Condo,2454,4,2,2014,"Gym,WiFi,Security,Parking,Pool",963456
Premium Condo in Kolkata,"Kolkata, WB",Condo,1598,3,1,2007,"Pool,WiFi",624931
Premium Townhouse in Chennai,"Chennai, TN",Townhouse,3763,2,3,1992,"Pool,WiFi",1287599
Premium Townhouse in Ahmedabad,"Ahmedabad, GJ",Townhouse,955,1,3,1988,"Gym,Garden,WiFi",421043
Premium Penthouse in Pune,"Pune, MH",Penthouse,651,5,3,1984,"Security,Parking,Garden,WiFi,Pool",1045645
Premium Villa in Hyderabad,"Hyderabad, TS",Villa,857,3,1,1994,"WiFi,Security",630312
Premium Condo in Bangalore,"Bangalore, KA",Condo,4423,1,3,1994,"Garden,WiFi,Gym,Security,Parking",2357532
Premium Penthouse in Bangalore,"Bangalore, KA",Penthouse,4674,2,1,2007,"Parking,Pool,Security,Garden,WiFi",4736125
Premium Villa in Ahmedabad,"Ahmedabad, GJ",Villa,2068,1,4,1998,Gym,1025753
Premium Apartment in Ahmedabad,"Ahmedabad, GJ",Apartment,1472,6,3,1994,"Security,Garden,Pool,Parking",774463
Premium Apartment in Ahmedabad,"Ahmedabad, GJ",Apartment,1787,1,4,1992,"Pool,Gym,Security",626916
Premium Townhouse in Delhi,"Delhi, DL",Townhouse,4556,6,2,2005,Security,3225085
Premium Condo in Hyderabad,"Hyderabad, TS",Condo,2934,5,2,1996,"WiFi,Garden",1123569
Premium Penthouse in Mumbai,"Mumbai, MH",Penthouse,1286,3,3,2004,Garden,2284238
Premium Apartment in Ahmedabad,"Ahmedabad, GJ",Apartment,4422,2,2,2009,"Gym,Pool,Parking,Security,WiFi",1337928
Premium Villa in Mumbai,"Mumbai, MH",Villa,2162,4,3,1997,"Pool,Gym",2928302
Premium Apartment in Ahmedabad,"Ahmedabad, GJ",Apartment,2872,6,2,2016,WiFi,1279612
Premium Townhouse in Bangalore,"Bangalore, KA",Townhouse,2108,1,1,2018,"Garden,Pool",1007524
Premium Villa in Hyderabad,"Hyderabad, TS",Villa,1966,6,3,2010,"WiFi,Security,Gym,Pool,Parking",1514133
Premium Penthouse in Bangalore,"Bangalore, KA",Penthouse,3206,5,3,2015,"Gym,WiFi,Pool,Security",4151210
Premium Apartment in Delhi,"Delhi, DL",Apartment,4284,3,4,1993,"WiFi,Parking,Garden,Gym,Pool",2775497
Premium Penthouse in Kolkata,"Kolkata, WB",Penthouse,2533,3,2,1997,"Pool,Security",1758804
Premium Condo in Pune,"Pune, MH",Condo,2347,1,1,2005,"Parking,Gym",764872
Premium Townhouse in Hyderabad,"Hyderabad, TS",Townhouse,3611,6,4,1983,"Parking,Garden,Pool",1323248
Premium Penthouse in Ahmedabad,"Ahmedabad, GJ",Penthouse,3560,5,4,2023,Gym,2826614
Premium Apartment in Ahmedabad,"Ahmedabad, GJ",Apartment,3934,4,1,1992,"Parking,Pool,Garden,Security,WiFi",1304403
Premium Townhouse in Mumbai,"Mumbai, MH",Townhouse,1775,5,1,2002,"WiFi,Security,Garden,Pool,Gym",1683717
Premium Apartment in Kolkata,"Kolkata, WB",Apartment,1009,3,3,2024,"Security,Pool,WiFi",527876
Premium Condo in Mumbai,"Mumbai, MH",Condo,928,5,4,1988,"Gym,Parking",1272423
Premium Villa in Kolkata,"Kolkata, WB",Villa,3576,5,2,2015,Gym,2108876
Premium Penthouse in Pune,"Pune, MH",Penthouse,783,2,2,2021,"Parking,Security,Garden,Gym,WiFi",737779
Premium Townhouse in Ahmedabad,"Ahmedabad, GJ",Townhouse,1563,1,1,2014,"Pool,Security,WiFi,Gym,Parking",515248
Premium Villa in Hyderabad,"Hyderabad, TS",Villa,1656,5,4,1998,WiFi,1264331
Premium Condo in Chennai,"Chennai, TN",Condo,4627,1,2,2008,"Garden,Gym,Parking",1623296
Premium Penthouse in Pune,"Pune, MH",Penthouse,835,2,4,1981,"Gym,Parking,WiFi,Security",842091
Premium Apartment in Chennai,"Chennai, TN",Apartment,1051,4,3,1992,"Pool,WiFi,Gym",543815
Premium Townhouse in Pune,"Pune, MH",Townhouse,2292,4,4,1983,Pool,958284
Premium Penthouse in Ahmedabad,"Ahmedabad, GJ",Penthouse,4857,1,2,1990,"Gym,Security",3052125
Premium Penthouse in Hyderabad,"Hyderabad, TS",Penthouse,717,5,3,1997,Garden,1063075
Premium Townhouse in Mumbai,"Mumbai, MH",Townhouse,3579,1,1,2001,"Security,Gym",2487827
Premium Villa in Hyderabad,"Hyderabad, TS",Villa,2607,4,2,1990,"Pool,Gym,Parking,Security,Garden",1621660
Premium Condo in Delhi,"Delhi, DL",Condo,4704,1,4,2020,"Gym,Security,WiFi,Parking",2709743
Premium Penthouse in Mumbai,"Mumbai, MH",Penthouse,3544,6,4,2006,"Parking,Garden,WiFi",6140298
Premium Townhouse in Mumbai,"Mumbai, MH",Townhouse,2038,3,4,1999,"Garden,Parking,Security,Pool,Gym",1769098
Premium Condo in Chennai,"Chennai, TN",Condo,692,5,1,1982,"Security,Garden",440285
Premium Villa in Ahmedabad,"Ahmedabad, GJ",Villa,3669,6,4,2024,"Garden,WiFi",2086682
Premium Villa in Hyderabad,"Hyderabad, TS",Villa,703,3,2,2019,"WiFi,Pool,Parking,Security",641644
Premium Penthouse in Bangalore,"Bangalore, KA",Penthouse,2459,6,2,1982,Garden,3261581
Premium Townhouse in Kolkata,"Kolkata, WB",Townhouse,2300,2,1,1994,"WiFi,Parking,Pool,Gym",859877
Premium Apartment in Ahmedabad,"Ahmedabad, GJ",Apartment,608,4,2,2021,"Gym,WiFi,Parking",381829
Premium Townhouse in Hyderabad,"Hyderabad, TS",Townhouse,2388,5,1,2000,Gym,993171
Premium Apartment in Kolkata,"Kolkata, WB",Apartment,3902,1,1,2022,"Parking,Pool,Gym",1173134
Premium Penthouse in Mumbai,"Mumbai, MH",Penthouse,4563,2,1,1983,"Gym,WiFi,Parking,Security,Pool",5895779
Premium Villa in Bangalore,"Bangalore, KA",Villa,4807,4,2,1996,"Security,Parking",3959302
Premium Townhouse in Mumbai,"Mumbai, MH",Townhouse,1283,2,2,1993,Gym,988160
Premium Condo in Ahmedabad,"Ahmedabad, GJ",Condo,4825,1,2,2017,"WiFi,Security,Garden,Pool,Parking",1517226
Premium Villa in Hyderabad,"Hyderabad, TS",Villa,4713,5,1,2023,"Gym,Security",2282296
Premium Apartment in Pune,"Pune, MH",Apartment,702,2,1,2016,Security,335393
Premium Townhouse in Mumbai,"Mumbai, MH",Townhouse,548,3,2,2011,"Gym,WiFi,Security",724614
Premium Townhouse in Ahmedabad,"Ahmedabad, GJ",Townhouse,4080,1,1,2002,"Pool,Garden,Parking,Security,WiFi",1417746
Premium Villa in Chennai,"Chennai, TN",Villa,2586,1,3,1981,WiFi,1307341
Premium Apartment in Bangalore,"Bangalore, KA",Apartment,528,3,1,2018,"Security,Parking",484563
Premium Townhouse in Ahmedabad,"Ahmedabad, GJ",Townhouse,3276,6,3,1988,"Gym,WiFi,Pool",1446292
Premium Condo in Ahmedabad,"Ahmedabad, GJ",Condo,1269,3,4,2023,"Pool,Security,Gym",599743
Premium Townhouse in Hyderabad,"Hyderabad, TS",Townhouse,4745,5,3,1994,"WiFi,Gym",1566043
Premium Penthouse in Chennai,"Chennai, TN",Penthouse,4840,6,3,2010,"Parking,WiFi,Security,Pool,Garden",3703858
Premium Condo in Pune,"Pune, MH",Condo,4096,4,4,1990,"Gym,Parking,WiFi,Pool",1611657
Premium Villa in Bangalore,"Bangalore, KA",Villa,1461,3,1,1997,"Parking,Security",1313835
Premium Apartment in Chennai,"Chennai, TN",Apartment,908,1,3,2010,"Security,Garden,Gym",405073
Premium Apartment in Hyderabad,"Hyderabad, TS",Apartment,4487,2,3,1982,"Parking,Gym,Pool,Garden",1456921
Premium Apartment in Pune,"Pune, MH",Apartment,4562,4,2,1991,"WiFi,Gym,Garden,Security",1665040
Premium Townhouse in Chennai,"Chennai, TN",Townhouse,2291,5,1,2024,"Garden,Parking,WiFi,Gym,Security",926112
Premium Apartment in Chennai,"Chennai, TN",Apartment,4067,2,1,2007,"Pool,Parking",1292599
Premium Apartment in Chennai,"Chennai, TN",Apartment,3700,1,1,1980,"Pool,Security,Gym,WiFi",1274404
Premium Villa in Hyderabad,"Hyderabad, TS",Villa,4282,2,3,2017,"Gym,Pool",2042786
Premium Villa in Pune,"Pune, MH",Villa,4921,1,2,2004,Gym,2213510
Premium Penthouse in Chennai,"Chennai, TN",Penthouse,3293,1,4,2007,Garden,2206387
Premium Townhouse in Chennai,"Chennai, TN",Townhouse,2803,5,1,1993,Garden,1040447
Premium Villa in Bangalore,"Bangalore, KA",Villa,1896,1,3,2024,"Security,Garden,WiFi,Pool,Parking",1642928
Premium Penthouse in Chennai,"Chennai, TN",Penthouse,1362,4,4,2021,Parking,1450256
Premium Townhouse in Ahmedabad,"Ahmedabad, GJ",Townhouse,4704,6,1,2019,"Security,Gym,WiFi,Garden,Pool",1805683
Premium Apartment in Delhi,"Delhi, DL",Apartment,2246,3,2,2023,"Garden,WiFi",1495586
Premium Penthouse in Mumbai,"Mumbai, MH",Penthouse,4222,4,4,1987,"Gym,WiFi,Security,Pool",5733527
Premium Penthouse in Delhi,"Delhi, DL",Penthouse,3265,1,3,2016,Parking,4254391
Premium Condo in Chennai,"Chennai, TN",Condo,4266,4,1,1986,"Garden,Gym,Pool",1596699
Premium Townhouse in Chennai,"Chennai, TN",Townhouse,3917,3,2,1984,"Gym,WiFi,Security",1374082
Premium Penthouse in Kolkata,"Kolkata, WB",Penthouse,2556,4,4,1991,"Security,Pool,WiFi,Parking,Gym",2230642
Premium Condo in Bangalore,"Bangalore, KA",Condo,2243,6,2,2003,"Parking,WiFi,Security",1476417
Premium Townhouse in Kolkata,"Kolkata, WB",Townhouse,2899,3,4,2013,"Parking,Security,Pool",1184982
Premium Penthouse in Chennai,"Chennai, TN",Penthouse,1176,2,4,1996,"Pool,Security,Gym",1081681
Premium Townhouse in Bangalore,"Bangalore, KA",Townhouse,2120,1,2,2008,"Parking,Gym,WiFi",1029693
Premium Townhouse in Delhi,"Delhi, DL",Townhouse,4801,6,3,1985,"Security,Parking,Pool,Gym,WiFi",3315578
Premium Condo in Bangalore,"Bangalore, KA",Condo,4622,4,2,1980,Pool,2678523
Premium Apartment in Kolkata,"Kolkata, WB",Apartment,1690,4,2,2001,"Parking,Security,Garden,Gym",711066
Premium Villa in Pune,"Pune, MH",Villa,3838,6,2,1980,"Gym,Garden,WiFi,Parking",2331544
Premium Condo in Delhi,"Delhi, DL",Condo,3350,3,3,1987,"Gym,WiFi,Pool",2193937
Premium Condo in Mumbai,"Mumbai, MH",Condo,3849,6,4,2006,"Gym,Parking,Pool,WiFi",3218922
Premium Condo in Ahmedabad,"Ahmedabad, GJ",Condo,3292,6,4,2010,"Gym,Pool,Security",1374527
Premium Condo in Hyderabad,"Hyderabad, TS",Condo,3094,4,2,1986,"Pool,Gym,WiFi,Security",1051956
Premium Villa in Hyderabad,"Hyderabad, TS",Villa,2555,5,4,1995,"Gym,Garden",1636128
Premium Condo in Pune,"Pune, MH",Condo,2612,6,1,2020,Parking,1164406
Premium Penthouse in Mumbai,"Mumbai, MH",Penthouse,2064,3,3,2015,"Garden,Parking",3182033
Premium Condo in Pune,"Pune, MH",Condo,1998,1,3,2023,WiFi,663649
Premium Condo in Delhi,"Delhi, DL",Condo,844,4,2,1980,"Pool,Parking,WiFi,Gym,Garden",963648
Premium Condo in Mumbai,"Mumbai, MH",Condo,4778,5,4,1990,"Gym,Parking,Security,Pool",3484925
Premium Penthouse in Ahmedabad,"Ahmedabad, GJ",Penthouse,2201,5,2,2023,"Gym,Garden,WiFi,Security",1735327
Premium Penthouse in Delhi,"Delhi, DL",Penthouse,718,3,3,2005,"Pool,Security,Garden",1392725
Premium Apartment in Bangalore,"Bangalore, KA",Apartment,3551,6,2,1989,"Gym,Garden,Security",2270961
Premium Villa in Ahmedabad,"Ahmedabad, GJ",Villa,734,6,4,1989,Gym,880889
Premium Townhouse in Ahmedabad,"Ahmedabad, GJ",Townhouse,890,3,2,2013,Gym,470735
Premium Townhouse in Mumbai,"Mumbai, MH",Townhouse,3555,5,4,1989,Pool,2583021
Premium Penthouse in Delhi,"Delhi, DL",Penthouse,3325,5,2,2006,Gym,4939583
Premium Townhouse in Delhi,"Delhi, DL",Townhouse,3490,6,2,1995,Garden,2566766
Premium Villa in Pune,"Pune, MH",Villa,1169,6,2,1993,"WiFi,Security,Parking,Gym",1020790
Premium Apartment in Delhi,"Delhi, DL",Apartment,4753,1,1,1984,"Gym,WiFi",2707415
Premium Penthouse in Ahmedabad,"Ahmedabad, GJ",Penthouse,2364,4,3,2022,"Security,Garden,WiFi,Pool,Parking",1934113
Premium Villa in Bangalore,"Bangalore, KA",Villa,1091,6,3,1990,"Parking,Gym",1465370
Premium Villa in Ahmedabad,"Ahmedabad, GJ",Villa,4582,1,4,2005,Security,2419388
Premium Townhouse in Kolkata,"Kolkata, WB",Townhouse,3749,5,2,1995,"WiFi,Security,Parking,Garden,Pool",1377385
Premium Townhouse in Bangalore,"Bangalore, KA",Townhouse,1905,2,2,2013,"Security,Parking,Gym,WiFi",1032453
Premium Apartment in Kolkata,"Kolkata, WB",Apartment,673,1,3,2006,"Security,Pool,Gym",304272
Premium Penthouse in Mumbai,"Mumbai, MH",Penthouse,1170,2,3,1993,"Garden,Parking,Gym",1900097
Premium Townhouse in Pune,"Pune, MH",Townhouse,1410,1,4,1987,"Security,Garden,WiFi",529062
Premium Townhouse in Bangalore,"Bangalore, KA",Townhouse,2932,6,4,2017,WiFi,1979471
Premium Condo in Bangalore,"Bangalore, KA",Condo,4560,3,1,2000,"Pool,Security,Gym,Parking",2475714
Premium Townhouse in Pune,"Pune, MH",Townhouse,3903,4,4,1987,"Garden,WiFi",1374433
Premium Condo in Chennai,"Chennai, TN",Condo,2854,1,3,1994,"Gym,Security,Pool,Garden",1013734
Premium Apartment in Pune,"Pune, MH",Apartment,2783,5,2,1983,"Security,Garden,Parking,WiFi",1090300
Premium Condo in Ahmedabad,"Ahmedabad, GJ",Condo,3991,6,4,2012,"Security,Garden",1569858
Premium Condo in Chennai,"Chennai, TN",Condo,2444,2,4,2019,Security,905303
Premium Apartment in Hyderabad,"Hyderabad, TS",Apartment,4512,5,1,2018,"Pool,Garden",1674918
Premium Villa in Bangalore,"Bangalore, KA",Villa,3472,3,2,1983,"WiFi,Gym,Garden,Pool",2905016
Premium Apartment in Bangalore,"Bangalore, KA",Apartment,688,1,4,1995,"Garden,WiFi",473655
Premium Apartment in Delhi,"Delhi, DL",Apartment,4506,6,2,2000,"WiFi,Garden,Security,Pool",3050477
Premium Penthouse in Mumbai,"Mumbai, MH",Penthouse,3158,1,4,2011,Gym,4604693
Premium Apartment in Hyderabad,"Hyderabad, TS",Apartment,2033,5,3,2011,WiFi,902131
Premium Townhouse in Delhi,"Delhi, DL",Townhouse,1934,4,1,2005,"Gym,Security,Parking,Garden",1532511
Premium Townhouse in Chennai,"Chennai, TN",Townhouse,3430,2,2,2017,"Parking,Security,Garden",1232555
Premium Condo in Bangalore,"Bangalore, KA",Condo,2659,4,1,2009,"WiFi,Pool,Security,Garden",1532082
Premium Penthouse in Mumbai,"Mumbai, MH",Penthouse,4733,1,4,2005,Security,6243027
Premium Apartment in Bangalore,"Bangalore, KA",Apartment,1612,2,2,2005,"Parking,WiFi",1023570
Premium Condo in Bangalore,"Bangalore, KA",Condo,595,1,2,2013,"WiFi,Gym,Pool,Garden,Security",367856
Premium Villa in Delhi,"Delhi, DL",Villa,4385,6,2,2020,"Security,Parking,Pool,Gym,WiFi",4393440
Premium Penthouse in Chennai,"Chennai, TN",Penthouse,4362,4,3,2011,"Garden,Parking,Gym,Security,Pool",3426177
Premium Penthouse in Kolkata,"Kolkata, WB",Penthouse,4858,3,3,2006,"WiFi,Parking,Gym,Garden,Security",3004787
Premium Condo in Pune,"Pune, MH",Condo,2509,1,2,2015,"Parking,Security,Garden,Gym,WiFi",807665
Premium Condo in Mumbai,"Mumbai, MH",Condo,1791,5,4,2008,"Garden,Gym,Security,WiFi",1571061
Premium Apartment in Pune,"Pune, MH",Apartment,4196,4,4,2022,"Gym,Pool,Security,WiFi,Garden",1660992
Premium Penthouse in Ahmedabad,"Ahmedabad, GJ",Penthouse,3998,3,4,2014,Pool,2598651
Premium Condo in Mumbai,"Mumbai, MH",Condo,1254,4,2,2007,Parking,1254071
Premium Villa in Pune,"Pune, MH",Villa,1813,4,2,1993,"Security,Gym,Pool,WiFi,Garden",1225310
Premium Villa in Kolkata,"Kolkata, WB",Villa,3183,5,4,2012,"Pool,Gym,WiFi,Garden",1959554
Premium Apartment in Chennai,"Chennai, TN",Apartment,1966,1,2,1992,"Security,Pool,WiFi",698209
Premium Townhouse in Mumbai,"Mumbai, MH",Townhouse,1147,6,1,2000,"Pool,WiFi",1313218
Premium Condo in Pune,"Pune, MH",Condo,1865,4,3,1999,"Garden,Pool,Parking",881131
Premium Townhouse in Pune,"Pune, MH",Townhouse,982,2,4,2008,"Gym,Garden,Pool,Parking,Security",488810
Premium Apartment in Chennai,"Chennai, TN",Apartment,3960,4,3,1985,"Parking,Security,WiFi,Gym",1306399
Premium Condo in Bangalore,"Bangalore, KA",Condo,3755,6,2,2012,"Pool,Garden,Parking,Gym",2383910
Premium Apartment in Hyderabad,"Hyderabad, TS",Apartment,2717,6,2,1983,"Gym,WiFi,Parking,Garden",1093155
Premium Villa in Hyderabad,"Hyderabad, TS",Villa,2212,3,4,1999,"Security,WiFi",1209680
Premium Penthouse in Hyderabad,"Hyderabad, TS",Penthouse,4597,5,4,2004,"Gym,WiFi,Parking,Security,Pool",3498019
Premium Villa in Bangalore,"Bangalore, KA",Villa,800,3,3,1989,Pool,983791
Premium Apartment in Chennai,"Chennai, TN",Apartment,2049,2,3,1985,"Security,Parking",767557
Premium Apartment in Mumbai,"Mumbai, MH",Apartment,4010,1,4,1987,Security,2588960
Premium Condo in Pune,"Pune, MH",Condo,2496,3,3,1989,"Parking,WiFi,Security,Garden,Gym",982418
Premium Villa in Pune,"Pune, MH",Villa,2995,5,2,2002,"WiFi,Parking,Security,Garden,Pool",1640472
Premium Condo in Hyderabad,"Hyderabad, TS",Condo,1145,2,2,2009,"Gym,Parking,WiFi,Garden",461632
Premium Penthouse in Bangalore,"Bangalore, KA",Penthouse,2213,4,4,2018,"Pool,Gym",2616883
Premium Apartment in Kolkata,"Kolkata, WB",Apartment,1631,4,2,1996,"Security,Garden,Pool,WiFi",768285
Premium Penthouse in Hyderabad,"Hyderabad, TS",Penthouse,1067,6,3,1992,"Garden,Security,Gym,WiFi",1321165
Premium Penthouse in Mumbai,"Mumbai, MH",Penthouse,2251,1,3,1994,"Parking,Pool",3323091
Premium Condo in Mumbai,"Mumbai, MH",Condo,4035,2,1,1983,Garden,2697672
Premium Villa in Mumbai,"Mumbai, MH",Villa,2020,6,1,2008,"Garden,Parking,Gym",2663552
Premium Penthouse in Chennai,"Chennai, TN",Penthouse,4853,4,4,2004,"WiFi,Parking,Gym,Garden,Pool",3711027
Premium Townhouse in Ahmedabad,"Ahmedabad, GJ",Townhouse,1862,2,4,2005,"Parking,Pool,Gym",682632
Premium Villa in Kolkata,"Kolkata, WB",Villa,2742,2,2,1985,"Gym,WiFi,Parking,Security,Pool",1492035
Premium Townhouse in Kolkata,"Kolkata, WB",Townhouse,4561,1,3,1984,"WiFi,Parking,Gym,Pool",1403021
Premium Villa in Hyderabad,"Hyderabad, TS",Villa,1194,6,4,2011,"Parking,Pool,Gym,WiFi",1064195
Premium Villa in Mumbai,"Mumbai, MH",Villa,1252,5,2,2005,"Security,Pool",2007392
Premium Penthouse in Delhi,"Delhi, DL",Penthouse,1305,6,4,1998,"Garden,Gym,Security",2927205
Premium Villa in Bangalore,"Bangalore, KA",Villa,3664,6,1,1990,"WiFi,Security,Gym,Garden,Pool",3185746
Premium Condo in Mumbai,"Mumbai, MH",Condo,649,1,3,1999,"Parking,Pool,WiFi",575364
Premium Penthouse in Bangalore,"Bangalore, KA",Penthouse,869,3,1,2008,"Security,Pool,Parking",1226787
Premium Apartment in Ahmedabad,"Ahmedabad, GJ",Apartment,4287,2,4,2008,"WiFi,Parking,Security,Gym",1492969
Premium Apartment in Ahmedabad,"Ahmedabad, GJ",Apartment,641,3,2,2007,"Gym,Pool",419072
Premium Penthouse in Bangalore,"Bangalore, KA",Penthouse,4243,5,2,2019,"Security,Parking,WiFi",4862589
Premium Townhouse in Chennai,"Chennai, TN",Townhouse,787,2,2,1989,"Garden,Security",371841
Premium Penthouse in Hyderabad,"Hyderabad, TS",Penthouse,1745,6,1,1987,"Security,Garden",1664431
Premium Penthouse in Delhi,"Delhi, DL",Penthouse,4139,1,1,1980,"Parking,Security,Gym,Garden,Pool",4475443
Premium Condo in Ahmedabad,"Ahmedabad, GJ",Condo,1605,3,2,2001,Security,616702
Premium Penthouse in Pune,"Pune, MH",Penthouse,1060,4,3,2004,"WiFi,Garden,Parking",1068979
Premium Villa in Mumbai,"Mumbai, MH",Villa,4796,6,3,1981,"Security,WiFi",5819254
Premium Condo in Delhi,"Delhi, DL",Condo,4179,2,2,1988,Gym,2462724
Premium Apartment in Bangalore,"Bangalore, KA",Apartment,3414,3,1,1993,"Pool,Gym",1688283
Premium Townhouse in Mumbai,"Mumbai, MH",Townhouse,3626,5,1,2019,Pool,2737980
Premium Apartment in Mumbai,"Mumbai, MH",Apartment,4209,6,2,2022,Pool,3023551
Premium Penthouse in Delhi,"Delhi, DL",Penthouse,3916,6,1,2020,"Garden,Gym,Pool,WiFi",4897401
Premium Villa in Pune,"Pune, MH",Villa,3918,6,4,2009,"Pool,Gym,Garden",2266686
Premium Apartment in Kolkata,"Kolkata, WB",Apartment,4824,3,2,2012,"Parking,Gym",1518917
Premium Villa in Pune,"Pune, MH",Villa,1684,2,3,1994,"Gym,Parking",1095621
Premium Condo in Ahmedabad,"Ahmedabad, GJ",Condo,3583,3,1,2012,"Gym,WiFi,Pool,Garden,Security",1290227
Premium Townhouse in Bangalore,"Bangalore, KA",Townhouse,1204,3,3,2021,"Garden,WiFi,Security,Parking",898044
Premium Penthouse in Mumbai,"Mumbai, MH",Penthouse,1070,2,3,1983,"Garden,Security,Pool",1945059
Premium Penthouse in Bangalore,"Bangalore, KA",Penthouse,4013,1,2,2015,"WiFi,Pool,Parking",3543434
Premium Villa in Hyderabad,"Hyderabad, TS",Villa,562,6,3,1994,"WiFi,Pool,Security,Parking,Gym",843413
Premium Villa in Kolkata,"Kolkata, WB",Villa,1872,1,4,1987,Garden,1018160
Premium Townhouse in Mumbai,"Mumbai, MH",Townhouse,1053,1,3,1987,"WiFi,Pool",778737
Premium Villa in Delhi,"Delhi, DL",Villa,3696,5,1,1998,"Gym,Parking,Pool,WiFi,Garden",3403436
Premium Apartment in Mumbai,"Mumbai, MH",Apartment,4536,3,1,1998,Pool,2968564
Premium Penthouse in Pune,"Pune, MH",Penthouse,2702,5,1,1993,Pool,2298251
Premium Villa in Kolkata,"Kolkata, WB",Villa,1321,4,4,2013,"Gym,Security,Pool",950859
Premium Villa in Bangalore,"Bangalore, KA",Villa,4755,6,3,1999,"Parking,Pool",3817718
Premium Villa in Mumbai,"Mumbai, MH",Villa,1575,5,3,2015,"Gym,Security,Pool,Garden,Parking",2393733
Premium Penthouse in Chennai,"Chennai, TN",Penthouse,4609,1,2,2002,"Pool,Garden",3194537
Premium Villa in Mumbai,"Mumbai, MH",Villa,1171,6,1,1995,"WiFi,Garden,Parking,Pool",1842183
Premium Villa in Chennai,"Chennai, TN",Villa,693,5,1,1986,"Garden,WiFi,Parking",687246
Premium Villa in Kolkata,"Kolkata, WB",Villa,4027,1,1,2012,"WiFi,Parking",1895529
Premium Penthouse in Chennai,"Chennai, TN",Penthouse,1736,1,3,1981,"Security,Garden,Gym",1191868
Premium Townhouse in Kolkata,"Kolkata, WB",Townhouse,3448,2,4,2020,Security,1184007
Premium Penthouse in Kolkata,"Kolkata, WB",Penthouse,2283,2,3,1988,Gym,1835106
Premium Townhouse in Hyderabad,"Hyderabad, TS",Townhouse,3133,6,3,1996,Gym,1353841
Premium Townhouse in Ahmedabad,"Ahmedabad, GJ",Townhouse,788,6,3,1991,"Parking,WiFi,Pool,Security,Garden",646200
Premium Apartment in Mumbai,"Mumbai, MH",Apartment,1430,5,4,1986,"WiFi,Gym,Garden,Parking",1665092
Premium Villa in Chennai,"Chennai, TN",Villa,3352,5,4,2010,"WiFi,Security,Gym",2042279
Premium Penthouse in Ahmedabad,"Ahmedabad, GJ",Penthouse,4722,2,1,2014,"WiFi,Pool,Parking,Security,Garden",2814003
Premium Apartment in Ahmedabad,"Ahmedabad, GJ",Apartment,611,1,2,2006,"WiFi,Gym,Pool",288482
Premium Villa in Delhi,"Delhi, DL",Villa,544,5,1,2003,"Pool,Security,Garden",1257737
Premium Villa in Bangalore,"Bangalore, KA",Villa,4475,2,2,2015,"WiFi,Security,Garden",3383246
Premium Townhouse in Hyderabad,"Hyderabad, TS",Townhouse,1199,6,2,1990,"Gym,WiFi",630048
Premium Villa in Kolkata,"Kolkata, WB",Villa,2708,5,3,2011,"Security,WiFi,Gym,Parking",1539969
Premium Townhouse in Kolkata,"Kolkata, WB",Townhouse,3776,6,4,2008,"WiFi,Security,Parking",1565476
Premium Condo in Mumbai,"Mumbai, MH",Condo,2025,4,1,2015,"Garden,WiFi,Pool,Parking,Security",1563984
Premium Villa in Hyderabad,"Hyderabad, TS",Villa,2992,1,3,1981,"WiFi,Security,Gym,Garden",1534474
Premium Villa in Kolkata,"Kolkata, WB",Villa,3156,2,1,2012,"WiFi,Garden",1624373
Premium Townhouse in Hyderabad,"Hyderabad, TS",Townhouse,3363,6,3,1998,Gym,1428496
Premium Villa in Delhi,"Delhi, DL",Villa,3256,3,2,2020,"Security,WiFi,Pool,Garden,Parking",3450194
Premium Penthouse in Bangalore,"Bangalore, KA",Penthouse,4269,6,4,1982,"Gym,Garden",5064160
Premium Villa in Mumbai,"Mumbai, MH",Villa,1661,1,2,1981,"WiFi,Garden,Pool,Parking,Gym",1741874
Premium Townhouse in Chennai,"Chennai, TN",Townhouse,2523,4,3,2012,Gym,947904
Premium Villa in Ahmedabad,"Ahmedabad, GJ",Villa,823,1,4,1993,Garden,582578
Premium Condo in Pune,"Pune, MH",Condo,3813,6,1,2021,"Parking,WiFi,Pool,Gym,Security",1474488
Premium Townhouse in Chennai,"Chennai, TN",Townhouse,873,1,1,1986,"Parking,Security,WiFi,Pool,Garden",337121
Premium Condo in Ahmedabad,"Ahmedabad, GJ",Condo,2239,5,3,1983,"Security,WiFi,Parking,Garden,Gym",993613
Premium Apartment in Mumbai,"Mumbai, MH",Apartment,1588,4,3,2023,"Pool,Garden,Gym",1571009
Premium Penthouse in Hyderabad,"Hyderabad, TS",Penthouse,1168,6,1,2020,Garden,1384614
Premium Condo in Ahmedabad,"Ahmedabad, GJ",Condo,4173,1,4,2007,"Security,Pool,Parking,Garden,WiFi",1356184
Premium Townhouse in Kolkata,"Kolkata, WB",Townhouse,2610,1,2,2006,"Parking,Pool,Security,WiFi",903514
Premium Condo in Delhi,"Delhi, DL",Condo,2666,2,3,2005,"Pool,Gym,Parking,Security",1835385
Premium Townhouse in Chennai,"Chennai, TN",Townhouse,4185,3,2,1980,Garden,1378726
Premium Apartment in Ahmedabad,"Ahmedabad, GJ",Apartment,982,6,2,2022,"Parking,Gym",645386
Premium Condo in Pune,"Pune, MH",Condo,2337,5,4,2002,"Garden,WiFi,Parking,Pool",1123235
Premium Apartment in Bangalore,"Bangalore, KA",Apartment,1816,4,4,1983,"WiFi,Security,Gym,Pool,Parking",1152068
Premium Villa in Pune,"Pune, MH",Villa,4359,1,3,2000,"Pool,Gym,Security,Garden,Parking",2141319
Premium Villa in Hyderabad,"Hyderabad, TS",Villa,3363,3,4,1998,"WiFi,Garden,Gym",1901159
Premium Penthouse in Pune,"Pune, MH",Penthouse,2302,5,3,2017,"Gym,Pool,WiFi,Security",1816147
Premium Villa in Pune,"Pune, MH",Villa,1905,4,2,2012,"Gym,Security",1277887
Premium Penthouse in Delhi,"Delhi, DL",Penthouse,3263,1,1,1981,"Garden,Gym,Pool,Security,Parking",4135413
Premium Condo in Pune,"Pune, MH",Condo,1495,6,4,1992,"Pool,Garden,WiFi,Gym,Parking",756867
Premium Villa in Mumbai,"Mumbai, MH",Villa,4700,3,4,1999,"WiFi,Pool,Gym",5287237
Premium Condo in Pune,"Pune, MH",Condo,4254,2,3,1986,"Garden,WiFi,Parking,Pool",1492473
Premium Townhouse in Chennai,"Chennai, TN",Townhouse,867,1,1,1980,"Parking,Pool",336765
Premium Penthouse in Chennai,"Chennai, TN",Penthouse,1981,6,1,2001,Gym,1826888
Premium Penthouse in Delhi,"Delhi, DL",Penthouse,1690,3,3,1983,"Security,Pool",2825373
Premium Townhouse in Mumbai,"Mumbai, MH",Townhouse,1649,3,1,1988,Security,1339876
Premium Villa in Pune,"Pune, MH",Villa,2296,5,2,1993,Garden,1474677
Premium Condo in Delhi,"Delhi, DL",Condo,1122,6,1,1999,"WiFi,Parking,Gym",1240676
Premium Condo in Hyderabad,"Hyderabad, TS",Condo,2574,5,3,1998,"Pool,Garden",1139924
Premium Apartment in Pune,"Pune, MH",Apartment,1634,2,3,2020,"Parking,Garden",662727
Premium Townhouse in Bangalore,"Bangalore, KA",Townhouse,3692,4,4,1997,"WiFi,Gym,Garden,Pool,Parking",1898290
Premium Villa in Ahmedabad,"Ahmedabad, GJ",Villa,2966,1,1,2024,"WiFi,Pool,Security",1375571
Premium Penthouse in Kolkata,"Kolkata, WB",Penthouse,3570,6,2,2005,"Pool,Parking,WiFi",2547684
Premium Condo in Kolkata,"Kolkata, WB",Condo,1332,1,4,2019,"Garden,Security",496819
Premium Condo in Hyderabad,"Hyderabad, TS",Condo,2781,3,1,1997,Parking,1025468
Premium Condo in Chennai,"Chennai, TN",Condo,2278,3,1,2005,"Security,WiFi",808647
Premium Condo in Kolkata,"Kolkata, WB",Condo,2699,3,2,1989,"Parking,Gym,Security",975301
Premium Villa in Hyderabad,"Hyderabad, TS",Villa,1729,5,4,2014,"Pool,WiFi",1320703
Premium Apartment in Kolkata,"Kolkata, WB",Apartment,3749,3,1,2010,"Parking,WiFi",1213320
Premium Villa in Bangalore,"Bangalore, KA",Villa,2451,2,2,2006,"WiFi,Gym,Pool,Security,Parking",1973213
Premium Condo in Chennai,"Chennai, TN",Condo,4188,1,4,2005,"WiFi,Security,Gym",1435096
Premium Townhouse in Kolkata,"Kolkata, WB",Townhouse,2685,3,4,1992,"Parking,Garden,Pool,WiFi,Gym",1013591
Premium Condo in Mumbai,"Mumbai, MH",Condo,629,3,4,2023,"Gym,Security,Parking,Garden",836932
Premium Apartment in Ahmedabad,"Ahmedabad, GJ",Apartment,4597,6,1,1987,"Parking,Security,Gym,Pool",1738832
Premium Condo in Ahmedabad,"Ahmedabad, GJ",Condo,1319,4,1,2024,"Parking,WiFi,Garden,Gym,Pool",624507
Premium Penthouse in Kolkata,"Kolkata, WB",Penthouse,1411,3,1,1994,"WiFi,Gym,Parking",1260667
Premium Townhouse in Chennai,"Chennai, TN",Townhouse,1860,1,2,2001,"WiFi,Garden,Gym",712501
Premium Condo in Kolkata,"Kolkata, WB",Condo,560,1,1,1993,"Parking,Security",259088
Premium Townhouse in Delhi,"Delhi, DL",Townhouse,1570,4,1,1992,"Pool,Gym,WiFi,Security",1209898
Premium Condo in Bangalore,"Bangalore, KA",Condo,3487,4,4,2016,"WiFi,Garden",2045669
Premium Penthouse in Chennai,"Chennai, TN",Penthouse,546,4,2,2020,"Garden,Parking,Security",855660
Premium Townhouse in Pune,"Pune, MH",Townhouse,2919,6,2,2015,"Pool,Gym,Parking,Security",1162684
Premium Apartment in Pune,"Pune, MH",Apartment,830,1,3,1986,Gym,339376
Premium Condo in Mumbai,"Mumbai, MH",Condo,2069,1,1,2022,"Pool,Gym",1400930
Premium Condo in Hyderabad,"Hyderabad, TS",Condo,2412,5,4,1996,"WiFi,Parking,Pool",1015387
Premium Apartment in Pune,"Pune, MH",Apartment,2149,2,1,1990,"Pool,Security,Parking,Garden",734356
Premium Apartment in Ahmedabad,"Ahmedabad, GJ",Apartment,503,6,4,2008,Pool,493168
Premium Villa in Hyderabad,"Hyderabad, TS",Villa,947,5,4,1987,"Parking,Garden,Gym,Security",954312
Premium Condo in Mumbai,"Mumbai, MH",Condo,547,6,4,2001,"Pool,WiFi,Gym,Garden,Security",1137526
Premium Apartment in Ahmedabad,"Ahmedabad, GJ",Apartment,4918,6,1,1981,WiFi,1832221
Premium Apartment in Bangalore,"Bangalore, KA",Apartment,2563,6,1,1984,"Garden,Pool,Security",1500419
Premium Villa in Hyderabad,"Hyderabad, TS",Villa,2217,6,3,1996,"Security,Parking",1504947
Premium Townhouse in Bangalore,"Bangalore, KA",Townhouse,1381,4,2,2016,WiFi,1019508
Premium Villa in Bangalore,"Bangalore, KA",Villa,3087,4,2,1982,"WiFi,Parking,Garden,Gym",2468686
Premium Villa in Ahmedabad,"Ahmedabad, GJ",Villa,1496,2,4,1994,WiFi,935522
Premium Villa in Pune,"Pune, MH",Villa,2332,1,3,2020,"Parking,Pool,Security,WiFi,Gym",1164065
Premium Villa in Delhi,"Delhi, DL",Villa,2768,2,4,2018,Pool,2696432
Premium Apartment in Kolkata,"Kolkata, WB",Apartment,1965,4,4,2021,"WiFi,Garden,Parking,Gym",868596
Premium Condo in Bangalore,"Bangalore, KA",Condo,2042,1,1,2008,Pool,933858
Premium Villa in Kolkata,"Kolkata, WB",Villa,736,3,4,2019,"Parking,Security",690586
Premium Townhouse in Delhi,"Delhi, DL",Townhouse,2880,2,1,2021,"WiFi,Security,Pool",1699478
Premium Townhouse in Delhi,"Delhi, DL",Townhouse,1237,1,1,1984,"Security,Pool,WiFi,Garden,Gym",764082
Premium Apartment in Bangalore,"Bangalore, KA",Apartment,3237,3,3,1985,Pool,1906424
Premium Villa in Mumbai,"Mumbai, MH",Villa,3685,6,1,2007,"WiFi,Pool,Security,Parking",3981382
Premium Penthouse in Pune,"Pune, MH",Penthouse,3165,6,3,1989,"Security,Pool",2583559
Premium Apartment in Pune,"Pune, MH",Apartment,3793,6,2,2016,"Gym,WiFi,Parking",1438457
Premium Penthouse in Bangalore,"Bangalore, KA",Penthouse,2595,6,1,1993,"Garden,Pool",3091694
Premium Villa in Ahmedabad,"Ahmedabad, GJ",Villa,3695,4,1,1984,Security,2009368
Premium Penthouse in Bangalore,"Bangalore, KA",Penthouse,3258,4,2,2015,"Security,Pool,Gym,Parking,WiFi",3809419
Premium Penthouse in Chennai,"Chennai, TN",Penthouse,3311,1,4,2005,"Parking,Gym,Pool,Security",2229589
Premium Apartment in Hyderabad,"Hyderabad, TS",Apartment,591,3,1,1980,Gym,333100
Premium Apartment in Ahmedabad,"Ahmedabad, GJ",Apartment,2771,4,4,2021,"Pool,Security",1051794
Premium Condo in Hyderabad,"Hyderabad, TS",Condo,4092,6,1,2001,"Pool,Parking,WiFi,Garden",1518187
Premium Villa in Pune,"Pune, MH",Villa,4113,1,3,2004,"Gym,Garden,Security,WiFi",1854802
Premium Penthouse in Ahmedabad,"Ahmedabad, GJ",Penthouse,4291,4,3,1996,"Gym,WiFi,Parking,Garden,Security",3186623
Premium Villa in Delhi,"Delhi, DL",Villa,1802,3,3,2020,"Pool,Parking",2192660
Premium Apartment in Hyderabad,"Hyderabad, TS",Apartment,4281,2,3,1988,"Garden,WiFi",1335533
Premium Condo in Delhi,"Delhi, DL",Condo,1282,3,3,2001,"WiFi,Pool",1094143
Premium Apartment in Kolkata,"Kolkata, WB",Apartment,2304,1,3,2015,"Pool,Security",853008
Premium Apartment in Pune,"Pune, MH",Apartment,2541,6,3,1990,Gym,1135589
Premium Villa in Pune,"Pune, MH",Villa,2193,4,1,1993,"WiFi,Garden,Pool,Security,Parking",1240773
Premium Townhouse in Ahmedabad,"Ahmedabad, GJ",Townhouse,4977,5,4,2005,"Security,Garden,WiFi,Gym,Parking",1891904
Premium Penthouse in Delhi,"Delhi, DL",Penthouse,998,6,1,2013,"Gym,Garden,Security",2372641
Premium Penthouse in Mumbai,"Mumbai, MH",Penthouse,1552,3,3,2000,"Gym,WiFi,Garden",2732149
Premium Apartment in Bangalore,"Bangalore, KA",Apartment,3711,5,1,1980,"Parking,WiFi,Gym",2196605
Premium Townhouse in Hyderabad,"Hyderabad, TS",Townhouse,3787,2,4,2006,"Gym,Garden",1428247
Premium Townhouse in Bangalore,"Bangalore, KA",Townhouse,1514,6,1,2008,"WiFi,Garden,Parking",1139765
Premium Condo in Kolkata,"Kolkata, WB",Condo,619,4,2,2008,"Pool,Gym",427871
Premium Penthouse in Pune,"Pune, MH",Penthouse,4132,3,3,2007,"Gym,Parking",2624146
Premium Condo in Kolkata,"Kolkata, WB",Condo,2670,1,1,2023,"Gym,Garden,Pool,Security,WiFi",870788
Premium Villa in Mumbai,"Mumbai, MH",Villa,2433,2,1,1999,"Gym,Security,Garden,Pool,WiFi",2713481
Premium Townhouse in Bangalore,"Bangalore, KA",Townhouse,4263,6,2,2005,"Security,Parking,WiFi,Garden",2335113
Premium Villa in Hyderabad,"Hyderabad, TS",Villa,3719,4,4,2000,WiFi,2291325
Premium Penthouse in Delhi,"Delhi, DL",Penthouse,1920,1,4,2015,"Pool,Garden,Gym,WiFi,Security",2457282
Premium Apartment in Pune,"Pune, MH",Apartment,4891,6,2,1982,"Garden,WiFi,Security,Parking,Pool",1825373
Premium Penthouse in Bangalore,"Bangalore, KA",Penthouse,1529,6,2,2017,"Security,Gym,Garden,Pool",2425678
Premium Townhouse in Delhi,"Delhi, DL",Townhouse,1011,6,4,2023,"Parking,Gym,Security,Pool,Garden",1299781
Premium Townhouse in Hyderabad,"Hyderabad, TS",Townhouse,1537,2,1,2009,"Pool,Parking",542036
Premium Condo in Pune,"Pune, MH",Condo,3142,1,4,1980,Pool,1054822
Premium Townhouse in Ahmedabad,"Ahmedabad, GJ",Townhouse,1454,5,1,2003,"Garden,Security,Parking",744241
Premium Condo in Chennai,"Chennai, TN",Condo,3574,2,1,1986,"Security,Garden,WiFi",1237803
Premium Penthouse in Pune,"Pune, MH",Penthouse,2825,5,2,2015,"Garden,Gym",2364819
Premium Penthouse in Bangalore,"Bangalore, KA",Penthouse,1667,1,2,2024,"Pool,WiFi,Parking,Garden",1938567
Premium Townhouse in Mumbai,"Mumbai, MH",Townhouse,3441,6,3,2018,"Pool,Security",2903163
Premium Townhouse in Delhi,"Delhi, DL",Townhouse,2823,5,2,2002,Pool,1951009
Premium Townhouse in Hyderabad,"Hyderabad, TS",Townhouse,510,6,2,2022,"Garden,Gym,WiFi,Security",537770
Premium Apartment in Ahmedabad,"Ahmedabad, GJ",Apartment,4721,6,1,2016,"Pool,WiFi,Gym,Security",1804867
Premium Penthouse in Hyderabad,"Hyderabad, TS",Penthouse,865,2,3,2014,"Parking,Pool",789155
Premium Penthouse in Pune,"Pune, MH",Penthouse,2915,3,3,2001,"Garden,Security,WiFi,Gym,Pool",2001886
Premium Villa in Delhi,"Delhi, DL",Villa,3807,2,3,2002,"Parking,Garden,Security,Gym,WiFi",3602330
Premium Penthouse in Kolkata,"Kolkata, WB",Penthouse,1925,4,3,1987,Parking,1651232
Premium Apartment in Hyderabad,"Hyderabad, TS",Apartment,695,4,1,1984,"Garden,Pool,WiFi",438599
Premium Townhouse in Bangalore,"Bangalore, KA",Townhouse,1245,2,2,2015,"Parking,Security",744848
Premium Condo in Delhi,"Delhi, DL",Condo,3036,6,4,2018,"Pool,Parking,Garden,WiFi,Gym",2281364
Premium Penthouse in Pune,"Pune, MH",Penthouse,4718,2,2,2002,"WiFi,Garden,Pool,Gym",3332536
Premium Townhouse in Hyderabad,"Hyderabad, TS",Townhouse,4930,1,1,2021,"Parking,WiFi,Garden,Gym",1396234
Premium Penthouse in Ahmedabad,"Ahmedabad, GJ",Penthouse,646,1,1,1987,"Parking,WiFi,Garden,Security",483243
Premium Apartment in Bangalore,"Bangalore, KA",Apartment,3870,5,3,1989,Pool,2010937
Premium Condo in Ahmedabad,"Ahmedabad, GJ",Condo,3752,3,4,1990,"Parking,Gym",1357908
Premium Penthouse in Chennai,"Chennai, TN",Penthouse,1672,6,3,2008,"WiFi,Security,Gym,Parking",1764230
Premium Condo in Bangalore,"Bangalore, KA",Condo,2057,4,1,1985,"Security,Garden,Pool,Gym",1261293
Premium Apartment in Pune,"Pune, MH",Apartment,1710,1,4,1987,"Security,Parking",626064
Premium Villa in Chennai,"Chennai, TN",Villa,833,2,1,1994,"Parking,Security,WiFi",538406
Premium Villa in Bangalore,"Bangalore, KA",Villa,3205,5,4,2022,"Security,Garden,WiFi",2723856
Premium Apartment in Hyderabad,"Hyderabad, TS",Apartment,703,2,2,1997,"Pool,Garden,Parking,Security",364093
Premium Condo in Pune,"Pune, MH",Condo,2831,3,2,2017,Gym,1032813
Premium Villa in Chennai,"Chennai, TN",Villa,2076,3,4,2010,"Parking,WiFi,Security",1152354
Premium Penthouse in Mumbai,"Mumbai, MH",Penthouse,3422,1,4,1988,"Gym,Security,Parking",4712850
Premium Townhouse in Delhi,"Delhi, DL",Townhouse,3579,2,2,1995,Gym,2181381
Premium Penthouse in Bangalore,"Bangalore, KA",Penthouse,4833,4,1,1990,"Security,WiFi,Gym,Pool",5137547
Premium Townhouse in Kolkata,"Kolkata, WB",Townhouse,3036,4,4,2008,Parking,1087781
Premium Townhouse in Mumbai,"Mumbai, MH",Townhouse,3975,2,2,1981,"Pool,Security,Parking,Gym",2502416
Premium Villa in Bangalore,"Bangalore, KA",Villa,948,5,2,2019,"Security,WiFi,Parking,Garden,Gym",1266382
Premium Apartment in Chennai,"Chennai, TN",Apartment,2931,4,2,2009,Security,1212917
Premium Townhouse in Kolkata,"Kolkata, WB",Townhouse,1299,6,3,1984,"Gym,WiFi,Security",680417
Premium Condo in Chennai,"Chennai, TN",Condo,3586,2,3,2018,"WiFi,Garden,Security",1303454
Premium Villa in Kolkata,"Kolkata, WB",Villa,1461,2,3,2001,"Gym,Garden,Pool,WiFi",928645
Premium Villa in Bangalore,"Bangalore, KA",Villa,1444,1,2,2014,"Parking,Gym",1258019
Premium Villa in Mumbai,"Mumbai, MH",Villa,3241,3,2,1983,"Security,Parking,Gym,Garden",3259884
Premium Townhouse in Mumbai,"Mumbai, MH",Townhouse,2134,6,3,2016,"Parking,WiFi",1977382
Premium Townhouse in Chennai,"Chennai, TN",Townhouse,1293,2,3,1991,"Security,Pool",519125
Premium Condo in Bangalore,"Bangalore, KA",Condo,2263,4,4,2015,"Parking,Garden,WiFi,Pool",1304657
Premium Condo in Pune,"Pune, MH",Condo,3635,4,1,1988,"Garden,Gym,Security,WiFi",1181427
Premium Townhouse in Ahmedabad,"Ahmedabad, GJ",Townhouse,1562,6,1,1990,"WiFi,Pool",822197
Premium Condo in Kolkata,"Kolkata, WB",Condo,520,2,2,1988,"Parking,Security,Garden",293027
Premium Condo in Pune,"Pune, MH",Condo,4699,5,3,1994,"Garden,Parking,Pool,WiFi",1593338
Premium Apartment in Kolkata,"Kolkata, WB",Apartment,621,5,1,2002,"Parking,Garden",462774
Premium Villa in Ahmedabad,"Ahmedabad, GJ",Villa,4756,5,2,1980,"Security,Gym,Parking",2523069
Premium Villa in Kolkata,"Kolkata, WB",Villa,4767,6,1,2021,"Parking,Garden,Security,Pool",2855516
Premium Townhouse in Ahmedabad,"Ahmedabad, GJ",Townhouse,2294,6,3,2021,"Pool,Security,Garden,Gym",998738
Premium Condo in Chennai,"Chennai, TN",Condo,4913,6,4,2016,"Garden,WiFi",1792759
Premium Apartment in Mumbai,"Mumbai, MH",Apartment,3726,6,4,1982,"Security,Garden,Gym,Parking,Pool",3017420
Premium Condo in Pune,"Pune, MH",Condo,552,4,4,2011,"Parking,Gym,Garden,Security,Pool",469826
Premium Penthouse in Chennai,"Chennai, TN",Penthouse,4959,3,4,1986,"Pool,Garden,Security",3417602
Premium Villa in Delhi,"Delhi, DL",Villa,1111,5,2,2006,"Gym,Security,Parking,WiFi",1655750
Premium Condo in Chennai,"Chennai, TN",Condo,1462,3,3,2003,Pool,657720
Premium Penthouse in Chennai,"Chennai, TN",Penthouse,3432,6,4,1992,"Garden,Parking,Security,Gym",2704627
Premium Townhouse in Delhi,"Delhi, DL",Townhouse,4815,2,1,1991,"WiFi,Pool",2576484
Premium Penthouse in Delhi,"Delhi, DL",Penthouse,3091,6,1,1996,"Parking,Security",4075150
Premium Condo in Mumbai,"Mumbai, MH",Condo,1657,3,2,1994,"Garden,Gym",1286745
Premium Condo in Kolkata,"Kolkata, WB",Condo,1058,1,3,1986,"Pool,WiFi",429359
Premium Townhouse in Chennai,"Chennai, TN",Townhouse,4406,5,3,2022,"WiFi,Security",1785029
Premium Apartment in Chennai,"Chennai, TN",Apartment,2916,1,3,2009,"Parking,WiFi,Security,Pool,Gym",1040039
Premium Apartment in Hyderabad,"Hyderabad, TS",Apartment,682,2,3,2007,Garden,373345
Premium Condo in Bangalore,"Bangalore, KA",Condo,4121,3,1,2016,"Garden,Parking,Gym,Pool",2046821
Premium Townhouse in Hyderabad,"Hyderabad, TS",Townhouse,1646,1,4,2007,"Gym,Pool,WiFi,Security",638609
Premium Apartment in Kolkata,"Kolkata, WB",Apartment,919,2,3,2003,Gym,459222
Premium Apartment in Delhi,"Delhi, DL",Apartment,1053,2,2,1983,"Garden,Gym,Pool",885853
Premium Apartment in Hyderabad,"Hyderabad, TS",Apartment,3231,4,3,2020,"Garden,WiFi,Security,Pool,Gym",1124678
Premium Townhouse in Hyderabad,"Hyderabad, TS",Townhouse,2367,2,3,1992,"Parking,WiFi,Pool,Security,Gym",791461
Premium Townhouse in Pune,"Pune, MH",Townhouse,4169,3,1,1996,"Gym,Security,Pool",1532062
Premium Penthouse in Ahmedabad,"Ahmedabad, GJ",Penthouse,1513,2,2,2024,Pool,1176378
Premium Condo in Ahmedabad,"Ahmedabad, GJ",Condo,1656,6,4,2023,"Gym,Pool,WiFi",834435
Premium Townhouse in Ahmedabad,"Ahmedabad, GJ",Townhouse,1946,6,1,1995,"Security,Garden,Gym",903262
Premium Townhouse in Kolkata,"Kolkata, WB",Townhouse,4684,6,1,2022,"Garden,WiFi,Pool",1753291
Premium Villa in Mumbai,"Mumbai, MH",Villa,1446,2,4,1990,Garden,1657599
Premium Penthouse in Kolkata,"Kolkata, WB",Penthouse,2295,2,3,2002,Garden,1831089
Premium Penthouse in Hyderabad,"Hyderabad, TS",Penthouse,4473,3,2,2023,"Parking,Security",2761411
Premium Apartment in Ahmedabad,"Ahmedabad, GJ",Apartment,4421,1,1,1998,Parking,1436674
Premium Penthouse in Ahmedabad,"Ahmedabad, GJ",Penthouse,4631,6,2,2004,"Garden,Pool",3802290
Premium Condo in Delhi,"Delhi, DL",Condo,2515,6,1,2002,"WiFi,Parking,Security",2030137
Premium Condo in Ahmedabad,"Ahmedabad, GJ",Condo,4077,6,1,1984,Pool,1688771
Premium Villa in Mumbai,"Mumbai, MH",Villa,1411,3,2,1988,Gym,2021419
Premium Villa in Kolkata,"Kolkata, WB",Villa,2093,4,1,2006,"Gym,Security,Pool",1158439
Premium Condo in Delhi,"Delhi, DL",Condo,4636,5,2,2022,"WiFi,Security,Gym,Parking,Pool",2981274
Premium Townhouse in Ahmedabad,"Ahmedabad, GJ",Townhouse,732,3,3,2008,"Gym,Garden,Pool,Security,WiFi",407028
Premium Apartment in Chennai,"Chennai, TN",Apartment,4694,4,3,2021,"Gym,Pool,Parking,WiFi,Garden",1573611
Premium Villa in Delhi,"Delhi, DL",Villa,1425,3,3,2012,"Garden,Parking",1863938
Premium Townhouse in Delhi,"Delhi, DL",Townhouse,3803,3,3,2009,"Security,WiFi,Gym,Parking",2301157
Premium Villa in Delhi,"Delhi, DL",Villa,924,6,1,1982,"Parking,Security,Pool,Garden",1544286
Premium Apartment in Mumbai,"Mumbai, MH",Apartment,2130,5,1,2022,"Parking,Gym,Garden",1960119
Premium Villa in Chennai,"Chennai, TN",Villa,2627,5,4,1994,"Gym,Security",1761195
Premium Apartment in Pune,"Pune, MH",Apartment,1364,3,2,1995,"Security,Gym",632053
Premium Condo in Bangalore,"Bangalore, KA",Condo,906,5,1,2007,"Pool,Garden",857394
Premium Villa in Pune,"Pune, MH",Villa,4892,1,2,1980,Security,2271685
Premium Penthouse in Bangalore,"Bangalore, KA",Penthouse,4160,3,1,1980,"Garden,Security,Parking,Pool",3895690
Premium Townhouse in Hyderabad,"Hyderabad, TS",Townhouse,3665,1,4,2017,"WiFi,Security,Gym",1217729
Premium Condo in Kolkata,"Kolkata, WB",Condo,3462,1,2,2000,Parking,1048909
Premium Villa in Ahmedabad,"Ahmedabad, GJ",Villa,4482,5,4,1994,"Pool,Security",2684925
Premium Condo in Delhi,"Delhi, DL",Condo,2487,1,4,1991,"Garden,WiFi,Gym,Security",1641455
Premium Penthouse in Pune,"Pune, MH",Penthouse,2559,5,4,2010,Gym,2248222
Premium Apartment in Ahmedabad,"Ahmedabad, GJ",Apartment,1746,2,3,1985,"Gym,Security,Parking",694789
Premium Penthouse in Kolkata,"Kolkata, WB",Penthouse,2057,2,2,1994,"Garden,Pool,Security",1403059
Premium Villa in Kolkata,"Kolkata, WB",Villa,1812,2,2,2014,Security,1030567
Premium Apartment in Hyderabad,"Hyderabad, TS",Apartment,3963,2,2,1997,"Pool,Parking,Garden,Gym,Security",1250228
Premium Penthouse in Ahmedabad,"Ahmedabad, GJ",Penthouse,2450,3,3,1982,"WiFi,Pool,Security",1982281
Premium Condo in Chennai,"Chennai, TN",Condo,899,2,1,1997,"Garden,Pool,Gym",409167
Premium Apartment in Pune,"Pune, MH",Apartment,1584,1,3,2014,"Gym,Pool,Security,Parking",604744
Premium Condo in Mumbai,"Mumbai, MH",Condo,3092,1,1,1994,"WiFi,Security",2022840
Premium Townhouse in Mumbai,"Mumbai, MH",Townhouse,783,3,2,2009,"Parking,WiFi",910359
Premium Apartment in Chennai,"Chennai, TN",Apartment,1435,2,4,2014,"Security,Gym",622076
Premium Penthouse in Hyderabad,"Hyderabad, TS",Penthouse,4765,1,2,1981,Gym,3098389
Premium Villa in Pune,"Pune, MH",Villa,4897,6,2,2018,Parking,2954508
Premium Villa in Delhi,"Delhi, DL",Villa,4506,4,1,2000,"Gym,Parking,Garden",4228038
Premium Villa in Chennai,"Chennai, TN",Villa,2726,3,3,1998,"Pool,Gym,WiFi,Garden",1390038
Premium Penthouse in Chennai,"Chennai, TN",Penthouse,4141,5,1,1984,"Garden,Gym,Pool,Security",2998004
Premium Penthouse in Chennai,"Chennai, TN",Penthouse,1574,2,4,2023,"WiFi,Pool",1375381
Premium Townhouse in Bangalore,"Bangalore, KA",Townhouse,4647,4,2,1999,Gym,2339693
Premium Townhouse in Kolkata,"Kolkata, WB",Townhouse,806,6,2,2013,"Garden,Security,Gym",632194
Premium Apartment in Chennai,"Chennai, TN",Apartment,1435,3,4,1982,"Security,Garden,Pool,WiFi,Gym",612418
Premium Condo in Delhi,"Delhi, DL",Condo,4525,1,1,1987,"Security,Pool,Garden,Parking",2810201
Premium Apartment in Ahmedabad,"Ahmedabad, GJ",Apartment,2663,2,3,1992,"Security,Gym",1046865
Premium Condo in Pune,"Pune, MH",Condo,877,2,1,2008,"Garden,Pool,Gym,Security",351287
Premium Townhouse in Hyderabad,"Hyderabad, TS",Townhouse,4840,3,1,2003,"Garden,Gym,Parking,Pool,WiFi",1649449
Premium Townhouse in Bangalore,"Bangalore, KA",Townhouse,1872,4,2,1991,"Pool,WiFi,Parking,Security,Garden",1296337
Premium Townhouse in Chennai,"Chennai, TN",Townhouse,1709,3,1,2002,"Parking,WiFi,Pool,Gym",672415
Premium Townhouse in Pune,"Pune, MH",Townhouse,1329,6,3,1986,"Parking,Gym,WiFi,Garden",794980
Premium Penthouse in Kolkata,"Kolkata, WB",Penthouse,1694,1,3,1981,"Parking,Security,WiFi",1323371
Premium Villa in Kolkata,"Kolkata, WB",Villa,3223,1,2,1989,"Pool,Garden,Gym,Security,WiFi",1736454
Premium Penthouse in Chennai,"Chennai, TN",Penthouse,566,1,4,1982,"Security,Pool,WiFi,Gym,Parking",574145
Premium Penthouse in Ahmedabad,"Ahmedabad, GJ",Penthouse,2455,6,3,1996,Parking,1998883
Premium Condo in Kolkata,"Kolkata, WB",Condo,3329,5,4,1995,"Gym,Parking,WiFi,Security,Garden",1200448
Premium Townhouse in Hyderabad,"Hyderabad, TS",Townhouse,4996,1,4,1989,Gym,1789788
Premium Villa in Mumbai,"Mumbai, MH",Villa,4193,6,2,2007,"WiFi,Security,Pool,Garden",4766818
Premium Condo in Mumbai,"Mumbai, MH",Condo,1876,2,1,1996,"WiFi,Parking,Pool,Gym",1336721
Premium Townhouse in Delhi,"Delhi, DL",Townhouse,2436,6,2,2021,Pool,2064900
Premium Condo in Chennai,"Chennai, TN",Condo,4222,3,4,2012,"Gym,Garden,Security",1632748
Premium Villa in Chennai,"Chennai, TN",Villa,4201,5,4,2016,"Garden,WiFi,Parking,Gym",2356109
Premium Villa in Bangalore,"Bangalore, KA",Villa,3567,6,1,1986,"Gym,Pool,Security",3425277
Premium Apartment in Ahmedabad,"Ahmedabad, GJ",Apartment,3488,2,1,1984,"Security,Parking,WiFi,Garden,Pool",1150967
Premium Townhouse in Delhi,"Delhi, DL",Townhouse,4157,5,2,1980,"Garden,Security,Gym,Pool",2990200
Premium Villa in Chennai,"Chennai, TN",Villa,2107,2,4,2024,"Pool,Parking,WiFi",1258897
Premium Condo in Hyderabad,"Hyderabad, TS",Condo,3699,2,4,2005,"Security,Garden,WiFi",1294563
Premium Penthouse in Chennai,"Chennai, TN",Penthouse,3972,3,3,1980,"Pool,Parking,Garden",3064203
Premium Apartment in Kolkata,"Kolkata, WB",Apartment,4702,5,3,1992,Security,1577262
Premium Townhouse in Chennai,"Chennai, TN",Townhouse,2141,3,4,1981,"Gym,Pool",898240
Premium Townhouse in Chennai,"Chennai, TN",Townhouse,4331,3,2,1995,"Pool,Parking",1469162
Premium Penthouse in Mumbai,"Mumbai, MH",Penthouse,1096,4,2,2020,"Gym,Security,Garden,Pool",2219214
Premium Apartment in Pune,"Pune, MH",Apartment,4136,4,4,2010,"Garden,Gym",1401110
Premium Townhouse in Hyderabad,"Hyderabad, TS",Townhouse,2528,1,3,1996,"Pool,Security,Garden",845219
Premium Penthouse in Mumbai,"Mumbai, MH",Penthouse,3623,6,4,2005,"WiFi,Garden,Pool,Gym,Parking",5550014
Premium Condo in Ahmedabad,"Ahmedabad, GJ",Condo,4039,5,2,2003,"Parking,Pool,Security",1412112
Premium Villa in Chennai,"Chennai, TN",Villa,1684,1,3,1983,"Security,Pool",973806
Premium Penthouse in Hyderabad,"Hyderabad, TS",Penthouse,1200,6,2,2013,Security,1418228
Premium Villa in Mumbai,"Mumbai, MH",Villa,2694,3,1,1990,Pool,3218026
Premium Penthouse in Ahmedabad,"Ahmedabad, GJ",Penthouse,3122,3,1,1998,"Parking,Garden,Pool,Gym",2056337
Premium Apartment in Kolkata,"Kolkata, WB",Apartment,3435,5,1,2020,Garden,1361092
Premium Townhouse in Pune,"Pune, MH",Townhouse,2710,5,2,2019,"Security,Gym,Garden,Pool",1116097
Premium Penthouse in Pune,"Pune, MH",Penthouse,3493,4,3,1999,Pool,2635096
Premium Penthouse in Mumbai,"Mumbai, MH",Penthouse,2281,6,1,1993,"Parking,Garden",3883877
Premium Townhouse in Bangalore,"Bangalore, KA",Townhouse,2413,2,3,1987,"Parking,Pool,Gym",1367401
Premium Penthouse in Bangalore,"Bangalore, KA",Penthouse,3064,1,2,2021,"Pool,WiFi,Garden,Gym",3133883
Premium Villa in Pune,"Pune, MH",Villa,2304,2,2,2021,WiFi,1152183
Premium Apartment in Kolkata,"Kolkata, WB",Apartment,4218,5,1,2014,WiFi,1642545
Premium Villa in Mumbai,"Mumbai, MH",Villa,3449,3,3,1988,Garden,4031409
Premium Apartment in Hyderabad,"Hyderabad, TS",Apartment,1587,3,4,2020,"Garden,WiFi,Pool",769943
Premium Apartment in Mumbai,"Mumbai, MH",Apartment,4784,5,1,2012,"Security,Pool,Garden,Gym,Parking",3407532
Premium Penthouse in Delhi,"Delhi, DL",Penthouse,3260,6,3,2020,"Security,WiFi,Gym,Parking",4647228
Premium Townhouse in Delhi,"Delhi, DL",Townhouse,860,4,4,2001,"Parking,Garden,Security,Gym",915791
Premium Penthouse in Mumbai,"Mumbai, MH",Penthouse,1077,5,1,1983,"WiFi,Security,Garden,Gym",2278375
Premium Penthouse in Hyderabad,"Hyderabad, TS",Penthouse,961,4,1,2017,Security,990490
Premium Condo in Kolkata,"Kolkata, WB",Condo,2867,3,3,1992,"Gym,Pool,Parking,Security",1002730
Premium Villa in Pune,"Pune, MH",Villa,3467,5,2,2014,"Parking,WiFi",1949081
Premium Villa in Chennai,"Chennai, TN",Villa,4343,1,1,1982,"Pool,WiFi",2173935
Premium Condo in Pune,"Pune, MH",Condo,507,1,1,2001,"WiFi,Security",219151
Premium Penthouse in Hyderabad,"Hyderabad, TS",Penthouse,4473,1,2,1999,Parking,3046849
Premium Penthouse in Pune,"Pune, MH",Penthouse,4225,5,4,2015,Parking,2909224
Premium Townhouse in Chennai,"Chennai, TN",Townhouse,3732,4,3,1989,"WiFi,Pool",1371876
Premium Villa in Chennai,"Chennai, TN",Villa,3968,1,1,2019,"Parking,Pool,Gym",2061995
Premium Penthouse in Bangalore,"Bangalore, KA",Penthouse,1839,2,3,2017,"Gym,Garden,WiFi,Pool",2253353
Premium Villa in Ahmedabad,"Ahmedabad, GJ",Villa,1591,5,2,1981,"Security,Pool,Parking",1250415
Premium Villa in Kolkata,"Kolkata, WB",Villa,2126,4,2,2008,Garden,1439813
Premium Villa in Ahmedabad,"Ahmedabad, GJ",Villa,3090,5,2,2001,"Gym,Parking,Security,WiFi,Pool",1911182
Premium Villa in Pune,"Pune, MH",Villa,2604,3,1,1985,"Security,Garden",1530282
Premium Villa in Bangalore,"Bangalore, KA",Villa,4764,4,2,1980,"Security,Parking,WiFi",3574931
Premium Townhouse in Chennai,"Chennai, TN",Townhouse,2874,4,2,1987,Parking,1209412
Premium Townhouse in Bangalore,"Bangalore, KA",Townhouse,4059,1,3,1997,"Parking,Pool,WiFi",1827743
Premium Condo in Pune,"Pune, MH",Condo,1282,3,4,1983,"Security,Pool,Parking,Gym",644006
Premium Condo in Chennai,"Chennai, TN",Condo,950,6,4,2012,"WiFi,Parking,Garden",665467
Premium Townhouse in Chennai,"Chennai, TN",Townhouse,2880,1,2,2015,"Gym,Parking,Garden,Security",1009987
Premium Apartment in Mumbai,"Mumbai, MH",Apartment,3229,6,2,1982,"Security,Parking",2763481
Premium Apartment in Mumbai,"Mumbai, MH",Apartment,4183,3,1,1981,Garden,2570049
Premium Villa in Kolkata,"Kolkata, WB",Villa,684,5,1,2019,Security,758854
Premium Apartment in Mumbai,"Mumbai, MH",Apartment,4857,6,4,2016,"WiFi,Gym,Garden",3352155
Premium Condo in Mumbai,"Mumbai, MH",Condo,4223,1,4,2022,WiFi,2956509
Premium Townhouse in Ahmedabad,"Ahmedabad, GJ",Townhouse,3823,5,4,2010,"Garden,WiFi,Security,Parking,Pool",1543694
Premium Condo in Chennai,"Chennai, TN",Condo,3478,3,1,2005,"Parking,Security,Garden,Pool",1121617
Premium Penthouse in Ahmedabad,"Ahmedabad, GJ",Penthouse,2971,2,2,1997,"Parking,Gym,Garden",2040236
Premium Townhouse in Bangalore,"Bangalore, KA",Townhouse,4177,3,1,2006,"Pool,Security,Gym,Parking,WiFi",2161171
Premium Villa in Hyderabad,"Hyderabad, TS",Villa,4170,3,3,2012,"Gym,Parking,Pool,Security",2334430
Premium Penthouse in Delhi,"Delhi, DL",Penthouse,4913,3,1,2015,"Gym,Pool,Garden,Parking",6483838
Premium Penthouse in Pune,"Pune, MH",Penthouse,3248,6,1,1981,"Security,Garden,Parking,Pool,WiFi",2688709
Premium Villa in Kolkata,"Kolkata, WB",Villa,1088,5,1,2017,"Security,Garden,Gym,Parking,Pool",971184
Premium Apartment in Kolkata,"Kolkata, WB",Apartment,3122,4,3,2010,"Pool,Parking",1238129
Premium Townhouse in Chennai,"Chennai, TN",Townhouse,870,3,1,2004,"Security,Garden,Pool",392228
Premium Apartment in Chennai,"Chennai, TN",Apartment,4505,5,2,1980,"Parking,WiFi,Security",1544261
Premium Penthouse in Kolkata,"Kolkata, WB",Penthouse,2348,2,1,2018,"Gym,Garden,Parking",1732441
Premium Penthouse in Chennai,"Chennai, TN",Penthouse,4620,5,2,2024,"Pool,Security,Parking,Gym",3627087
Premium Penthouse in Kolkata,"Kolkata, WB",Penthouse,4413,1,1,2015,"Pool,Parking,WiFi,Gym",2904222
Premium Apartment in Bangalore,"Bangalore, KA",Apartment,3845,2,2,2003,"WiFi,Security",2036685
Premium Villa in Hyderabad,"Hyderabad, TS",Villa,937,5,1,1987,"WiFi,Pool,Gym,Parking,Garden",790335
Premium Townhouse in Kolkata,"Kolkata, WB",Townhouse,883,6,1,1995,"Parking,WiFi,Security,Pool",635690
Premium Penthouse in Bangalore,"Bangalore, KA",Penthouse,3463,3,4,1997,"Garden,Pool,WiFi",4137352
Premium Condo in Delhi,"Delhi, DL",Condo,541,6,3,2000,"Garden,WiFi,Gym,Security",1003535
Premium Penthouse in Hyderabad,"Hyderabad, TS",Penthouse,3210,5,2,1992,"WiFi,Gym",2648476
Premium Villa in Hyderabad,"Hyderabad, TS",Villa,2095,4,2,2008,"Garden,WiFi,Gym,Pool,Security",1332052
Premium Penthouse in Pune,"Pune, MH",Penthouse,4390,1,3,2005,"Garden,Parking,WiFi,Gym,Pool",2931480
Premium Apartment in Ahmedabad,"Ahmedabad, GJ",Apartment,3766,4,4,2003,"WiFi,Parking,Security,Pool",1387570
Premium Penthouse in Pune,"Pune, MH",Penthouse,4398,6,1,1995,"Garden,Pool",3331194
Premium Apartment in Hyderabad,"Hyderabad, TS",Apartment,4631,3,2,2022,"Gym,Security,Pool",1629631
Premium Penthouse in Bangalore,"Bangalore, KA",Penthouse,4159,4,2,2011,"Pool,Parking",4903594
Premium Apartment in Ahmedabad,"Ahmedabad, GJ",Apartment,3984,2,3,1983,"Garden,Pool,Gym",1417405
Premium Villa in Chennai,"Chennai, TN",Villa,4500,4,2,2009,"Parking,Security,Gym,Garden",2168125
Premium Townhouse in Delhi,"Delhi, DL",Townhouse,4689,5,3,2013,"Parking,Pool,Garden,Gym,WiFi",3195421
Premium Townhouse in Ahmedabad,"Ahmedabad, GJ",Townhouse,1707,3,3,2018,"Gym,Garden",732277
Premium Villa in Ahmedabad,"Ahmedabad, GJ",Villa,1542,4,3,2004,"WiFi,Gym,Garden,Pool",1046443
Premium Penthouse in Kolkata,"Kolkata, WB",Penthouse,893,1,1,2016,"Pool,Gym,Parking,WiFi",688370
Premium Penthouse in Chennai,"Chennai, TN",Penthouse,3328,3,3,2017,"Garden,Parking,Gym,Pool,WiFi",2529689
Premium Townhouse in Kolkata,"Kolkata, WB",Townhouse,1765,5,2,2000,"WiFi,Pool",839361
Premium Penthouse in Pune,"Pune, MH",Penthouse,3297,5,1,1998,"Pool,Garden",2761150
Premium Condo in Hyderabad,"Hyderabad, TS",Condo,4998,4,4,2015,Parking,1908336
Premium Villa in Ahmedabad,"Ahmedabad, GJ",Villa,2905,5,4,1987,"Garden,WiFi,Security,Parking",1713105
Premium Townhouse in Delhi,"Delhi, DL",Townhouse,3174,4,4,1980,"Garden,Gym,Pool,WiFi,Security",2121881
Premium Apartment in Delhi,"Delhi, DL",Apartment,4512,2,1,1999,"Security,Gym,Parking,WiFi,Garden",2553704
Premium Condo in Mumbai,"Mumbai, MH",Condo,4181,6,1,2006,"Parking,WiFi,Pool,Security",2861581
Premium Townhouse in Mumbai,"Mumbai, MH",Townhouse,4682,5,3,2014,"WiFi,Gym,Garden",3353182
Premium Penthouse in Delhi,"Delhi, DL",Penthouse,860,6,4,1991,"Parking,Security",2501425
Premium Villa in Ahmedabad,"Ahmedabad, GJ",Villa,2114,1,4,2014,"Garden,Pool,Security,WiFi",1169315
Premium Villa in Kolkata,"Kolkata, WB",Villa,4507,4,1,1996,"Gym,Security,Parking,Pool",2350068
Premium Villa in Delhi,"Delhi, DL",Villa,2071,6,1,1984,"WiFi,Gym",2627743
Premium Villa in Bangalore,"Bangalore, KA",Villa,4065,1,4,1994,"Pool,Parking,Gym,WiFi,Garden",3272115
Premium Villa in Pune,"Pune, MH",Villa,1495,5,2,2020,"Garden,Gym",1111170
Premium Condo in Bangalore,"Bangalore, KA",Condo,3285,5,4,2024,"Garden,Pool,WiFi,Gym",2100995
Premium Townhouse in Chennai,"Chennai, TN",Townhouse,3768,3,4,1990,"Security,Garden",1365835
Premium Apartment in Hyderabad,"Hyderabad, TS",Apartment,4419,3,3,2015,"Pool,Gym",1673797
Premium Townhouse in Mumbai,"Mumbai, MH",Townhouse,2507,6,1,2002,"Garden,Parking,Pool,WiFi,Gym",2085335
Premium Townhouse in Delhi,"Delhi, DL",Townhouse,2367,4,3,2018,"Garden,Gym,WiFi",1687559
Premium Condo in Hyderabad,"Hyderabad, TS",Condo,2276,6,2,2017,"WiFi,Parking,Pool",1069444
Premium Penthouse in Delhi,"Delhi, DL",Penthouse,2389,6,1,1980,"WiFi,Garden,Parking,Gym",3529108
Premium Apartment in Kolkata,"Kolkata, WB",Apartment,533,5,3,1990,"Gym,Security",512839
Premium Apartment in Chennai,"Chennai, TN",Apartment,4458,6,3,2009,"Pool,Gym,Garden,Security",1857362
Premium Apartment in Chennai,"Chennai, TN",Apartment,4567,2,1,2004,Gym,1376770
Premium Penthouse in Bangalore,"Bangalore, KA",Penthouse,1408,1,2,1993,"WiFi,Garden",1678188
Premium Apartment in Hyderabad,"Hyderabad, TS",Apartment,615,1,1,1999,Parking,239204
Premium Apartment in Pune,"Pune, MH",Apartment,3742,6,3,2002,"WiFi,Garden,Gym",1579428
Premium Villa in Delhi,"Delhi, DL",Villa,2968,3,2,1997,"WiFi,Parking,Pool",2985888
Premium Villa in Mumbai,"Mumbai, MH",Villa,1135,5,4,1990,"Garden,WiFi,Security,Pool",2129411
Premium Apartment in Delhi,"Delhi, DL",Apartment,670,6,4,1993,"Garden,Security,WiFi,Gym,Parking",1077808
Premium Condo in Pune,"Pune, MH",Condo,3106,6,3,2001,Parking,1307496
Premium Condo in Delhi,"Delhi, DL",Condo,4450,6,2,2012,"WiFi,Gym,Security,Parking,Garden",2848037
Premium Condo in Mumbai,"Mumbai, MH",Condo,2308,6,3,2023,"Security,Pool,Garden",1963060
Premium Condo in Bangalore,"Bangalore, KA",Condo,2931,4,4,2009,Pool,1568809
Premium Apartment in Hyderabad,"Hyderabad, TS",Apartment,552,5,4,2014,"WiFi,Pool,Gym,Garden",468007
Premium Townhouse in Ahmedabad,"Ahmedabad, GJ",Townhouse,2563,5,1,1989,"Security,Gym,Parking",976909
Premium Penthouse in Hyderabad,"Hyderabad, TS",Penthouse,3046,3,1,2005,"Gym,Garden,WiFi,Parking",2327285
Premium Villa in Ahmedabad,"Ahmedabad, GJ",Villa,3400,6,1,1997,"Garden,Security,Parking,WiFi,Gym",2209389
Premium Condo in Bangalore,"Bangalore, KA",Condo,2717,2,4,1984,Security,1457565
Premium Penthouse in Pune,"Pune, MH",Penthouse,1382,4,4,2003,"WiFi,Gym,Parking,Garden",1370677
Premium Apartment in Chennai,"Chennai, TN",Apartment,3117,4,3,1990,"Garden,Parking",1283365
Premium Townhouse in Bangalore,"Bangalore, KA",Townhouse,737,4,3,1986,"Garden,Security,WiFi",714529
Premium Condo in Delhi,"Delhi, DL",Condo,2095,6,1,2009,"Garden,Gym,Security,Parking",1805101
Premium Apartment in Chennai,"Chennai, TN",Apartment,1352,1,2,2021,"Security,Garden,Parking,Gym",463074
Premium Villa in Hyderabad,"Hyderabad, TS",Villa,4645,6,1,2010,"WiFi,Security",2685273
Premium Townhouse in Pune,"Pune, MH",Townhouse,4111,1,4,1984,"WiFi,Garden,Parking,Pool,Gym",1293118
Premium Apartment in Ahmedabad,"Ahmedabad, GJ",Apartment,2213,6,2,1984,"Gym,Parking,Security,Pool",921852
Premium Condo in Kolkata,"Kolkata, WB",Condo,4189,5,1,1991,Gym,1390123
Premium Condo in Hyderabad,"Hyderabad, TS",Condo,1494,3,1,1982,"Garden,Gym,Security,WiFi,Pool",642118
Premium Townhouse in Pune,"Pune, MH",Townhouse,2317,3,1,2002,"WiFi,Security,Garden",891539
Premium Villa in Kolkata,"Kolkata, WB",Villa,4008,4,3,2018,Garden,2344831
Premium Villa in Chennai,"Chennai, TN",Villa,4516,5,3,2010,"Parking,Pool,Gym,Security",2505129
Premium Villa in Mumbai,"Mumbai, MH",Villa,2990,2,2,1991,"Gym,Garden,Security,WiFi",3218134
Premium Condo in Pune,"Pune, MH",Condo,4777,3,2,2021,"Parking,WiFi,Garden",1719677
Premium Townhouse in Pune,"Pune, MH",Townhouse,1769,1,1,1995,"Parking,WiFi",606785
Premium Condo in Hyderabad,"Hyderabad, TS",Condo,1473,6,2,1991,"Garden,Parking,WiFi,Gym,Security",718713
Premium Villa in Kolkata,"Kolkata, WB",Villa,2496,4,3,1990,Parking,1480327
Premium Villa in Ahmedabad,"Ahmedabad, GJ",Villa,1679,6,4,2000,"Parking,Gym,WiFi,Security,Pool",1224479
Premium Penthouse in Ahmedabad,"Ahmedabad, GJ",Penthouse,1054,6,2,1984,"Security,Gym,WiFi",1360150
Premium Penthouse in Hyderabad,"Hyderabad, TS",Penthouse,2179,4,2,2024,"Pool,Garden",1888666
Premium Townhouse in Bangalore,"Bangalore, KA",Townhouse,1692,5,4,2003,"WiFi,Pool,Parking,Garden,Gym",1201971
Premium Townhouse in Mumbai,"Mumbai, MH",Townhouse,1934,1,3,1982,Pool,1291967
Premium Condo in Pune,"Pune, MH",Condo,4219,3,1,1984,"Gym,Pool,Parking,Garden,Security",1493105
Premium Villa in Bangalore,"Bangalore, KA",Villa,3535,4,2,2011,Gym,3149020
Premium Townhouse in Hyderabad,"Hyderabad, TS",Townhouse,2848,4,3,2002,"Pool,Security,Garden,Parking",1195446
Premium Condo in Mumbai,"Mumbai, MH",Condo,4728,4,2,1994,"Garden,WiFi,Security",3631110
Premium Penthouse in Mumbai,"Mumbai, MH",Penthouse,1476,4,3,1990,"Gym,Security,Pool,WiFi",2848432
Premium Townhouse in Hyderabad,"Hyderabad, TS",Townhouse,2110,4,4,1986,"Garden,Gym",866862
Premium Penthouse in Pune,"Pune, MH",Penthouse,3871,6,3,2023,"Gym,Pool,Security,WiFi",3336985
Premium Apartment in Kolkata,"Kolkata, WB",Apartment,4421,4,3,1999,"WiFi,Pool,Garden,Gym,Parking",1513287
Premium Penthouse in Bangalore,"Bangalore, KA",Penthouse,1152,1,3,2019,"WiFi,Parking,Garden",1298570
Premium Townhouse in Kolkata,"Kolkata, WB",Townhouse,2900,4,1,2016,"Garden,Security,Pool,Parking",1119309
Premium Apartment in Hyderabad,"Hyderabad, TS",Apartment,4015,5,3,1998,"Pool,Parking,WiFi",1529396
Premium Penthouse in Kolkata,"Kolkata, WB",Penthouse,4687,5,1,2008,"Gym,Parking,WiFi",3287241
Premium Penthouse in Bangalore,"Bangalore, KA",Penthouse,3831,5,3,2013,"Parking,Security,Garden,WiFi",4704390
Premium Townhouse in Ahmedabad,"Ahmedabad, GJ",Townhouse,936,6,1,2021,"Security,Gym,Parking",643016
Premium Penthouse in Hyderabad,"Hyderabad, TS",Penthouse,4676,3,1,2004,"Pool,Parking,Security",3290467
Premium Condo in Chennai,"Chennai, TN",Condo,3406,2,2,2000,"WiFi,Garden,Pool,Gym,Security",1186280
Premium Condo in Mumbai,"Mumbai, MH",Condo,2747,5,3,1992,"WiFi,Security",2400472
Premium Townhouse in Chennai,"Chennai, TN",Townhouse,3394,2,4,2015,"Security,Parking",1243990
Premium Villa in Ahmedabad,"Ahmedabad, GJ",Villa,2970,6,1,2007,"Pool,Parking,WiFi,Gym",1976225
Premium Townhouse in Ahmedabad,"Ahmedabad, GJ",Townhouse,3229,6,2,1981,"Garden,Gym,Security,Pool,WiFi",1368837
Premium Apartment in Ahmedabad,"Ahmedabad, GJ",Apartment,3505,2,3,2010,"Security,Parking,Pool,Gym,Garden",1308763
Premium Penthouse in Mumbai,"Mumbai, MH",Penthouse,3902,2,4,2012,"Parking,Gym,Garden,Pool,Security",5133813
Premium Townhouse in Pune,"Pune, MH",Townhouse,3500,4,1,1988,"Pool,Garden,Gym,Security",1198050
Premium Apartment in Ahmedabad,"Ahmedabad, GJ",Apartment,4352,6,2,1995,WiFi,1688335
Premium Townhouse in Delhi,"Delhi, DL",Townhouse,2967,2,3,2002,"Security,WiFi",1773996
Premium Condo in Mumbai,"Mumbai, MH",Condo,1560,6,2,2014,Security,1613240
Premium Apartment in Mumbai,"Mumbai, MH",Apartment,2452,4,2,1983,Parking,1939391
Premium Townhouse in Bangalore,"Bangalore, KA",Townhouse,3975,3,4,2012,"Pool,Gym",2096332
Premium Villa in Bangalore,"Bangalore, KA",Villa,3552,4,4,1999,Security,3300797
Premium Apartment in Delhi,"Delhi, DL",Apartment,767,3,2,2022,"Pool,Garden,Parking",693618
Premium Apartment in Pune,"Pune, MH",Apartment,1604,3,4,2001,"Pool,Garden",762054
Premium Villa in Kolkata,"Kolkata, WB",Villa,837,6,3,2004,"Garden,Gym,WiFi",904691
Premium Penthouse in Kolkata,"Kolkata, WB",Penthouse,3566,3,2,2021,"Gym,Security,WiFi,Parking",2374543
Premium Townhouse in Bangalore,"Bangalore, KA",Townhouse,677,5,4,1994,"Pool,WiFi",838541
Premium Penthouse in Bangalore,"Bangalore, KA",Penthouse,4064,4,2,1995,"Pool,Parking,WiFi,Security,Gym",4387977
Premium Penthouse in Pune,"Pune, MH",Penthouse,1300,4,2,1981,"Parking,Security,WiFi,Gym",1231235
Premium Townhouse in Bangalore,"Bangalore, KA",Townhouse,3819,4,2,1995,"Pool,Security,Gym",2178628
Premium Penthouse in Kolkata,"Kolkata, WB",Penthouse,4129,2,1,2019,"Security,Gym",2736818
Premium Townhouse in Pune,"Pune, MH",Townhouse,3730,1,2,1995,"Security,Gym,Parking,Pool,Garden",1306622
Premium Townhouse in Hyderabad,"Hyderabad, TS",Townhouse,1071,6,1,2008,"Gym,WiFi,Security,Pool,Parking",592627
Premium Townhouse in Mumbai,"Mumbai, MH",Townhouse,3762,1,4,1988,Parking,2597150
Premium Villa in Pune,"Pune, MH",Villa,1059,2,3,2003,"Parking,Gym,WiFi,Pool,Security",724600
Premium Condo in Mumbai,"Mumbai, MH",Condo,4171,2,4,2023,"Gym,Pool",2674035
Premium Penthouse in Bangalore,"Bangalore, KA",Penthouse,785,3,1,2001,Security,1119652
Premium Villa in Kolkata,"Kolkata, WB",Villa,2760,4,2,1988,Parking,1739318
Premium Penthouse in Mumbai,"Mumbai, MH",Penthouse,2340,1,2,1989,"Parking,Gym",3309616
Premium Villa in Bangalore,"Bangalore, KA",Villa,3179,2,3,1984,"WiFi,Garden,Security,Pool",2405801
Premium Villa in Bangalore,"Bangalore, KA",Villa,1324,5,4,2008,"Garden,WiFi,Security,Pool,Gym",1791181
Premium Townhouse in Bangalore,"Bangalore, KA",Townhouse,4625,6,4,1998,"Pool,Security",2770089
Premium Apartment in Chennai,"Chennai, TN",Apartment,3587,5,2,2014,"Garden,Gym,Pool",1241106
Premium Condo in Bangalore,"Bangalore, KA",Condo,4771,6,3,1984,"Pool,Parking,Garden,Gym",2800929
Premium Apartment in Bangalore,"Bangalore, KA",Apartment,2024,4,1,2001,"Gym,Pool,WiFi,Security,Parking",1293918
Premium Townhouse in Bangalore,"Bangalore, KA",Townhouse,3827,2,1,2001,"Security,Parking,Gym,Pool",1742471
Premium Villa in Chennai,"Chennai, TN",Villa,2117,5,2,2019,"Parking,Garden,WiFi",1273491
Premium Townhouse in Bangalore,"Bangalore, KA",Townhouse,1756,2,3,1987,"Parking,Pool,WiFi,Gym",1026976
Premium Penthouse in Ahmedabad,"Ahmedabad, GJ",Penthouse,613,3,1,2004,"Garden,Pool,Gym,WiFi,Security",670139
Premium Villa in Pune,"Pune, MH",Villa,2190,4,1,2000,"Security,Pool,Parking,Gym",1444025
Premium Apartment in Delhi,"Delhi, DL",Apartment,3239,3,4,1985,"Gym,Security,Garden,Parking",2241317
Premium Townhouse in Chennai,"Chennai, TN",Townhouse,1312,3,4,2007,"Gym,Parking,Garden",644538
Premium Villa in Chennai,"Chennai, TN",Villa,4841,5,4,2006,Pool,2692131
Premium Condo in Bangalore,"Bangalore, KA",Condo,2483,5,3,1981,"WiFi,Parking,Gym,Garden,Security",1704334
Premium Condo in Mumbai,"Mumbai, MH",Condo,3255,4,4,1988,WiFi,2758446
Premium Penthouse in Delhi,"Delhi, DL",Penthouse,1044,5,4,2012,"Gym,WiFi,Parking",2240217
Premium Condo in Delhi,"Delhi, DL",Condo,4347,3,2,1989,"Garden,Pool,Gym",2551834
Premium Condo in Kolkata,"Kolkata, WB",Condo,4667,6,1,1990,"Parking,Garden",1772203
Premium Villa in Kolkata,"Kolkata, WB",Villa,2561,1,3,1999,Garden,1186725
Premium Apartment in Delhi,"Delhi, DL",Apartment,3873,2,2,2015,"Pool,WiFi",2393838
Premium Penthouse in Kolkata,"Kolkata, WB",Penthouse,3505,1,3,1993,"Garden,WiFi,Parking,Pool",2367893
Premium Townhouse in Hyderabad,"Hyderabad, TS",Townhouse,2686,4,2,2020,Pool,994548
Premium Penthouse in Mumbai,"Mumbai, MH",Penthouse,3367,1,4,2013,"Gym,Security",4833822
Premium Townhouse in Mumbai,"Mumbai, MH",Townhouse,1401,4,4,1993,"Security,Garden",1528107
Premium Penthouse in Delhi,"Delhi, DL",Penthouse,2634,2,3,1981,"Security,Garden,Gym",3509468
Premium Villa in Hyderabad,"Hyderabad, TS",Villa,4872,1,1,2004,Parking,2481609
Premium Townhouse in Chennai,"Chennai, TN",Townhouse,2213,3,1,2018,Pool,852767
Premium Apartment in Chennai,"Chennai, TN",Apartment,4579,6,1,1999,"Parking,Security,Garden,Pool,WiFi",1777866
Premium Townhouse in Bangalore,"Bangalore, KA",Townhouse,1095,4,4,2019,"Security,Pool,Parking,Gym,WiFi",877832
Premium Penthouse in Pune,"Pune, MH",Penthouse,3322,4,4,2014,Garden,2307088
Premium Villa in Delhi,"Delhi, DL",Villa,3066,4,4,2000,Security,3150010
Premium Townhouse in Chennai,"Chennai, TN",Townhouse,2093,1,1,1993,WiFi,726114
Premium Villa in Ahmedabad,"Ahmedabad, GJ",Villa,1545,6,4,2001,"Garden,Parking",1304664
Premium Penthouse in Chennai,"Chennai, TN",Penthouse,4788,3,4,2010,Gym,3031626
Premium Penthouse in Delhi,"Delhi, DL",Penthouse,4265,6,1,1996,"Gym,Garden,Parking",5281875
Premium Townhouse in Delhi,"Delhi, DL",Townhouse,745,1,4,2014,"Parking,Garden",621346
Premium Apartment in Hyderabad,"Hyderabad, TS",Apartment,2504,6,2,2011,"WiFi,Security",1123956
Premium Penthouse in Mumbai,"Mumbai, MH",Penthouse,2608,6,2,2020,"Parking,Garden",4235009
Premium Penthouse in Delhi,"Delhi, DL",Penthouse,1641,5,1,1983,"Garden,Pool,Gym,WiFi",2614126
Premium Apartment in Delhi,"Delhi, DL",Apartment,849,6,4,2023,"Parking,Gym,Garden,Security,WiFi",1048892
Premium Apartment in Mumbai,"Mumbai, MH",Apartment,2169,3,1,1999,"Security,Garden,Pool",1550915
Premium Townhouse in Bangalore,"Bangalore, KA",Townhouse,1221,5,2,1989,"Garden,Pool,Gym",1059270
Premium Apartment in Bangalore,"Bangalore, KA",Apartment,2481,4,3,2018,"Garden,Pool,Security,WiFi",1600428
Premium Townhouse in Bangalore,"Bangalore, KA",Townhouse,1574,3,1,2009,"Pool,Parking,WiFi,Garden",957566
Premium Villa in Chennai,"Chennai, TN",Villa,4105,2,3,1985,"Gym,Pool,Garden",1962746
Premium Villa in Kolkata,"Kolkata, WB",Villa,3196,5,4,1984,"WiFi,Security,Garden,Pool,Parking",1885814
Premium Villa in Ahmedabad,"Ahmedabad, GJ",Villa,2228,5,2,2000,"Garden,WiFi,Pool,Security,Gym",1515705
Premium Townhouse in Kolkata,"Kolkata, WB",Townhouse,2135,6,3,2003,"Security,Garden,Gym,Parking,WiFi",1042461
Premium Condo in Delhi,"Delhi, DL",Condo,2081,1,3,1995,"Security,Parking,WiFi,Gym",1350107
Premium Townhouse in Chennai,"Chennai, TN",Townhouse,857,1,2,2015,WiFi,351005
Premium Townhouse in Chennai,"Chennai, TN",Townhouse,536,4,4,2022,"Parking,Pool,Garden",399073
Premium Villa in Ahmedabad,"Ahmedabad, GJ",Villa,2558,2,3,2008,WiFi,1258989
Premium Apartment in Mumbai,"Mumbai, MH",Apartment,2993,3,1,2016,"Parking,Security",2110258
Premium Penthouse in Pune,"Pune, MH",Penthouse,3001,1,3,2023,Parking,1876035
Premium Villa in Kolkata,"Kolkata, WB",Villa,1604,1,4,2014,"Pool,WiFi",914106
Premium Penthouse in Kolkata,"Kolkata, WB",Penthouse,4711,5,4,1994,"Pool,Parking,Security,Gym",3542278
Premium Villa in Bangalore,"Bangalore, KA",Villa,4097,1,3,2006,"Garden,WiFi,Gym",2803491
Premium Condo in Chennai,"Chennai, TN",Condo,2018,1,2,2007,"Pool,Security,Gym,Parking",750092
Premium Apartment in Pune,"Pune, MH",Apartment,2193,1,4,1987,Parking,786658
Premium Condo in Kolkata,"Kolkata, WB",Condo,1378,1,4,2006,"Parking,Garden,WiFi",525270
Premium Penthouse in Delhi,"Delhi, DL",Penthouse,4238,5,2,2017,"Security,Pool",5455506
Premium Condo in Mumbai,"Mumbai, MH",Condo,1728,1,2,1993,"Security,Garden,Pool,Parking,Gym",1108279
Premium Penthouse in Ahmedabad,"Ahmedabad, GJ",Penthouse,1999,4,3,2007,"Security,Pool,Garden,Gym",1599691
Premium Condo in Mumbai,"Mumbai, MH",Condo,3253,2,2,2006,"Garden,Gym",2431853
Premium Apartment in Bangalore,"Bangalore, KA",Apartment,3451,4,1,1990,"Security,Garden",1848078
Premium Penthouse in Pune,"Pune, MH",Penthouse,4876,3,2,2004,"Security,WiFi,Pool",3386276
Premium Penthouse in Delhi,"Delhi, DL",Penthouse,915,1,1,1980,"WiFi,Parking,Security,Garden,Gym",1327071
Premium Townhouse in Ahmedabad,"Ahmedabad, GJ",Townhouse,1346,6,4,2008,"Security,Gym,Garden,WiFi",724744
Premium Townhouse in Hyderabad,"Hyderabad, TS",Townhouse,1379,6,1,2008,"Parking,Pool,Garden,Gym",783089
Premium Townhouse in Kolkata,"Kolkata, WB",Townhouse,3357,6,4,1987,"Pool,Security,Parking",1397971
Premium Condo in Bangalore,"Bangalore, KA",Condo,2541,6,2,2013,"Pool,Garden",1490944
Premium Townhouse in Ahmedabad,"Ahmedabad, GJ",Townhouse,929,1,4,2024,Gym,386742
Premium Villa in Bangalore,"Bangalore, KA",Villa,2472,4,4,2016,WiFi,2243691
Premium Villa in Pune,"Pune, MH",Villa,993,4,3,1998,"Security,WiFi",831397
Premium Apartment in Pune,"Pune, MH",Apartment,2672,4,3,2016,"Security,Parking",1047375
Premium Townhouse in Mumbai,"Mumbai, MH",Townhouse,2876,1,3,2003,Parking,1885312
Premium Condo in Ahmedabad,"Ahmedabad, GJ",Condo,3525,5,3,1989,"Gym,Security,Garden,WiFi",1251418
Premium Villa in Ahmedabad,"Ahmedabad, GJ",Villa,2330,3,1,2006,Security,1298325
Premium Apartment in Hyderabad,"Hyderabad, TS",Apartment,729,4,2,2000,"Parking,Security,Pool,WiFi",461878
Premium Penthouse in Chennai,"Chennai, TN",Penthouse,4362,1,4,2022,"Pool,WiFi,Security,Parking",2895300
Premium Townhouse in Pune,"Pune, MH",Townhouse,3910,5,1,2004,"Pool,Garden,Parking,Security",1373343
Premium Penthouse in Delhi,"Delhi, DL",Penthouse,630,3,1,1993,"Gym,Parking",1188101
Premium Apartment in Kolkata,"Kolkata, WB",Apartment,2087,4,2,1987,"WiFi,Gym",904045
Premium Penthouse in Kolkata,"Kolkata, WB",Penthouse,732,1,1,2023,Security,629570
Premium Apartment in Mumbai,"Mumbai, MH",Apartment,3725,1,2,1999,"Gym,Garden",2499144
Premium Condo in Kolkata,"Kolkata, WB",Condo,770,1,4,1983,"Gym,Garden,WiFi,Security,Pool",342753
Premium Condo in Pune,"Pune, MH",Condo,943,6,3,2024,"Garden,Parking",647076
Premium Villa in Delhi,"Delhi, DL",Villa,3412,2,2,2024,"Parking,Gym",2868787
Premium Villa in Hyderabad,"Hyderabad, TS",Villa,1968,5,3,2016,"WiFi,Gym",1473972
Premium Townhouse in Pune,"Pune, MH",Townhouse,4567,4,3,1996,"Security,Gym",1549314
Premium Townhouse in Chennai,"Chennai, TN",Townhouse,516,6,2,2024,"WiFi,Garden,Pool,Gym",535567
Premium Condo in Mumbai,"Mumbai, MH",Condo,4536,3,1,1991,"Parking,Security,Pool,Gym,WiFi",3066536
Premium Townhouse in Ahmedabad,"Ahmedabad, GJ",Townhouse,1957,2,1,2004,"Gym,Pool",755704
Premium Condo in Pune,"Pune, MH",Condo,3840,6,1,1982,"Pool,Gym,Security,Parking",1457181
Premium Apartment in Hyderabad,"Hyderabad, TS",Apartment,1955,4,1,1980,"WiFi,Garden,Pool",793058
Premium Townhouse in Kolkata,"Kolkata, WB",Townhouse,924,1,1,2003,"Parking,Garden,Gym,Security",316200
Premium Villa in Hyderabad,"Hyderabad, TS",Villa,2524,5,1,2015,"Pool,Gym,Parking,Garden,WiFi",1438341
Premium Condo in Mumbai,"Mumbai, MH",Condo,1969,2,3,1982,"Security,WiFi,Parking,Garden,Pool",1498992
Premium Villa in Delhi,"Delhi, DL",Villa,4674,2,2,1991,"Garden,Security",4157452
Premium Penthouse in Ahmedabad,"Ahmedabad, GJ",Penthouse,3718,1,4,1986,"Garden,WiFi,Parking",2646353
Premium Apartment in Delhi,"Delhi, DL",Apartment,4070,3,3,2020,"Security,Gym",2371397
Premium Villa in Hyderabad,"Hyderabad, TS",Villa,4146,6,4,2000,"Garden,Parking",2306208
Premium Apartment in Ahmedabad,"Ahmedabad, GJ",Apartment,2021,1,3,2011,"Gym,WiFi,Parking",704859
Premium Apartment in Hyderabad,"Hyderabad, TS",Apartment,4212,2,2,1997,"Security,Pool,Parking,Gym,WiFi",1463404
Premium Apartment in Kolkata,"Kolkata, WB",Apartment,1475,5,2,1982,"Gym,Security,Pool,Garden,WiFi",719076
Premium Penthouse in Kolkata,"Kolkata, WB",Penthouse,655,5,1,2008,"WiFi,Security,Pool",978536
Premium Penthouse in Mumbai,"Mumbai, MH",Penthouse,2399,3,1,2003,Pool,3230608
Premium Condo in Chennai,"Chennai, TN",Condo,2337,2,2,1993,Garden,886564
Premium Penthouse in Mumbai,"Mumbai, MH",Penthouse,668,6,3,1993,"Pool,Parking,WiFi",2120513
Premium Townhouse in Kolkata,"Kolkata, WB",Townhouse,2020,2,1,2010,"Parking,Garden,Gym,Security,Pool",794693
Premium Villa in Ahmedabad,"Ahmedabad, GJ",Villa,3942,5,2,1984,"WiFi,Gym,Security",2413251
Premium Townhouse in Mumbai,"Mumbai, MH",Townhouse,3631,1,2,2011,"Pool,Gym",2246133
Premium Penthouse in Chennai,"Chennai, TN",Penthouse,1370,3,2,2012,"WiFi,Security,Gym,Parking",1304728
Premium Penthouse in Chennai,"Chennai, TN",Penthouse,4783,5,4,2024,WiFi,3773345
Premium Townhouse in Bangalore,"Bangalore, KA",Townhouse,2893,3,3,2014,"WiFi,Parking,Garden",1650124
Premium Condo in Ahmedabad,"Ahmedabad, GJ",Condo,1814,5,3,2021,"Pool,Security",798391
Premium Condo in Bangalore,"Bangalore, KA",Condo,4510,4,1,2004,"Parking,WiFi,Security",2347313
Premium Townhouse in Kolkata,"Kolkata, WB",Townhouse,2233,4,3,2024,Pool,878041
Premium Villa in Hyderabad,"Hyderabad, TS",Villa,1236,4,2,2016,"Pool,Garden,Security",1007453
Premium Apartment in Hyderabad,"Hyderabad, TS",Apartment,823,4,1,1995,Garden,489120
Premium Condo in Bangalore,"Bangalore, KA",Condo,607,6,3,2020,"Garden,WiFi,Gym",882055
Premium Apartment in Chennai,"Chennai, TN",Apartment,2880,6,4,2020,WiFi,1190097
Premium Townhouse in Ahmedabad,"Ahmedabad, GJ",Townhouse,734,6,1,2001,WiFi,505572
Premium Condo in Delhi,"Delhi, DL",Condo,1973,2,1,2008,"Gym,WiFi,Garden",1397350
Premium Villa in Mumbai,"Mumbai, MH",Villa,2665,2,1,2015,"WiFi,Gym,Garden,Pool,Security",3023805
Premium Apartment in Ahmedabad,"Ahmedabad, GJ",Apartment,1409,4,1,2004,Gym,591272
Premium Villa in Bangalore,"Bangalore, KA",Villa,3927,6,4,2017,"Pool,Parking",3341041
Premium Villa in Pune,"Pune, MH",Villa,2390,2,4,1990,Parking,1361620
Premium Penthouse in Bangalore,"Bangalore, KA",Penthouse,4404,3,3,2015,Gym,4927453
Premium Townhouse in Hyderabad,"Hyderabad, TS",Townhouse,2691,4,1,2017,Pool,1021427
Premium Apartment in Ahmedabad,"Ahmedabad, GJ",Apartment,2840,1,3,2023,"Parking,WiFi,Garden",914718
Premium Penthouse in Bangalore,"Bangalore, KA",Penthouse,2092,1,2,2009,"Pool,Garden",2289198
Premium Penthouse in Bangalore,"Bangalore, KA",Penthouse,1152,5,1,1991,"Parking,Pool,Garden",1995017
Premium Condo in Hyderabad,"Hyderabad, TS",Condo,2757,4,4,2012,WiFi,1142640
Premium Condo in Chennai,"Chennai, TN",Condo,3029,6,4,1999,"Parking,WiFi,Security",1242312
Premium Townhouse in Delhi,"Delhi, DL",Townhouse,3831,2,1,1993,"Parking,Pool,WiFi",2502612
Premium Condo in Chennai,"Chennai, TN",Condo,919,1,1,2013,Pool,345517
Premium Villa in Ahmedabad,"Ahmedabad, GJ",Villa,4987,3,4,2011,"Garden,Pool,WiFi,Parking",2743562
Premium Condo in Kolkata,"Kolkata, WB",Condo,1661,1,2,1993,Gym,632647
Premium Villa in Ahmedabad,"Ahmedabad, GJ",Villa,4470,4,3,1988,"Parking,Security,Gym,WiFi",2191151
Premium Apartment in Chennai,"Chennai, TN",Apartment,3059,4,3,2021,"Pool,Garden,Security,Gym,Parking",1087003
Premium Townhouse in Ahmedabad,"Ahmedabad, GJ",Townhouse,3423,6,2,1984,Parking,1479722
Premium Apartment in Hyderabad,"Hyderabad, TS",Apartment,5000,6,3,1981,"Parking,Security,Gym",1775423
Premium Penthouse in Delhi,"Delhi, DL",Penthouse,2704,4,1,1983,WiFi,3803525
Premium Penthouse in Mumbai,"Mumbai, MH",Penthouse,3389,3,3,1984,"Gym,WiFi,Garden,Pool",5025048
Premium Villa in Ahmedabad,"Ahmedabad, GJ",Villa,3606,2,4,2021,"Security,Parking,WiFi,Garden,Pool",1923784
Premium Townhouse in Bangalore,"Bangalore, KA",Townhouse,3912,5,3,1991,"Security,Parking,Garden,WiFi",2259742
Premium Condo in Delhi,"Delhi, DL",Condo,1627,2,2,2008,"WiFi,Pool,Parking,Security",1202858
Premium Condo in Mumbai,"Mumbai, MH",Condo,866,3,4,2024,Pool,1035443
Premium Penthouse in Bangalore,"Bangalore, KA",Penthouse,2277,3,4,1980,Garden,2651110
Premium Villa in Pune,"Pune, MH",Villa,3355,6,4,2008,Gym,1872017
Premium Apartment in Pune,"Pune, MH",Apartment,2885,6,3,2001,"Pool,Security",1265452
Premium Apartment in Delhi,"Delhi, DL",Apartment,4481,3,1,2005,"Security,Gym,WiFi,Parking,Garden",2751470
Premium Townhouse in Pune,"Pune, MH",Townhouse,4938,1,3,1980,"Security,Garden,Gym",1728513
Premium Condo in Ahmedabad,"Ahmedabad, GJ",Condo,3798,1,3,2006,"Gym,Security,Parking,WiFi,Pool",1176012
Premium Penthouse in Mumbai,"Mumbai, MH",Penthouse,3259,5,3,2011,"Gym,Security,WiFi,Garden",5083858
Premium Villa in Ahmedabad,"Ahmedabad, GJ",Villa,1764,6,4,2017,"Gym,WiFi,Parking",1257577
Premium Penthouse in Hyderabad,"Hyderabad, TS",Penthouse,1684,1,1,1999,"Garden,Security,Parking,Pool,WiFi",1037494
Premium Villa in Delhi,"Delhi, DL",Villa,4127,3,2,2010,"Parking,Pool,Garden",3788008
Premium Townhouse in Chennai,"Chennai, TN",Townhouse,920,2,4,2000,Garden,423602
Premium Apartment in Mumbai,"Mumbai, MH",Apartment,2907,6,4,1981,"Security,WiFi",2649862
Premium Villa in Chennai,"Chennai, TN",Villa,4553,1,3,1990,"Security,Parking,Gym,Pool,WiFi",2086305
Premium Condo in Mumbai,"Mumbai, MH",Condo,3894,6,3,2014,"Gym,WiFi,Pool",2906363
Premium Condo in Delhi,"Delhi, DL",Condo,1166,1,4,1983,"WiFi,Security,Gym,Pool,Garden",877904
Premium Apartment in Hyderabad,"Hyderabad, TS",Apartment,531,2,1,1980,"WiFi,Garden,Security",274079
Premium Townhouse in Delhi,"Delhi, DL",Townhouse,2413,6,3,1982,"Garden,Parking,WiFi,Pool,Gym",1909623
Premium Condo in Chennai,"Chennai, TN",Condo,4031,3,2,1996,"Gym,Security,Garden",1508015
Premium Apartment in Pune,"Pune, MH",Apartment,751,2,2,2010,Gym,378323
Premium Penthouse in Kolkata,"Kolkata, WB",Penthouse,1356,5,4,1994,"Parking,WiFi,Pool,Garden,Security",1608792
Premium Condo in Kolkata,"Kolkata, WB",Condo,607,2,1,2016,"Parking,Gym",322750
Premium Penthouse in Kolkata,"Kolkata, WB",Penthouse,4829,1,3,1981,Parking,2949192
Premium Villa in Ahmedabad,"Ahmedabad, GJ",Villa,4931,6,3,2012,"Pool,WiFi,Gym",2905591
Premium Condo in Delhi,"Delhi, DL",Condo,1583,5,4,2013,Gym,1521418
Premium Penthouse in Mumbai,"Mumbai, MH",Penthouse,4995,3,3,2022,"Parking,Gym,Security,Garden",6756314
Premium Condo in Delhi,"Delhi, DL",Condo,2940,4,2,2019,"Garden,Pool,Security,Parking",2153302
Premium Apartment in Delhi,"Delhi, DL",Apartment,1191,3,2,2018,"Security,WiFi",1063164
Premium Townhouse in Ahmedabad,"Ahmedabad, GJ",Townhouse,1134,1,3,1982,Gym,481823
Premium Penthouse in Pune,"Pune, MH",Penthouse,3519,6,4,1982,"Pool,Garden,Parking",2934228
Premium Condo in Ahmedabad,"Ahmedabad, GJ",Condo,4696,2,4,2023,"Gym,WiFi,Pool",1455302
Premium Condo in Mumbai,"Mumbai, MH",Condo,3537,3,4,2019,"WiFi,Parking,Pool,Security,Gym",2662050
Premium Apartment in Chennai,"Chennai, TN",Apartment,1987,2,3,2008,"Security,Pool,WiFi",770154
Premium Condo in Hyderabad,"Hyderabad, TS",Condo,3753,5,3,1983,Gym,1462288
Premium Penthouse in Chennai,"Chennai, TN",Penthouse,4247,3,3,1991,"Parking,Security,Garden,WiFi,Pool",2933120
Premium Apartment in Kolkata,"Kolkata, WB",Apartment,4973,2,1,1990,"Gym,WiFi",1616847
Premium Townhouse in Delhi,"Delhi, DL",Townhouse,2855,1,3,2013,"Pool,Garden,Parking",1821075
Premium Penthouse in Kolkata,"Kolkata, WB",Penthouse,1749,3,4,1989,"Garden,Security,Gym,Pool,Parking",1404449
Premium Apartment in Bangalore,"Bangalore, KA",Apartment,1891,6,4,2012,"WiFi,Gym,Garden",1279324
Premium Apartment in Hyderabad,"Hyderabad, TS",Apartment,2024,3,2,1985,"Pool,Gym,Security",847593
Premium Villa in Delhi,"Delhi, DL",Villa,1709,6,3,2012,"Garden,Security,Pool,WiFi,Parking",2524246
Premium Penthouse in Hyderabad,"Hyderabad, TS",Penthouse,3975,4,4,2019,"Security,WiFi",2789928
Premium Villa in Bangalore,"Bangalore, KA",Villa,1715,5,4,2000,"Garden,Parking,Pool,WiFi,Security",1710354
Premium Villa in Delhi,"Delhi, DL",Villa,2201,6,2,1995,"Parking,Pool",2868251
Premium Penthouse in Delhi,"Delhi, DL",Penthouse,3847,5,1,2016,"WiFi,Gym,Garden,Parking",5466955
Premium Apartment in Chennai,"Chennai, TN",Apartment,590,5,1,2019,"Gym,Parking,Garden",404575
Premium Apartment in Delhi,"Delhi, DL",Apartment,3650,4,2,1983,"Gym,WiFi",2325849
Premium Townhouse in Delhi,"Delhi, DL",Townhouse,4517,5,4,2015,Pool,3322092
Premium Penthouse in Ahmedabad,"Ahmedabad, GJ",Penthouse,2222,1,2,1986,"Pool,Security,WiFi,Parking",1474556
Premium Townhouse in Mumbai,"Mumbai, MH",Townhouse,1070,1,1,1986,"Pool,WiFi,Garden,Parking,Gym",855278
Premium Villa in Pune,"Pune, MH",Villa,1725,2,3,2003,"Security,WiFi",1088971
Premium Villa in Hyderabad,"Hyderabad, TS",Villa,672,1,2,2016,Gym,461694
Premium Townhouse in Pune,"Pune, MH",Townhouse,3479,6,2,2017,"Security,Garden,WiFi,Parking",1422436
Premium Townhouse in Ahmedabad,"Ahmedabad, GJ",Townhouse,2489,5,4,1993,"Gym,WiFi",1116423
Premium Villa in Kolkata,"Kolkata, WB",Villa,4906,3,1,1999,"Gym,WiFi",2648620
Premium Apartment in Kolkata,"Kolkata, WB",Apartment,4264,5,1,1994,"Security,Pool,Garden",1472821
Premium Apartment in Kolkata,"Kolkata, WB",Apartment,4977,4,3,1980,"Garden,Security,WiFi,Gym",1719285
Premium Townhouse in Bangalore,"Bangalore, KA",Townhouse,2241,2,4,2017,"Security,Gym,WiFi,Parking",1228255
Premium Apartment in Ahmedabad,"Ahmedabad, GJ",Apartment,1080,2,1,2002,"WiFi,Pool,Garden,Security",426984
Premium Apartment in Pune,"Pune, MH",Apartment,4478,3,1,1996,"Gym,Pool,Garden",1375919
Premium Villa in Mumbai,"Mumbai, MH",Villa,3232,6,1,2013,WiFi,4032138
Premium Penthouse in Hyderabad,"Hyderabad, TS",Penthouse,1134,2,3,2010,"Pool,WiFi,Gym,Parking",1012696
Premium Townhouse in Hyderabad,"Hyderabad, TS",Townhouse,978,1,4,2010,WiFi,408766
Premium Townhouse in Bangalore,"Bangalore, KA",Townhouse,1715,3,4,2018,"Gym,Security,Pool",1131798
Premium Villa in Mumbai,"Mumbai, MH",Villa,686,6,2,1996,"Security,Parking,Pool,WiFi,Garden",1781360
Premium Villa in Mumbai,"Mumbai, MH",Villa,1160,5,3,1998,WiFi,1848432
Premium Townhouse in Chennai,"Chennai, TN",Townhouse,1935,5,2,2017,"Garden,Pool,Security,WiFi",833885
Premium Villa in Pune,"Pune, MH",Villa,591,1,4,1991,"Gym,WiFi,Parking",498769
Premium Villa in Pune,"Pune, MH",Villa,1267,4,2,2001,"Parking,WiFi",850673
Premium Villa in Hyderabad,"Hyderabad, TS",Villa,973,2,1,2014,"Garden,Parking,Pool,WiFi",655580
Premium Condo in Pune,"Pune, MH",Condo,3572,1,4,1999,"WiFi,Pool,Garden,Security",1208844
Premium Condo in Hyderabad,"Hyderabad, TS",Condo,973,3,1,1990,Pool,444134
Premium Condo in Chennai,"Chennai, TN",Condo,2311,3,1,2003,"Parking,Garden",946883
Premium Villa in Bangalore,"Bangalore, KA",Villa,1434,2,4,1994,"WiFi,Security,Garden,Pool,Gym",1366902
Premium Apartment in Ahmedabad,"Ahmedabad, GJ",Apartment,1670,2,2,1983,"WiFi,Parking,Gym,Pool",625516
Premium Condo in Ahmedabad,"Ahmedabad, GJ",Condo,2633,5,2,2010,"Garden,Gym,WiFi,Pool,Security",1017192
Premium Townhouse in Pune,"Pune, MH",Townhouse,4732,1,3,2001,"Garden,WiFi,Gym",1549394
Premium Penthouse in Pune,"Pune, MH",Penthouse,4169,5,2,2012,Gym,3093237
Premium Villa in Mumbai,"Mumbai, MH",Villa,939,6,1,2017,Parking,1635427
Premium Penthouse in Delhi,"Delhi, DL",Penthouse,4916,1,1,1994,"Garden,Parking,Gym,Pool",5387474
Premium Condo in Kolkata,"Kolkata, WB",Condo,1947,5,4,2000,"Garden,Pool,Security",859641
Premium Villa in Ahmedabad,"Ahmedabad, GJ",Villa,3955,3,3,2003,"Parking,Gym,Security,Garden",2013209
Premium Villa in Delhi,"Delhi, DL",Villa,4591,1,3,1988,"Security,WiFi",3964274
Premium Villa in Chennai,"Chennai, TN",Villa,2026,2,1,1980,"Garden,Security",1153859
Premium Apartment in Mumbai,"Mumbai, MH",Apartment,3413,5,3,2006,Garden,2571083
Premium Townhouse in Ahmedabad,"Ahmedabad, GJ",Townhouse,506,4,3,2013,"Security,Parking,WiFi,Garden",398404
Premium Townhouse in Pune,"Pune, MH",Townhouse,2632,1,2,1998,"Parking,Security,Pool,Gym,Garden",864265
Premium Penthouse in Ahmedabad,"Ahmedabad, GJ",Penthouse,2292,5,1,2022,"Parking,Security,WiFi",1847749
Premium Condo in Mumbai,"Mumbai, MH",Condo,1114,1,4,1988,"Gym,WiFi,Parking,Pool,Garden",980211
Premium Condo in Mumbai,"Mumbai, MH",Condo,1474,6,3,1983,"Security,Garden,Pool,Gym,Parking",1731698
Premium Apartment in Kolkata,"Kolkata, WB",Apartment,4354,6,1,1989,Gym,1635420
Premium Apartment in Hyderabad,"Hyderabad, TS",Apartment,2700,5,1,2015,"WiFi,Parking,Gym,Garden,Security",1050416
Premium Penthouse in Ahmedabad,"Ahmedabad, GJ",Penthouse,3979,3,3,2024,"Gym,Garden,Parking,Security",2961657
Premium Townhouse in Bangalore,"Bangalore, KA",Townhouse,1973,5,3,1989,"Security,WiFi",1360440
Premium Apartment in Pune,"Pune, MH",Apartment,3882,2,1,2024,"Garden,Gym",1243736
Premium Condo in Mumbai,"Mumbai, MH",Condo,2913,5,2,2018,"WiFi,Security,Pool",2320909
Premium Apartment in Ahmedabad,"Ahmedabad, GJ",Apartment,4517,2,1,2022,"Pool,Security,Parking",1410246
Premium Villa in Chennai,"Chennai, TN",Villa,1155,1,3,2015,"Parking,Pool,Security",642335
Premium Townhouse in Ahmedabad,"Ahmedabad, GJ",Townhouse,3564,5,3,1988,"Parking,WiFi,Garden,Security,Pool",1426689
Premium Penthouse in Mumbai,"Mumbai, MH",Penthouse,3005,4,3,2001,"WiFi,Parking,Garden,Gym,Security",4421993
Premium Villa in Pune,"Pune, MH",Villa,4584,3,4,1993,"Security,Gym,Pool",2446124
Premium Condo in Chennai,"Chennai, TN",Condo,4994,5,3,1992,Security,1694069
Premium Villa in Chennai,"Chennai, TN",Villa,3010,3,2,2003,Garden,1707786
Premium Penthouse in Hyderabad,"Hyderabad, TS",Penthouse,3556,6,4,2023,"Parking,Gym,Security,Pool",2826420
Premium Penthouse in Chennai,"Chennai, TN",Penthouse,2108,2,3,1985,"WiFi,Garden,Parking,Security",1615607
Premium Townhouse in Hyderabad,"Hyderabad, TS",Townhouse,2179,3,2,2011,"Parking,Security,WiFi,Garden,Pool",807604
Premium Condo in Ahmedabad,"Ahmedabad, GJ",Condo,2788,5,2,1991,"Security,Gym,Parking,Garden,Pool",1016035
Premium Penthouse in Chennai,"Chennai, TN",Penthouse,1618,1,4,2019,Parking,1162540
Premium Condo in Kolkata,"Kolkata, WB",Condo,1951,4,1,2021,"Pool,WiFi,Gym,Garden",780918
Premium Townhouse in Delhi,"Delhi, DL",Townhouse,2743,1,3,2000,"Parking,Garden,Security",1654283
Premium Apartment in Kolkata,"Kolkata, WB",Apartment,1824,5,3,1988,"Pool,Security",885157
Premium Penthouse in Delhi,"Delhi, DL",Penthouse,2684,6,3,2024,"WiFi,Parking,Gym,Security,Garden",3997356
Premium Apartment in Pune,"Pune, MH",Apartment,4832,1,1,1992,"Pool,Security,Garden,WiFi,Gym",1407729
Premium Townhouse in Mumbai,"Mumbai, MH",Townhouse,3327,1,3,1994,"Security,Gym,WiFi,Pool",2024854
Premium Condo in Mumbai,"Mumbai, MH",Condo,2614,3,2,1982,"Pool,Garden,Gym",1820056
Premium Villa in Pune,"Pune, MH",Villa,3702,4,3,2015,"Security,Garden",2060015
Premium Apartment in Pune,"Pune, MH",Apartment,2916,6,3,2004,"Pool,Garden,Gym",1157851
Premium Apartment in Pune,"Pune, MH",Apartment,2000,5,1,2004,"WiFi,Parking",874559
Premium Townhouse in Hyderabad,"Hyderabad, TS",Townhouse,2106,3,3,2009,"Security,Pool,Gym,Parking",845845
Premium Townhouse in Hyderabad,"Hyderabad, TS",Townhouse,2292,5,4,2022,Garden,968704
Premium Townhouse in Kolkata,"Kolkata, WB",Townhouse,1606,1,1,1987,Gym,506150
Premium Townhouse in Mumbai,"Mumbai, MH",Townhouse,3150,2,3,1998,"Security,Pool",2401094
Premium Apartment in Kolkata,"Kolkata, WB",Apartment,3374,6,2,1981,"Parking,Security,Pool,Garden,Gym",1391730
Premium Apartment in Delhi,"Delhi, DL",Apartment,3923,5,4,2022,WiFi,2598061
Premium Apartment in Pune,"Pune, MH",Apartment,2389,1,1,1986,"Parking,Garden,WiFi,Gym,Security",720101
Premium Condo in Delhi,"Delhi, DL",Condo,2049,5,1,1981,"Pool,Garden",1572531
Premium Apartment in Hyderabad,"Hyderabad, TS",Apartment,3123,1,1,1998,WiFi,1013309
Premium Villa in Bangalore,"Bangalore, KA",Villa,3749,2,4,1984,Garden,2976522
Premium Penthouse in Ahmedabad,"Ahmedabad, GJ",Penthouse,3162,6,1,2018,Garden,2387936
Premium Apartment in Mumbai,"Mumbai, MH",Apartment,4667,4,2,1981,"Parking,Security",3039428
Premium Condo in Delhi,"Delhi, DL",Condo,1286,5,2,2024,"Parking,WiFi,Garden",1261068
Premium Condo in Mumbai,"Mumbai, MH",Condo,2369,5,1,1983,"Pool,Security,Parking,WiFi,Garden",2106374
Premium Condo in Bangalore,"Bangalore, KA",Condo,3793,4,3,1997,Security,2104222
Premium Condo in Hyderabad,"Hyderabad, TS",Condo,1483,6,1,1983,"Parking,Gym,Pool,Security",715543
Premium Condo in Mumbai,"Mumbai, MH",Condo,2768,3,1,1982,"Garden,Gym,WiFi",2081581
Premium Apartment in Mumbai,"Mumbai, MH",Apartment,2034,1,1,2015,Garden,1302730
Premium Condo in Delhi,"Delhi, DL",Condo,724,5,4,2015,"Gym,Garden,Parking,Security",1056780
Premium Penthouse in Ahmedabad,"Ahmedabad, GJ",Penthouse,3094,1,1,2016,"Garden,Security,Pool",2145867
Premium Villa in Kolkata,"Kolkata, WB",Villa,3807,2,4,2008,Gym,1987419
Premium Apartment in Pune,"Pune, MH",Apartment,1401,2,3,1992,"Security,Parking",547181
Premium Apartment in Ahmedabad,"Ahmedabad, GJ",Apartment,4333,6,1,2015,"WiFi,Gym,Pool",1626056
Premium Apartment in Mumbai,"Mumbai, MH",Apartment,4138,6,2,2001,"Pool,Gym,Parking,WiFi",2980966
Premium Villa in Kolkata,"Kolkata, WB",Villa,946,2,4,1992,"WiFi,Garden",736734
Premium Condo in Pune,"Pune, MH",Condo,831,5,3,1988,"WiFi,Garden,Parking,Security,Pool",530337
Premium Condo in Mumbai,"Mumbai, MH",Condo,3675,6,4,1993,"Gym,Garden",3111547
Premium Condo in Chennai,"Chennai, TN",Condo,3299,1,1,2017,"WiFi,Pool,Security,Parking,Gym",1053012
Premium Villa in Bangalore,"Bangalore, KA",Villa,1547,1,1,1987,"Parking,WiFi",1209959
Premium Townhouse in Delhi,"Delhi, DL",Townhouse,685,6,1,2024,"Parking,Garden,Pool,Security,Gym",944669
Premium Condo in Kolkata,"Kolkata, WB",Condo,1129,5,2,2014,"Garden,Parking",691414
Premium Penthouse in Hyderabad,"Hyderabad, TS",Penthouse,2597,3,3,2016,"Gym,Pool",1827323
Premium Apartment in Hyderabad,"Hyderabad, TS",Apartment,584,4,4,2021,"Gym,Parking,Security,WiFi",428600
Premium Condo in Chennai,"Chennai, TN",Condo,1083,6,2,1994,"Pool,Security,Gym,Parking,Garden",648332
Premium Penthouse in Mumbai,"Mumbai, MH",Penthouse,3350,5,1,2022,"Pool,Parking",4955755
Premium Villa in Bangalore,"Bangalore, KA",Villa,4161,5,1,2001,"Garden,Pool",3104588
Premium Townhouse in Chennai,"Chennai, TN",Townhouse,1970,6,2,2017,"Garden,Pool,Gym,WiFi",975986
Premium Penthouse in Hyderabad,"Hyderabad, TS",Penthouse,806,5,4,2005,"Pool,WiFi",1151526
Premium Condo in Kolkata,"Kolkata, WB",Condo,4213,6,2,2003,"Security,Parking,Pool",1461260
Premium Townhouse in Hyderabad,"Hyderabad, TS",Townhouse,4468,1,3,2000,"WiFi,Security,Pool,Parking,Garden",1545123
Premium Penthouse in Chennai,"Chennai, TN",Penthouse,2154,3,4,1980,"WiFi,Gym,Garden",1694769
Premium Villa in Hyderabad,"Hyderabad, TS",Villa,808,2,1,2019,"Security,Parking,Pool",492920
Premium Townhouse in Kolkata,"Kolkata, WB",Townhouse,2884,1,4,2020,"WiFi,Gym",974242
Premium Apartment in Hyderabad,"Hyderabad, TS",Apartment,2760,2,2,2002,"WiFi,Security,Parking,Garden,Gym",945032
Premium Penthouse in Chennai,"Chennai, TN",Penthouse,2815,5,3,2001,"Security,Parking,WiFi",2532159
Premium Townhouse in Kolkata,"Kolkata, WB",Townhouse,4804,4,2,2011,"Garden,Security,Pool,Gym,WiFi",1826509
Premium Penthouse in Kolkata,"Kolkata, WB",Penthouse,4697,1,1,2001,Security,2752683
Premium Townhouse in Pune,"Pune, MH",Townhouse,4822,3,2,1990,"Pool,Gym,WiFi,Security",1783743
Premium Villa in Delhi,"Delhi, DL",Villa,4785,1,1,1996,"Gym,Security,Pool",4272651
Premium Apartment in Ahmedabad,"Ahmedabad, GJ",Apartment,919,5,1,2002,"Gym,WiFi,Parking",546472
Premium Condo in Kolkata,"Kolkata, WB",Condo,1859,4,2,1985,"WiFi,Security,Gym,Garden",793871
Premium Townhouse in Mumbai,"Mumbai, MH",Townhouse,4535,2,1,2022,"Security,Garden,WiFi,Parking",3140034
Premium Townhouse in Hyderabad,"Hyderabad, TS",Townhouse,4683,4,1,2024,"Parking,Security,WiFi",1657223
Premium Townhouse in Bangalore,"Bangalore, KA",Townhouse,4204,2,3,1985,"WiFi,Garden",2337461
Premium Villa in Delhi,"Delhi, DL",Villa,1685,2,4,1981,"Pool,Parking,Security",2013808
Premium Penthouse in Ahmedabad,"Ahmedabad, GJ",Penthouse,2035,6,2,2024,"WiFi,Garden",1846853
Premium Townhouse in Bangalore,"Bangalore, KA",Townhouse,2364,3,2,2006,Pool,1398553
Premium Condo in Kolkata,"Kolkata, WB",Condo,3388,4,4,2006,Pool,1297696
Premium Apartment in Delhi,"Delhi, DL",Apartment,3953,6,4,1994,"Pool,Parking",3047996
Premium Apartment in Hyderabad,"Hyderabad, TS",Apartment,4842,1,3,1994,"Pool,Garden,Gym",1671935
Premium Apartment in Bangalore,"Bangalore, KA",Apartment,3273,5,4,1981,"WiFi,Security,Pool,Parking",1936644
Premium Townhouse in Chennai,"Chennai, TN",Townhouse,3512,2,3,1991,"Pool,Parking,Garden,Gym,WiFi",1260805
Premium Townhouse in Ahmedabad,"Ahmedabad, GJ",Townhouse,765,5,1,2018,"Parking,Gym",457919
Premium Villa in Kolkata,"Kolkata, WB",Villa,2748,2,4,1986,Security,1380074
Premium Condo in Pune,"Pune, MH",Condo,4656,4,2,2009,"Security,Parking,Gym",1630564
Premium Apartment in Pune,"Pune, MH",Apartment,4385,5,4,1985,"WiFi,Gym,Security,Garden,Parking",1808393
Premium Penthouse in Chennai,"Chennai, TN",Penthouse,3239,2,3,2009,"Parking,Pool",2160453
Premium Villa in Mumbai,"Mumbai, MH",Villa,4982,5,4,2012,"WiFi,Security,Pool",5505351
Premium Penthouse in Pune,"Pune, MH",Penthouse,4099,3,1,1986,"Garden,Security",2546675
Premium Condo in Bangalore,"Bangalore, KA",Condo,2359,4,2,2013,"Parking,Garden,WiFi",1433189
Premium Penthouse in Bangalore,"Bangalore, KA",Penthouse,3440,2,1,1985,"Security,WiFi,Pool,Parking",3604113
Premium Townhouse in Kolkata,"Kolkata, WB",Townhouse,3248,2,3,2013,WiFi,1167765
Premium Townhouse in Pune,"Pune, MH",Townhouse,2934,4,3,2020,"WiFi,Pool,Security",1061506
Premium Townhouse in Bangalore,"Bangalore, KA",Townhouse,4442,1,1,2023,"Garden,Security,Pool,Parking,WiFi",2128851
Premium Apartment in Pune,"Pune, MH",Apartment,2936,5,1,1980,"Security,Garden,WiFi,Pool,Parking",1119882
Premium Apartment in Delhi,"Delhi, DL",Apartment,2578,2,3,2013,"Pool,Security,WiFi,Garden",1643076
Premium Villa in Bangalore,"Bangalore, KA",Villa,1521,3,3,2000,Parking,1412229
Premium Condo in Mumbai,"Mumbai, MH",Condo,1356,1,2,1985,"WiFi,Garden,Parking,Pool",936754
Premium Condo in Kolkata,"Kolkata, WB",Condo,4104,4,4,2015,"WiFi,Garden,Gym,Parking",1630323
Premium Penthouse in Ahmedabad,"Ahmedabad, GJ",Penthouse,2562,1,3,2018,"Gym,WiFi",1724154
Premium Penthouse in Delhi,"Delhi, DL",Penthouse,2503,6,2,2014,"Pool,Parking,Security,WiFi,Gym",3864484
Premium Apartment in Delhi,"Delhi, DL",Apartment,4866,6,2,1994,"Security,Gym",3334836
Premium Condo in Hyderabad,"Hyderabad, TS",Condo,1158,6,3,2014,"Pool,Gym",765954
Premium Townhouse in Mumbai,"Mumbai, MH",Townhouse,3951,3,3,1986,"Pool,Security,Parking,Gym",2811225
Premium Condo in Ahmedabad,"Ahmedabad, GJ",Condo,1339,5,4,1980,"Security,Gym,Pool",679224
Premium Apartment in Pune,"Pune, MH",Apartment,1107,1,3,2002,Garden,403349
Premium Villa in Chennai,"Chennai, TN",Villa,3836,5,1,1987,"Gym,Garden",2047775
Premium Townhouse in Kolkata,"Kolkata, WB",Townhouse,3243,5,3,2012,"Security,Gym,WiFi",1234024
Premium Villa in Chennai,"Chennai, TN",Villa,1110,4,3,2021,"WiFi,Parking,Pool,Gym,Garden",830975
Premium Penthouse in Pune,"Pune, MH",Penthouse,2725,1,3,1994,"Garden,Security,WiFi,Pool,Parking",1680018
Premium Penthouse in Mumbai,"Mumbai, MH",Penthouse,3929,1,3,1985,Pool,4843905
Premium Villa in Mumbai,"Mumbai, MH",Villa,2151,1,2,2003,Pool,2413519
Premium Townhouse in Bangalore,"Bangalore, KA",Townhouse,4038,2,1,2012,"Garden,WiFi,Gym,Security",2115579
Premium Condo in Mumbai,"Mumbai, MH",Condo,4585,3,4,1989,"WiFi,Gym,Pool,Security",3300982
Premium Townhouse in Pune,"Pune, MH",Townhouse,3878,4,4,2021,"WiFi,Pool,Parking",1548196
Premium Apartment in Chennai,"Chennai, TN",Apartment,3333,1,2,1980,"Parking,Security,Gym,Pool,WiFi",1127770
Premium Villa in Mumbai,"Mumbai, MH",Villa,4446,6,1,2011,"Parking,WiFi",4744704
Premium Apartment in Chennai,"Chennai, TN",Apartment,2241,5,4,2000,"Parking,Pool",906436
Premium Condo in Delhi,"Delhi, DL",Condo,1469,4,3,2023,"Parking,Gym,Garden",1257718
Premium Condo in Bangalore,"Bangalore, KA",Condo,1594,2,3,2003,Security,972649
Premium Townhouse in Ahmedabad,"Ahmedabad, GJ",Townhouse,1474,6,4,1992,"Garden,Gym,Parking,Security,WiFi",882520
Premium Condo in Ahmedabad,"Ahmedabad, GJ",Condo,4645,1,1,2020,"Parking,Security,Gym,WiFi,Garden",1389680
Premium Penthouse in Delhi,"Delhi, DL",Penthouse,2112,5,3,1980,"Security,Parking,Garden,WiFi",3224526
Premium Apartment in Hyderabad,"Hyderabad, TS",Apartment,1308,3,3,2013,"Pool,Gym,WiFi",613281
Premium Penthouse in Delhi,"Delhi, DL",Penthouse,905,1,1,2001,"Pool,Parking,Gym,Security,WiFi",1318895
Premium Penthouse in Ahmedabad,"Ahmedabad, GJ",Penthouse,4192,4,4,1993,"Gym,Security,Garden,Parking,Pool",2915285
Premium Villa in Delhi,"Delhi, DL",Villa,2490,6,2,1988,Security,2960559
Premium Condo in Pune,"Pune, MH",Condo,5000,4,1,2016,"Security,Gym",1795143
Premium Villa in Hyderabad,"Hyderabad, TS",Villa,2713,2,3,1982,"Gym,Pool,Garden,WiFi,Parking",1378179
Premium Townhouse in Bangalore,"Bangalore, KA",Townhouse,931,6,2,1997,"Security,WiFi,Garden,Gym",895125
Premium Apartment in Kolkata,"Kolkata, WB",Apartment,1419,4,1,1988,"Pool,Parking,Garden",672876
Premium Condo in Ahmedabad,"Ahmedabad, GJ",Condo,4598,6,4,2001,Gym,1843185
Premium Villa in Kolkata,"Kolkata, WB",Villa,4934,1,4,2021,"Gym,Pool,Security,Parking,Garden",2483384
Premium Penthouse in Bangalore,"Bangalore, KA",Penthouse,4660,2,3,2005,"Garden,Gym,Security",4480325
Premium Apartment in Delhi,"Delhi, DL",Apartment,2596,2,4,1987,"Garden,Security",1563056
Premium Apartment in Pune,"Pune, MH",Apartment,1184,5,1,2009,"Garden,WiFi",665077
Premium Penthouse in Bangalore,"Bangalore, KA",Penthouse,4945,1,4,2019,"Gym,Garden,Security,Pool,Parking",5215350
Premium Condo in Pune,"Pune, MH",Condo,738,4,3,2006,"WiFi,Gym",442091
Premium Apartment in Ahmedabad,"Ahmedabad, GJ",Apartment,1433,2,4,2009,"Pool,WiFi,Gym",556499
Premium Penthouse in Hyderabad,"Hyderabad, TS",Penthouse,3389,6,3,2016,"Parking,WiFi,Security,Garden",2731728
Premium Townhouse in Chennai,"Chennai, TN",Townhouse,2694,1,2,2004,"Gym,Security",924137
Premium Penthouse in Pune,"Pune, MH",Penthouse,4482,2,2,2021,"Garden,Pool",3089614
Premium Villa in Hyderabad,"Hyderabad, TS",Villa,2045,6,2,2021,"Garden,Gym",1292339
Premium Villa in Kolkata,"Kolkata, WB",Villa,1507,4,3,2022,"Pool,Gym,Parking,Security",1139064
Premium Townhouse in Pune,"Pune, MH",Townhouse,2688,4,3,1992,"Gym,Garden,Pool",1156894
Premium Townhouse in Mumbai,"Mumbai, MH",Townhouse,2427,3,1,1997,Gym,1700247
Premium Townhouse in Mumbai,"Mumbai, MH",Townhouse,1400,6,4,1992,"Gym,Security,Garden",1441615
Premium Apartment in Ahmedabad,"Ahmedabad, GJ",Apartment,901,1,2,2021,"WiFi,Security,Gym,Pool",343140
Premium Condo in Pune,"Pune, MH",Condo,2905,3,2,2006,"WiFi,Pool",1121072
Premium Apartment in Delhi,"Delhi, DL",Apartment,4971,1,3,1983,Security,2814541
Premium Condo in Delhi,"Delhi, DL",Condo,3751,2,3,2004,"Garden,Gym,Security,Pool",2444591
Premium Apartment in Chennai,"Chennai, TN",Apartment,1322,3,4,2013,"Garden,Parking",664875
Premium Penthouse in Hyderabad,"Hyderabad, TS",Penthouse,4791,3,2,2015,"WiFi,Parking,Security,Garden,Gym",3157599
Premium Apartment in Ahmedabad,"Ahmedabad, GJ",Apartment,1486,3,4,1991,"Garden,Parking,Gym,Pool,WiFi",737925
Premium Apartment in Bangalore,"Bangalore, KA",Apartment,1396,3,3,2004,"WiFi,Gym,Security,Garden,Parking",939672
Premium Condo in Pune,"Pune, MH",Condo,1277,3,2,1980,"Gym,Parking",629377
Premium Townhouse in Pune,"Pune, MH",Townhouse,2413,4,1,1982,"Gym,WiFi",970679
Premium Townhouse in Pune,"Pune, MH",Townhouse,1687,4,1,2010,"Security,Parking,Pool",710032
Premium Apartment in Pune,"Pune, MH",Apartment,4744,1,2,2005,"Security,Pool,WiFi,Garden,Parking",1618819
Premium Apartment in Delhi,"Delhi, DL",Apartment,3609,6,4,2001,"Gym,Security",2382475
Premium Villa in Bangalore,"Bangalore, KA",Villa,1148,5,4,1981,Security,1497499
Premium Apartment in Bangalore,"Bangalore, KA",Apartment,1932,4,4,1995,"Garden,Security,Parking",1385235
Premium Condo in Bangalore,"Bangalore, KA",Condo,1020,2,4,2005,"Garden,Pool",670510
Premium Villa in Mumbai,"Mumbai, MH",Villa,2376,4,3,2017,"Garden,Gym,WiFi,Security,Pool",3016531
Premium Apartment in Mumbai,"Mumbai, MH",Apartment,763,5,2,2016,Pool,938923
Premium Townhouse in Ahmedabad,"Ahmedabad, GJ",Townhouse,2613,1,1,2022,"WiFi,Parking,Gym",932354
Premium Townhouse in Hyderabad,"Hyderabad, TS",Townhouse,3807,4,2,2005,Gym,1257085
Premium Townhouse in Chennai,"Chennai, TN",Townhouse,1913,5,3,2011,"Security,Gym,Garden",825436
Premium Villa in Delhi,"Delhi, DL",Villa,3414,3,1,2009,"Security,WiFi,Gym,Parking",3164170
Premium Penthouse in Bangalore,"Bangalore, KA",Penthouse,977,3,1,2022,"WiFi,Gym",1357218
Premium Condo in Pune,"Pune, MH",Condo,4774,4,4,2024,Security,1836525
Premium Villa in Ahmedabad,"Ahmedabad, GJ",Villa,3053,1,1,1997,"Parking,Pool,WiFi,Garden",1551675
Premium Penthouse in Kolkata,"Kolkata, WB",Penthouse,3305,6,3,2021,WiFi,2829552
Premium Condo in Bangalore,"Bangalore, KA",Condo,2748,2,3,2023,Pool,1435903
Premium Apartment in Bangalore,"Bangalore, KA",Apartment,3919,1,2,1990,"Gym,Garden,Security",1803723
Premium Apartment in Delhi,"Delhi, DL",Apartment,1670,3,1,2002,"Garden,Security,Gym,Pool",1274110
Premium Villa in Ahmedabad,"Ahmedabad, GJ",Villa,4398,4,1,2005,"Garden,Gym,Parking",2451819
Premium Townhouse in Delhi,"Delhi, DL",Townhouse,2521,4,1,1993,"WiFi,Garden",1815435
Premium Townhouse in Ahmedabad,"Ahmedabad, GJ",Townhouse,4973,3,4,1994,"Pool,Security,Garden,Parking,WiFi",1668572
Premium Villa in Ahmedabad,"Ahmedabad, GJ",Villa,4457,5,3,1996,"Garden,WiFi,Security",2670701
Premium Villa in Ahmedabad,"Ahmedabad, GJ",Villa,552,6,1,2005,"Garden,Gym",770736
Premium Townhouse in Mumbai,"Mumbai, MH",Townhouse,1658,2,3,2001,"Parking,WiFi,Gym,Security,Garden",1398929
Premium Townhouse in Delhi,"Delhi, DL",Townhouse,3122,1,3,1995,"Gym,WiFi,Pool",1788022
Premium Villa in Chennai,"Chennai, TN",Villa,590,2,2,1993,"WiFi,Gym,Pool",518781
Premium Villa in Delhi,"Delhi, DL",Villa,4929,3,2,2024,"Parking,Garden,Security,Gym",4590277
Premium Townhouse in Ahmedabad,"Ahmedabad, GJ",Townhouse,4569,5,4,2022,"Pool,Gym,Security",1637624
Premium Villa in Hyderabad,"Hyderabad, TS",Villa,3571,5,1,1981,"WiFi,Garden,Parking,Security",2013671
Premium Condo in Pune,"Pune, MH",Condo,3545,6,4,2014,Security,1468960
Premium Townhouse in Chennai,"Chennai, TN",Townhouse,3514,3,3,2003,"Gym,Security,Garden",1288546
Premium Apartment in Chennai,"Chennai, TN",Apartment,653,1,3,2001,Parking,317797
Premium Condo in Kolkata,"Kolkata, WB",Condo,1612,5,3,1985,"Gym,WiFi,Parking,Pool,Garden",762903
Premium Villa in Ahmedabad,"Ahmedabad, GJ",Villa,3353,4,2,2008,"Gym,Pool,Parking,Garden",1788716
Premium Townhouse in Mumbai,"Mumbai, MH",Townhouse,4870,6,4,2000,"Garden,Pool,Security",3388432
Premium Townhouse in Chennai,"Chennai, TN",Townhouse,4615,3,2,2012,"WiFi,Garden",1536314
Premium Apartment in Hyderabad,"Hyderabad, TS",Apartment,4338,4,3,1984,"Garden,Parking,Gym,WiFi",1405491
Premium Apartment in Ahmedabad,"Ahmedabad, GJ",Apartment,1127,3,4,1982,"Security,WiFi,Garden,Gym,Parking",550519
Premium Condo in Hyderabad,"Hyderabad, TS",Condo,1558,5,3,2004,"WiFi,Pool,Gym,Security,Parking",834737
Premium Townhouse in Mumbai,"Mumbai, MH",Townhouse,3666,3,3,2004,"Gym,Garden",2877479
Premium Condo in Ahmedabad,"Ahmedabad, GJ",Condo,2478,6,4,2001,"WiFi,Pool,Security,Gym",1031237
Premium Penthouse in Ahmedabad,"Ahmedabad, GJ",Penthouse,2477,2,3,2016,"WiFi,Security",1982914
Premium Apartment in Delhi,"Delhi, DL",Apartment,1259,1,4,2013,"Pool,WiFi,Parking",987285
Premium Villa in Chennai,"Chennai, TN",Villa,2687,4,4,2014,"Pool,WiFi,Garden,Parking",1610826
Premium Townhouse in Mumbai,"Mumbai, MH",Townhouse,3799,3,2,1981,"Gym,Pool",2836395
Premium Apartment in Kolkata,"Kolkata, WB",Apartment,2069,5,1,2013,"Gym,Garden,WiFi,Security",822535
Premium Condo in Bangalore,"Bangalore, KA",Condo,2041,3,4,2000,"Security,Gym,WiFi,Pool,Garden",1216671
Premium Penthouse in Delhi,"Delhi, DL",Penthouse,1236,4,3,2005,"Pool,Security,Garden,Parking,Gym",2410466
Premium Condo in Ahmedabad,"Ahmedabad, GJ",Condo,4954,1,2,2018,"Security,WiFi,Gym,Garden,Pool",1718247
Premium Apartment in Bangalore,"Bangalore, KA",Apartment,4592,2,3,2018,"Parking,WiFi,Security",2208964
Premium Condo in Delhi,"Delhi, DL",Condo,1183,5,1,1985,"Garden,Parking,WiFi,Security,Pool",1116887
Premium Townhouse in Bangalore,"Bangalore, KA",Townhouse,4692,3,3,1984,"Garden,Security,WiFi,Pool,Parking",2630215
Premium Townhouse in Chennai,"Chennai, TN",Townhouse,1629,4,2,2007,"WiFi,Gym,Parking,Garden",721356
Premium Townhouse in Chennai,"Chennai, TN",Townhouse,3924,4,3,1998,"Gym,Parking,WiFi",1378181
Premium Townhouse in Pune,"Pune, MH",Townhouse,2605,3,4,1991,"Garden,Security,Gym",919006
Premium Townhouse in Pune,"Pune, MH",Townhouse,1175,5,4,2016,Parking,709918
Premium Penthouse in Pune,"Pune, MH",Penthouse,603,1,4,1991,"Pool,Security,WiFi,Gym,Parking",637176
Premium Townhouse in Kolkata,"Kolkata, WB",Townhouse,1891,1,3,1983,Gym,694370
Premium Condo in Kolkata,"Kolkata, WB",Condo,2428,6,4,2015,"Parking,Gym,Pool,WiFi,Security",1176502
Premium Townhouse in Hyderabad,"Hyderabad, TS",Townhouse,3390,3,1,2010,"Gym,Security,WiFi,Pool",1155282
Premium Apartment in Mumbai,"Mumbai, MH",Apartment,2114,5,2,1982,"Pool,Security,Gym,Garden,Parking",1665160
Premium Apartment in Pune,"Pune, MH",Apartment,2968,2,1,1984,"WiFi,Gym,Garden,Parking,Security",909466
Premium Penthouse in Hyderabad,"Hyderabad, TS",Penthouse,653,2,4,2021,"Pool,Parking,Security",752583
Premium Condo in Kolkata,"Kolkata, WB",Condo,3054,2,4,1999,Garden,1050672
Premium Townhouse in Bangalore,"Bangalore, KA",Townhouse,849,1,3,1983,"Parking,Garden,WiFi,Gym",507357
Premium Apartment in Ahmedabad,"Ahmedabad, GJ",Apartment,3777,4,1,1984,"Parking,Gym,WiFi,Pool,Garden",1400060
Premium Townhouse in Pune,"Pune, MH",Townhouse,2104,4,1,2003,"Gym,Garden",778043
Premium Villa in Hyderabad,"Hyderabad, TS",Villa,4288,5,1,2014,"Gym,Parking,WiFi,Pool",2189298
Premium Apartment in Pune,"Pune, MH",Apartment,1146,5,3,2005,"Pool,Parking",702656
Premium Villa in Mumbai,"Mumbai, MH",Villa,3392,4,4,1984,"Parking,Pool",3725409
Premium Apartment in Ahmedabad,"Ahmedabad, GJ",Apartment,3051,2,4,1983,Gym,1104823
Premium Villa in Delhi,"Delhi, DL",Villa,3151,2,3,2008,"WiFi,Gym",2687391
Premium Apartment in Chennai,"Chennai, TN",Apartment,4363,4,1,1983,"Security,WiFi",1467867
Premium Apartment in Kolkata,"Kolkata, WB",Apartment,933,1,2,2017,"WiFi,Parking,Garden",391533
Premium Penthouse in Mumbai,"Mumbai, MH",Penthouse,1068,4,1,2001,"WiFi,Parking,Garden,Pool,Security",2043050
Premium Condo in Ahmedabad,"Ahmedabad, GJ",Condo,2448,3,3,1999,"WiFi,Gym",994837
Premium Villa in Pune,"Pune, MH",Villa,2038,3,2,2011,Security,1270813
Premium Villa in Kolkata,"Kolkata, WB",Villa,3245,5,2,2017,"Security,Garden",2009299
Premium Condo in Chennai,"Chennai, TN",Condo,1980,1,3,2020,"Pool,Parking",679932
Premium Condo in Delhi,"Delhi, DL",Condo,2220,6,4,2004,"WiFi,Gym,Pool",1803588
Premium Villa in Ahmedabad,"Ahmedabad, GJ",Villa,1256,5,3,1986,"Pool,Parking,Garden,WiFi,Gym",953763
Premium Apartment in Mumbai,"Mumbai, MH",Apartment,2720,2,4,2012,"Parking,WiFi,Pool,Security",1879066
Premium Condo in Hyderabad,"Hyderabad, TS",Condo,3018,6,3,2016,"Pool,Garden,WiFi,Parking,Security",1298352
Premium Condo in Hyderabad,"Hyderabad, TS",Condo,3717,3,3,2015,Security,1397609
Premium Penthouse in Hyderabad,"Hyderabad, TS",Penthouse,595,3,3,2001,"Pool,Gym,Garden,WiFi",820478
Premium Apartment in Delhi,"Delhi, DL",Apartment,2296,2,2,1983,"Garden,Parking",1391026
Premium Penthouse in Bangalore,"Bangalore, KA",Penthouse,1292,6,1,1991,"Parking,Gym,WiFi",2230202
Premium Condo in Kolkata,"Kolkata, WB",Condo,783,2,4,1985,"Security,Gym,Pool",432997
Premium Villa in Ahmedabad,"Ahmedabad, GJ",Villa,2672,4,3,2007,Pool,1648938
Premium Townhouse in Hyderabad,"Hyderabad, TS",Townhouse,1217,3,2,2008,Gym,531246
Premium Apartment in Hyderabad,"Hyderabad, TS",Apartment,4184,4,3,2013,"WiFi,Gym,Garden,Security",1461322
Premium Villa in Chennai,"Chennai, TN",Villa,959,6,4,2004,"Gym,Security,WiFi,Garden",949092
Premium Penthouse in Delhi,"Delhi, DL",Penthouse,1872,3,3,2015,"WiFi,Garden",2879340
Premium Villa in Mumbai,"Mumbai, MH",Villa,1749,2,2,1991,Gym,1863714
Premium Penthouse in Kolkata,"Kolkata, WB",Penthouse,3941,2,2,1987,"Pool,WiFi,Parking,Garden",2858332
Premium Villa in Bangalore,"Bangalore, KA",Villa,2673,4,3,2000,"WiFi,Gym,Garden,Pool",2409777
Premium Penthouse in Bangalore,"Bangalore, KA",Penthouse,1796,3,3,1980,"Parking,Security,Garden,Gym",2412176
Premium Condo in Delhi,"Delhi, DL",Condo,975,3,4,1988,"Garden,Parking,WiFi",858775
Premium Penthouse in Mumbai,"Mumbai, MH",Penthouse,4760,1,4,1998,"Pool,Parking",5853048
Premium Townhouse in Delhi,"Delhi, DL",Townhouse,3649,5,2,1992,"Gym,Pool,WiFi,Security,Garden",2303335
Premium Apartment in Delhi,"Delhi, DL",Apartment,2632,6,2,2022,"Security,WiFi,Pool,Parking",2136847
Premium Condo in Hyderabad,"Hyderabad, TS",Condo,1053,2,2,2001,"Pool,Garden,WiFi,Parking,Security",458293
Premium Condo in Ahmedabad,"Ahmedabad, GJ",Condo,4899,5,2,2004,Parking,1832862
Premium Apartment in Bangalore,"Bangalore, KA",Apartment,2920,1,4,2011,"WiFi,Parking",1512504
Premium Apartment in Kolkata,"Kolkata, WB",Apartment,4673,5,1,2021,Parking,1613330
Premium Townhouse in Ahmedabad,"Ahmedabad, GJ",Townhouse,794,2,3,2006,"WiFi,Parking,Gym",415949
Premium Villa in Pune,"Pune, MH",Villa,2269,1,4,1982,"Gym,Security,Pool",1286558
Premium Villa in Pune,"Pune, MH",Villa,3296,1,2,1991,Garden,1660557
Premium Apartment in Hyderabad,"Hyderabad, TS",Apartment,1362,1,3,2022,"Gym,WiFi,Security,Pool",495353
Premium Apartment in Ahmedabad,"Ahmedabad, GJ",Apartment,1171,1,3,2004,"WiFi,Security,Gym,Parking,Garden",493734
Premium Condo in Kolkata,"Kolkata, WB",Condo,3311,1,3,2008,Security,1198717
Premium Condo in Ahmedabad,"Ahmedabad, GJ",Condo,2786,1,4,1982,"Parking,Pool",1043466
Premium Villa in Mumbai,"Mumbai, MH",Villa,4701,4,2,2012,Gym,4474920
Premium Townhouse in Pune,"Pune, MH",Townhouse,3879,4,3,1999,"WiFi,Security,Gym,Parking",1476794
Premium Condo in Chennai,"Chennai, TN",Condo,2257,6,4,2001,WiFi,957947
Premium Apartment in Mumbai,"Mumbai, MH",Apartment,1031,1,1,2022,"Parking,WiFi,Gym,Garden,Pool",686942
Premium Villa in Pune,"Pune, MH",Villa,1009,1,2,1984,"WiFi,Parking,Garden",635034
Premium Condo in Kolkata,"Kolkata, WB",Condo,4365,2,3,1980,"Security,Parking,Pool,WiFi",1458082
Premium Townhouse in Chennai,"Chennai, TN",Townhouse,2765,6,2,1983,"Garden,Security",1281993
Premium Villa in Bangalore,"Bangalore, KA",Villa,2488,1,4,2023,"Gym,Security",2030073
Premium Condo in Delhi,"Delhi, DL",Condo,819,1,1,1987,"Pool,Garden,Gym",568704
Premium Townhouse in Kolkata,"Kolkata, WB",Townhouse,757,1,1,1986,"Garden,Parking,Gym,WiFi",268614
Premium Villa in Kolkata,"Kolkata, WB",Villa,2474,6,3,2017,"Gym,Security,Garden,Parking",1804580
Premium Villa in Bangalore,"Bangalore, KA",Villa,1795,3,3,2016,"WiFi,Garden,Pool",1706636
Premium Penthouse in Kolkata,"Kolkata, WB",Penthouse,4210,5,3,1991,Parking,3120767
Premium Condo in Ahmedabad,"Ahmedabad, GJ",Condo,2350,1,1,2007,"Parking,Gym",817366
Premium Apartment in Pune,"Pune, MH",Apartment,3262,4,1,2011,"WiFi,Pool,Security,Parking,Gym",1104458
Premium Condo in Chennai,"Chennai, TN",Condo,1897,5,4,1986,"Gym,WiFi",986035
Premium Condo in Hyderabad,"Hyderabad, TS",Condo,3877,4,3,1990,Garden,1289529
Premium Townhouse in Ahmedabad,"Ahmedabad, GJ",Townhouse,2368,6,2,2012,"WiFi,Security,Garden,Gym",964849
Premium Townhouse in Bangalore,"Bangalore, KA",Townhouse,3190,1,3,2006,"Parking,WiFi",1450956
Premium Apartment in Hyderabad,"Hyderabad, TS",Apartment,2230,2,4,2001,"Parking,Gym,Security",859407
Premium Condo in Chennai,"Chennai, TN",Condo,1572,2,4,1988,"Gym,Garden,WiFi,Security",660044
Premium Villa in Pune,"Pune, MH",Villa,1875,5,2,1997,Parking,1243385
Premium Apartment in Kolkata,"Kolkata, WB",Apartment,4101,5,4,1984,"Gym,Pool",1600952
Premium Penthouse in Hyderabad,"Hyderabad, TS",Penthouse,1577,6,1,2019,"Pool,Gym,Security",1707173
Premium Villa in Pune,"Pune, MH",Villa,4684,6,2,1985,"Pool,WiFi,Garden,Parking",2426487
Premium Townhouse in Chennai,"Chennai, TN",Townhouse,1393,1,3,2015,"Garden,Parking,Pool,Gym",551762
Premium Penthouse in Mumbai,"Mumbai, MH",Penthouse,4001,2,2,2009,"WiFi,Gym",4980962
Premium Villa in Kolkata,"Kolkata, WB",Villa,3017,1,3,2011,Garden,1588595
Premium Penthouse in Bangalore,"Bangalore, KA",Penthouse,2663,1,1,1989,"WiFi,Pool,Garden",2588422
Premium Villa in Hyderabad,"Hyderabad, TS",Villa,787,1,2,1988,"WiFi,Pool",506067
Premium Villa in Pune,"Pune, MH",Villa,3571,6,4,2022,"Security,Garden,Pool,Gym",2009808
Premium Townhouse in Pune,"Pune, MH",Townhouse,1155,2,2,1986,"Pool,Security,WiFi,Gym",484051
Premium Townhouse in Pune,"Pune, MH",Townhouse,2996,5,3,2011,"Garden,Pool",1266288
Premium Penthouse in Pune,"Pune, MH",Penthouse,3083,3,1,2011,"Parking,WiFi",2109806
Premium Apartment in Hyderabad,"Hyderabad, TS",Apartment,4912,1,4,2006,"Security,Pool,Garden,Parking,Gym",1643203
Premium Townhouse in Kolkata,"Kolkata, WB",Townhouse,2548,5,4,1996,Pool,995427
Premium Condo in Hyderabad,"Hyderabad, TS",Condo,1109,6,4,1985,"Garden,Security,Parking,Gym",657532
Premium Condo in Mumbai,"Mumbai, MH",Condo,4721,4,1,1986,"Parking,Gym",3552610
Premium Apartment in Hyderabad,"Hyderabad, TS",Apartment,3887,1,1,2005,"Pool,Parking",1316434
Premium Townhouse in Mumbai,"Mumbai, MH",Townhouse,1151,4,1,1989,"Garden,Parking,Pool",1231244
Premium Townhouse in Pune,"Pune, MH",Townhouse,3078,2,1,2024,"Garden,Gym,Security,Parking",984900
Premium Townhouse in Pune,"Pune, MH",Townhouse,3826,1,3,1985,Security,1253153
Premium Villa in Delhi,"Delhi, DL",Villa,2930,4,3,1993,"Parking,Security,WiFi,Gym,Pool",3127361
Premium Villa in Mumbai,"Mumbai, MH",Villa,2058,2,2,2020,"WiFi,Pool,Security",2136695
Premium Villa in Pune,"Pune, MH",Villa,4650,4,4,1981,"WiFi,Garden,Gym,Parking",2403852
Premium Condo in Mumbai,"Mumbai, MH",Condo,834,3,1,2021,"Pool,Gym,Parking,Security",835462
Premium Townhouse in Delhi,"Delhi, DL",Townhouse,4939,1,3,2008,"WiFi,Pool",2754535
Premium Villa in Kolkata,"Kolkata, WB",Villa,2168,2,3,2013,"Security,Garden,WiFi",1329521
Premium Townhouse in Hyderabad,"Hyderabad, TS",Townhouse,1123,5,4,1988,"Gym,Pool,Security,Parking",635563
Premium Penthouse in Hyderabad,"Hyderabad, TS",Penthouse,3809,3,3,2022,"Parking,Pool,Garden,Gym,WiFi",2718500
Premium Townhouse in Kolkata,"Kolkata, WB",Townhouse,1371,1,1,1983,"Security,Garden,Pool",504405
Premium Penthouse in Mumbai,"Mumbai, MH",Penthouse,3780,5,3,2023,"Security,Parking,Pool,WiFi",5341392
Premium Penthouse in Delhi,"Delhi, DL",Penthouse,3757,6,2,1982,"Security,WiFi,Garden",5137069
Premium Apartment in Delhi,"Delhi, DL",Apartment,1692,6,2,1992,Gym,1477194
Premium Townhouse in Hyderabad,"Hyderabad, TS",Townhouse,4539,5,3,2022,"WiFi,Garden,Gym,Pool",1569057
Premium Villa in Chennai,"Chennai, TN",Villa,4808,2,1,1980,"Garden,Parking,Gym",2455083
Premium Villa in Chennai,"Chennai, TN",Villa,2529,3,3,2002,Parking,1496922
Premium Penthouse in Mumbai,"Mumbai, MH",Penthouse,3131,6,4,2016,"Security,Gym,Pool,Parking,Garden",5353439
Premium Penthouse in Bangalore,"Bangalore, KA",Penthouse,2134,6,3,1987,"Gym,Security,Garden",3186357
Premium Penthouse in Bangalore,"Bangalore, KA",Penthouse,2252,6,3,2018,"Pool,WiFi",2819016
Premium Apartment in Ahmedabad,"Ahmedabad, GJ",Apartment,2811,1,2,2017,"Parking,Garden,WiFi,Security,Pool",1013271
Premium Condo in Chennai,"Chennai, TN",Condo,4359,1,2,1983,"Parking,Security,WiFi,Garden,Gym",1288221
Premium Condo in Bangalore,"Bangalore, KA",Condo,1871,3,1,2005,"Parking,Pool,Gym,Garden,Security",1176186
Premium Apartment in Bangalore,"Bangalore, KA",Apartment,3105,1,3,1995,"Gym,Parking",1658347
Premium Townhouse in Pune,"Pune, MH",Townhouse,3467,1,4,1988,"Pool,Security,Garden",1076643
Premium Townhouse in Hyderabad,"Hyderabad, TS",Townhouse,1532,2,3,2010,"Security,Garden,Gym,Pool",647806
Premium Townhouse in Kolkata,"Kolkata, WB",Townhouse,3369,1,2,1988,"Gym,Security",1084374
Premium Townhouse in Chennai,"Chennai, TN",Townhouse,2368,4,3,1983,"WiFi,Security",979181
Premium Condo in Pune,"Pune, MH",Condo,1962,1,1,2012,"Parking,WiFi,Gym",678705
Premium Condo in Chennai,"Chennai, TN",Condo,1610,2,3,1998,"Parking,Security",629113
Premium Villa in Hyderabad,"Hyderabad, TS",Villa,4569,6,3,2002,"Garden,WiFi",2528042
Premium Townhouse in Kolkata,"Kolkata, WB",Townhouse,4038,5,2,2007,"Gym,WiFi,Pool,Garden",1551645
Premium Townhouse in Delhi,"Delhi, DL",Townhouse,646,4,2,1989,WiFi,847099
Premium Penthouse in Kolkata,"Kolkata, WB",Penthouse,4664,6,3,2005,"Parking,Garden,Pool,WiFi,Security",3762724
Premium Apartment in Delhi,"Delhi, DL",Apartment,1831,2,1,1986,"Gym,WiFi,Garden",1200322
Premium Villa in Hyderabad,"Hyderabad, TS",Villa,2544,5,2,1989,"WiFi,Gym,Pool,Parking",1518825
Premium Condo in Ahmedabad,"Ahmedabad, GJ",Condo,678,1,1,2006,WiFi,258512
Premium Villa in Ahmedabad,"Ahmedabad, GJ",Villa,2896,3,3,1980,"Security,Garden,Parking,WiFi,Gym",1746048
Premium Condo in Kolkata,"Kolkata, WB",Condo,3750,3,3,2016,"Garden,Gym,Pool",1273702
Premium Townhouse in Ahmedabad,"Ahmedabad, GJ",Townhouse,2953,2,1,1988,"WiFi,Security",1012370
Premium Apartment in Ahmedabad,"Ahmedabad, GJ",Apartment,3328,2,2,2009,Pool,1160262
Premium Villa in Mumbai,"Mumbai, MH",Villa,1502,4,4,2003,"Pool,Security",1988563
Premium Penthouse in Chennai,"Chennai, TN",Penthouse,918,3,4,1990,Pool,1019103
Premium Penthouse in Chennai,"Chennai, TN",Penthouse,1177,4,3,1985,"Garden,Pool,Security,Gym,WiFi",1200101
Premium Penthouse in Ahmedabad,"Ahmedabad, GJ",Penthouse,1628,4,1,2008,"Pool,Gym,WiFi,Parking,Security",1451815
Premium Villa in Kolkata,"Kolkata, WB",Villa,1353,2,1,1996,Parking,717846
Premium Penthouse in Pune,"Pune, MH",Penthouse,3022,3,2,1997,"Gym,Security,Garden,Pool,WiFi",2164476
Premium Penthouse in Pune,"Pune, MH",Penthouse,4817,4,1,2017,Security,3157107
Premium Apartment in Hyderabad,"Hyderabad, TS",Apartment,3512,3,4,2010,Security,1277713
Premium Condo in Hyderabad,"Hyderabad, TS",Condo,716,3,4,2022,"Garden,WiFi,Parking,Security",406072
Premium Condo in Delhi,"Delhi, DL",Condo,2174,2,1,1998,"Gym,WiFi,Garden,Pool",1292325
Premium Townhouse in Pune,"Pune, MH",Townhouse,2681,2,4,1998,"Pool,Parking,Gym,WiFi",958390
Premium Townhouse in Ahmedabad,"Ahmedabad, GJ",Townhouse,721,3,1,1981,"Security,WiFi,Parking,Pool",354999
Premium Penthouse in Delhi,"Delhi, DL",Penthouse,3365,4,1,2016,"Pool,WiFi",4308380
Premium Apartment in Delhi,"Delhi, DL",Apartment,4549,4,3,1988,"Pool,Parking,Security,WiFi",2750392
Premium Condo in Mumbai,"Mumbai, MH",Condo,946,4,4,2008,"Security,Pool,Gym",1046768
Premium Townhouse in Ahmedabad,"Ahmedabad, GJ",Townhouse,1643,1,3,2017,"Garden,WiFi,Parking",589464
Premium Townhouse in Hyderabad,"Hyderabad, TS",Townhouse,3669,5,2,2024,Security,1497863
Premium Penthouse in Mumbai,"Mumbai, MH",Penthouse,2566,5,3,2011,"Pool,WiFi,Parking",4127857
Premium Townhouse in Delhi,"Delhi, DL",Townhouse,4433,2,1,2023,WiFi,2783497
Premium Townhouse in Bangalore,"Bangalore, KA",Townhouse,4026,1,3,2012,"Gym,Pool,WiFi,Garden,Parking",2028624
Premium Apartment in Chennai,"Chennai, TN",Apartment,2773,6,4,1996,"Parking,WiFi,Garden,Pool,Security",1310278
Premium Townhouse in Chennai,"Chennai, TN",Townhouse,3714,3,3,1992,"Gym,Pool,Parking",1241018
Premium Condo in Delhi,"Delhi, DL",Condo,1380,2,3,2002,"Garden,WiFi,Parking",937433
Premium Condo in Bangalore,"Bangalore, KA",Condo,4300,6,3,1986,Garden,2695308
Premium Condo in Delhi,"Delhi, DL",Condo,4625,1,4,2010,Parking,2796458
Premium Penthouse in Ahmedabad,"Ahmedabad, GJ",Penthouse,2696,3,3,1998,"WiFi,Parking,Gym",2069064
Premium Townhouse in Kolkata,"Kolkata, WB",Townhouse,3988,1,2,1985,"Parking,Pool,Gym,WiFi",1298772
Premium Townhouse in Chennai,"Chennai, TN",Townhouse,4025,5,2,1986,"Parking,Security,Garden,WiFi",1482991
Premium Villa in Ahmedabad,"Ahmedabad, GJ",Villa,1755,6,3,2000,"Garden,Pool",1200908
Premium Townhouse in Hyderabad,"Hyderabad, TS",Townhouse,3188,3,3,1999,"Security,Gym,Garden,WiFi",1255890
Premium Villa in Hyderabad,"Hyderabad, TS",Villa,1967,6,1,2003,"Pool,Parking",1436268
Premium Villa in Bangalore,"Bangalore, KA",Villa,4875,4,2,1984,"WiFi,Security,Pool",4111415
Premium Villa in Delhi,"Delhi, DL",Villa,2592,1,4,2023,Garden,2210552
Premium Townhouse in Mumbai,"Mumbai, MH",Townhouse,4801,3,3,2007,Parking,3065262
Premium Villa in Pune,"Pune, MH",Villa,3781,5,2,2002,"Parking,Security,Gym,Garden",1956920
Premium Villa in Pune,"Pune, MH",Villa,1199,6,3,1995,"Gym,Security,Pool",1078617
Premium Condo in Kolkata,"Kolkata, WB",Condo,2516,5,4,2001,"Pool,Parking,Garden",1064277
Premium Villa in Ahmedabad,"Ahmedabad, GJ",Villa,4043,6,2,1987,"Pool,Garden",2124141
Premium Apartment in Delhi,"Delhi, DL",Apartment,627,3,1,2006,"Gym,Parking",645343
Premium Condo in Bangalore,"Bangalore, KA",Condo,2888,6,3,1981,"Pool,Parking,Gym,Security,Garden",1885811
Premium Penthouse in Mumbai,"Mumbai, MH",Penthouse,2493,4,1,2005,"Security,WiFi,Pool,Gym",4086878
Premium Condo in Ahmedabad,"Ahmedabad, GJ",Condo,3445,5,3,2014,"Pool,Garden,Parking,WiFi,Security",1369780
Premium Villa in Kolkata,"Kolkata, WB",Villa,798,2,4,2009,WiFi,612815
Premium Apartment in Hyderabad,"Hyderabad, TS",Apartment,3461,6,1,1982,"Garden,Gym,WiFi,Pool",1316411
Premium Townhouse in Bangalore,"Bangalore, KA",Townhouse,1148,5,1,2015,"Gym,Parking,WiFi,Security,Pool",834231
Premium Condo in Kolkata,"Kolkata, WB",Condo,4106,1,2,1983,Pool,1301245
Premium Townhouse in Chennai,"Chennai, TN",Townhouse,3101,5,2,1998,"Pool,Gym,Security,Garden,Parking",1159184
Premium Townhouse in Hyderabad,"Hyderabad, TS",Townhouse,846,2,4,2009,"Gym,Garden,WiFi,Pool",465320
Premium Penthouse in Ahmedabad,"Ahmedabad, GJ",Penthouse,3221,2,2,1995,"Parking,Gym",2255401
Premium Townhouse in Ahmedabad,"Ahmedabad, GJ",Townhouse,1856,1,1,1984,"Parking,Gym,WiFi",626512
Premium Penthouse in Chennai,"Chennai, TN",Penthouse,3184,1,4,2019,"Parking,WiFi",2140803
Premium Townhouse in Pune,"Pune, MH",Townhouse,3767,6,1,1993,Parking,1466483
Premium Townhouse in Ahmedabad,"Ahmedabad, GJ",Townhouse,1303,5,4,2024,Garden,668432
Premium Apartment in Pune,"Pune, MH",Apartment,4097,2,1,2018,"WiFi,Garden,Pool",1365309
Premium Penthouse in Chennai,"Chennai, TN",Penthouse,2960,1,4,1999,"WiFi,Pool",2077283
Premium Apartment in Kolkata,"Kolkata, WB",Apartment,4441,4,1,1988,"WiFi,Garden,Gym",1560068
Premium Penthouse in Chennai,"Chennai, TN",Penthouse,3928,2,1,2014,"WiFi,Security",2569621
Premium Penthouse in Ahmedabad,"Ahmedabad, GJ",Penthouse,524,6,4,2014,"Gym,Garden,Security",1152924
Premium Townhouse in Chennai,"Chennai, TN",Townhouse,3400,2,4,1990,"Pool,Security,Garden,Gym",1274137
Premium Villa in Mumbai,"Mumbai, MH",Villa,3654,1,4,2024,"Garden,WiFi,Pool,Security,Gym",3927316
Premium Apartment in Kolkata,"Kolkata, WB",Apartment,1656,2,4,1999,"Garden,Security,Parking",720684
Premium Penthouse in Kolkata,"Kolkata, WB",Penthouse,4809,2,1,2012,Pool,3279024
Premium Townhouse in Kolkata,"Kolkata, WB",Townhouse,4893,1,2,2018,WiFi,1449482
Premium Penthouse in Pune,"Pune, MH",Penthouse,4522,1,1,1997,"Security,Parking,Pool,WiFi,Gym",3069263
Premium Penthouse in Delhi,"Delhi, DL",Penthouse,3908,2,3,1988,"Garden,WiFi,Gym",4434873
Premium Condo in Mumbai,"Mumbai, MH",Condo,690,6,4,2005,"WiFi,Parking,Gym",1230024
Premium Apartment in Pune,"Pune, MH",Apartment,1820,1,1,2022,"Parking,Garden,Pool,Gym,Security",574722
Premium Penthouse in Pune,"Pune, MH",Penthouse,2211,3,3,2008,"Security,Parking",1799556
Premium Condo in Ahmedabad,"Ahmedabad, GJ",Condo,2523,3,1,2000,Garden,994366
Premium Townhouse in Bangalore,"Bangalore, KA",Townhouse,4209,3,4,1990,WiFi,2136971
Premium Apartment in Chennai,"Chennai, TN",Apartment,735,3,2,2018,"Pool,Security,Parking",430565
Premium Penthouse in Hyderabad,"Hyderabad, TS",Penthouse,3011,3,3,2023,"Garden,Gym,WiFi,Pool,Security",2148979
Premium Penthouse in Ahmedabad,"Ahmedabad, GJ",Penthouse,869,5,3,1981,"Gym,WiFi,Security,Garden,Pool",1145256
Premium Villa in Pune,"Pune, MH",Villa,4509,3,4,2014,"Pool,Garden,Security,WiFi",2576422
Premium Townhouse in Delhi,"Delhi, DL",Townhouse,592,5,4,2009,"Pool,Gym,Parking,Security",837960
Premium Penthouse in Pune,"Pune, MH",Penthouse,2713,2,3,2003,Security,2006799
Premium Penthouse in Delhi,"Delhi, DL",Penthouse,2922,1,4,2018,"Security,Garden,WiFi",3432788
Premium Penthouse in Pune,"Pune, MH",Penthouse,3299,2,1,1999,"Garden,Gym,Security,WiFi,Parking",2235023
Premium Condo in Hyderabad,"Hyderabad, TS",Condo,2975,2,2,2008,Gym,962669
Premium Penthouse in Ahmedabad,"Ahmedabad, GJ",Penthouse,2535,3,2,1980,"Parking,Garden,Gym,WiFi,Security",1946453
Premium Villa in Bangalore,"Bangalore, KA",Villa,2017,1,2,2005,"Garden,Gym,Parking,WiFi",1439830
Premium Penthouse in Delhi,"Delhi, DL",Penthouse,783,2,1,2020,Parking,1245604
Premium Condo in Hyderabad,"Hyderabad, TS",Condo,1919,6,1,2011,"Parking,Gym,Garden",885066
Premium Penthouse in Chennai,"Chennai, TN",Penthouse,4004,2,2,1993,"Pool,WiFi,Garden",2762568
Premium Apartment in Delhi,"Delhi, DL",Apartment,3540,2,3,1985,"Parking,Garden",2400131
Premium Townhouse in Hyderabad,"Hyderabad, TS",Townhouse,650,5,4,2013,"Pool,Parking,Gym,Garden,WiFi",570432
Premium Townhouse in Pune,"Pune, MH",Townhouse,4637,1,4,1990,"Gym,Pool,Garden,Security,Parking",1407490
Premium Townhouse in Chennai,"Chennai, TN",Townhouse,2474,2,4,2013,"Gym,Garden,Pool,Parking",906765
Premium Villa in Delhi,"Delhi, DL",Villa,4086,5,1,2011,"Parking,Security,Gym,Pool,Garden",3687617
Premium Condo in Ahmedabad,"Ahmedabad, GJ",Condo,4964,4,3,1991,"WiFi,Security",1627322
Premium Condo in Hyderabad,"Hyderabad, TS",Condo,4276,6,1,1984,"Pool,Gym,Parking,Security",1752155
Premium Apartment in Ahmedabad,"Ahmedabad, GJ",Apartment,1742,1,2,1984,Garden,562521
Premium Condo in Kolkata,"Kolkata, WB",Condo,3350,1,4,2002,"Pool,WiFi,Garden",1066379
Premium Penthouse in Pune,"Pune, MH",Penthouse,1532,5,4,2012,"Pool,Garden,Parking,Security",1444122
Premium Condo in Delhi,"Delhi, DL",Condo,4199,4,4,1985,"Security,Garden",2572632
Premium Condo in Ahmedabad,"Ahmedabad, GJ",Condo,1634,3,3,1994,"WiFi,Garden,Security",713883
Premium Townhouse in Bangalore,"Bangalore, KA",Townhouse,2207,1,4,2010,"Parking,Gym,Pool,Garden",1113105
Premium Condo in Mumbai,"Mumbai, MH",Condo,2280,2,4,2023,"Gym,Security,Parking",1579802
Premium Penthouse in Pune,"Pune, MH",Penthouse,4199,1,2,2006,Security,2457239
Premium Townhouse in Ahmedabad,"Ahmedabad, GJ",Townhouse,1921,1,3,2015,"Security,WiFi,Pool,Garden",742260
Premium Penthouse in Kolkata,"Kolkata, WB",Penthouse,4798,2,4,2004,"Pool,Parking",2934708
Premium Villa in Chennai,"Chennai, TN",Villa,4139,4,2,2007,"Garden,WiFi,Parking,Security,Pool",2026266
Premium Townhouse in Mumbai,"Mumbai, MH",Townhouse,4028,4,4,1985,"Gym,Garden",2814123
Premium Apartment in Pune,"Pune, MH",Apartment,3884,1,4,1990,"Security,WiFi,Gym,Parking,Pool",1337274
Premium Townhouse in Bangalore,"Bangalore, KA",Townhouse,3062,1,4,2010,"Pool,Garden,Gym,WiFi",1449349
Premium Villa in Delhi,"Delhi, DL",Villa,3720,4,4,2005,"Parking,Gym,Garden",4016167
Premium Penthouse in Chennai,"Chennai, TN",Penthouse,4784,2,4,1983,"Security,Gym,Garden,Pool,Parking",3487575
Premium Apartment in Kolkata,"Kolkata, WB",Apartment,1352,5,3,2011,"WiFi,Garden,Pool,Gym",713036
Premium Apartment in Bangalore,"Bangalore, KA",Apartment,2421,5,4,2002,"Parking,Gym,Garden",1734725
Premium Apartment in Bangalore,"Bangalore, KA",Apartment,4047,4,3,1986,"Gym,WiFi,Pool",2129448
Premium Apartment in Pune,"Pune, MH",Apartment,4393,5,2,2001,Gym,1449819
Premium Villa in Mumbai,"Mumbai, MH",Villa,1875,1,2,2003,"Gym,WiFi,Garden,Pool",2004723
Premium Condo in Mumbai,"Mumbai, MH",Condo,2943,1,1,1984,"Security,Gym,Parking,Pool",1752459
Premium Penthouse in Chennai,"Chennai, TN",Penthouse,3125,4,4,2003,Parking,2629129
Premium Condo in Hyderabad,"Hyderabad, TS",Condo,4525,1,3,2015,"Pool,Garden",1468603
Premium Townhouse in Chennai,"Chennai, TN",Townhouse,4570,6,1,2004,Security,1833561
Premium Penthouse in Bangalore,"Bangalore, KA",Penthouse,3305,5,3,2004,"Garden,WiFi",3688518
Premium Condo in Kolkata,"Kolkata, WB",Condo,4526,4,1,2008,"Gym,Pool,Security",1637522
Premium Townhouse in Pune,"Pune, MH",Townhouse,1708,2,2,2011,"WiFi,Pool,Parking,Security,Garden",592727
Premium Apartment in Ahmedabad,"Ahmedabad, GJ",Apartment,1795,5,3,1980,"Garden,Gym,WiFi,Pool",818710
Premium Townhouse in Kolkata,"Kolkata, WB",Townhouse,2645,1,4,1981,"Gym,Garden,WiFi,Security,Pool",1003967
Premium Condo in Bangalore,"Bangalore, KA",Condo,4973,4,1,2000,"Garden,Parking,Security,Gym",2581319
Premium Penthouse in Pune,"Pune, MH",Penthouse,1293,2,1,2006,"Garden,Gym",1030275
Premium Apartment in Bangalore,"Bangalore, KA",Apartment,4317,1,2,1983,"Gym,WiFi,Garden,Pool",1875185
Premium Apartment in Pune,"Pune, MH",Apartment,3286,1,4,1987,"WiFi,Garden",1214712
Premium Penthouse in Ahmedabad,"Ahmedabad, GJ",Penthouse,842,3,4,1993,"Garden,Pool,Security,Gym",886211
Premium Apartment in Delhi,"Delhi, DL",Apartment,1998,4,3,2020,WiFi,1402471
Premium Villa in Bangalore,"Bangalore, KA",Villa,2981,2,4,1981,"Security,Garden,Pool,Gym,WiFi",2277287
Premium Condo in Kolkata,"Kolkata, WB",Condo,1176,2,3,1983,"Garden,Parking,WiFi",529464
Premium Villa in Delhi,"Delhi, DL",Villa,1960,3,1,2013,"Gym,Security,Garden,Pool,Parking",2014463
Premium Penthouse in Hyderabad,"Hyderabad, TS",Penthouse,3993,4,1,2014,Garden,3092374
Premium Condo in Hyderabad,"Hyderabad, TS",Condo,4924,1,1,2011,"Gym,Parking,Garden,WiFi,Security",1669055
Premium Penthouse in Delhi,"Delhi, DL",Penthouse,2583,2,1,2015,"Pool,Garden",3491172
Premium Penthouse in Kolkata,"Kolkata, WB",Penthouse,3823,1,3,1983,Parking,2603856
Premium Apartment in Delhi,"Delhi, DL",Apartment,4624,4,2,2003,"WiFi,Parking,Gym,Security,Pool",3034194
Premium Condo in Hyderabad,"Hyderabad, TS",Condo,3278,5,1,1993,Gym,1235375
Premium Condo in Ahmedabad,"Ahmedabad, GJ",Condo,3940,1,1,1981,"Pool,Gym,Parking",1321837
Premium Penthouse in Pune,"Pune, MH",Penthouse,2603,1,1,2010,Pool,1644814
Premium Penthouse in Hyderabad,"Hyderabad, TS",Penthouse,4571,5,4,1991,"Gym,Pool",3252721
Premium Penthouse in Hyderabad,"Hyderabad, TS",Penthouse,1250,1,1,2015,"Security,WiFi,Gym,Parking",943671
Premium Townhouse in Kolkata,"Kolkata, WB",Townhouse,1455,6,1,1993,"Garden,Parking",794170
Premium Condo in Hyderabad,"Hyderabad, TS",Condo,3799,6,3,2015,"Garden,Security",1499279
Premium Townhouse in Kolkata,"Kolkata, WB",Townhouse,3019,1,3,1999,"Pool,Parking,Garden",1089354
Premium Villa in Delhi,"Delhi, DL",Villa,2244,1,1,2007,Garden,1844658
Premium Apartment in Chennai,"Chennai, TN",Apartment,1033,5,4,2001,"Gym,Security,WiFi,Garden,Parking",578758
Premium Condo in Ahmedabad,"Ahmedabad, GJ",Condo,4824,2,2,1985,"Parking,Pool",1471929
Premium Townhouse in Delhi,"Delhi, DL",Townhouse,831,6,2,1995,Security,1092896
Premium Apartment in Mumbai,"Mumbai, MH",Apartment,4510,2,4,2024,"Security,Gym,Parking",2864097
Premium Townhouse in Delhi,"Delhi, DL",Townhouse,2140,2,4,1982,"Gym,Security,Garden",1552305
Premium Condo in Chennai,"Chennai, TN",Condo,689,3,1,1980,Pool,361525
Premium Apartment in Chennai,"Chennai, TN",Apartment,4007,5,3,2006,"Garden,Security",1542404
Premium Condo in Mumbai,"Mumbai, MH",Condo,1267,5,1,2001,WiFi,1269776
Premium Apartment in Hyderabad,"Hyderabad, TS",Apartment,2778,6,1,1999,"Garden,Parking,Pool,Security",1095222
Premium Penthouse in Mumbai,"Mumbai, MH",Penthouse,3451,1,2,2018,Pool,4836470
Premium Villa in Hyderabad,"Hyderabad, TS",Villa,4427,3,1,2006,Gym,2329723
Premium Penthouse in Kolkata,"Kolkata, WB",Penthouse,2910,2,2,1992,"Garden,WiFi,Pool,Security",2088118
Premium Condo in Mumbai,"Mumbai, MH",Condo,1827,1,1,2013,"Garden,Security",1168806
Premium Penthouse in Bangalore,"Bangalore, KA",Penthouse,2928,1,2,2021,Security,2908476
Premium Apartment in Chennai,"Chennai, TN",Apartment,4610,6,4,1993,Garden,1696617
Premium Villa in Ahmedabad,"Ahmedabad, GJ",Villa,971,4,1,1986,"Security,Pool,Gym,Garden,WiFi",728516
Premium Townhouse in Pune,"Pune, MH",Townhouse,1716,2,4,2006,"Gym,Garden,Pool,Parking,WiFi",670830
Premium Townhouse in Kolkata,"Kolkata, WB",Townhouse,3040,2,1,1986,Garden,957377
Premium Penthouse in Bangalore,"Bangalore, KA",Penthouse,2245,4,2,2007,"Garden,Parking,WiFi,Security,Gym",2542369
Premium Villa in Bangalore,"Bangalore, KA",Villa,1011,6,2,2008,"WiFi,Garden,Security",1500896
Premium Apartment in Pune,"Pune, MH",Apartment,2861,6,4,2008,"Pool,Security,WiFi,Parking,Gym",1321290
Premium Townhouse in Pune,"Pune, MH",Townhouse,4333,6,1,1996,"Pool,Parking,Garden,Gym",1589194
Premium Apartment in Chennai,"Chennai, TN",Apartment,3761,5,3,2007,Security,1467738
Premium Condo in Kolkata,"Kolkata, WB",Condo,4948,1,2,1991,"WiFi,Garden,Security",1540622
Premium Villa in Bangalore,"Bangalore, KA",Villa,3173,3,2,2010,"Gym,WiFi,Security,Garden,Parking",2415408
Premium Penthouse in Mumbai,"Mumbai, MH",Penthouse,1808,2,2,1985,WiFi,2825869
Premium Apartment in Pune,"Pune, MH",Apartment,2318,1,4,1987,"WiFi,Gym",891800
Premium Townhouse in Bangalore,"Bangalore, KA",Townhouse,3242,4,2,2010,"Parking,Security,WiFi,Gym,Garden",1731581
Premium Townhouse in Hyderabad,"Hyderabad, TS",Townhouse,4059,2,2,2002,Parking,1398363
Premium Condo in Bangalore,"Bangalore, KA",Condo,1873,5,1,2004,"WiFi,Pool,Security,Garden",1325303
Premium Villa in Bangalore,"Bangalore, KA",Villa,1133,2,4,1997,"Pool,Gym,Garden",1269306
Premium Townhouse in Chennai,"Chennai, TN",Townhouse,4477,3,1,2001,"WiFi,Parking,Garden,Gym",1580798
Premium Apartment in Hyderabad,"Hyderabad, TS",Apartment,2749,6,4,2006,Parking,1122700
Premium Apartment in Ahmedabad,"Ahmedabad, GJ",Apartment,4097,5,1,2016,Garden,1488334
Premium Penthouse in Bangalore,"Bangalore, KA",Penthouse,4692,4,2,2003,"Security,Garden,Pool,Parking",4625800
Premium Condo in Pune,"Pune, MH",Condo,732,4,3,1986,"WiFi,Pool,Security,Garden",469306
Premium Condo in Chennai,"Chennai, TN",Condo,3186,4,2,2020,"Parking,Security,Gym,WiFi,Pool",1292022
Premium Villa in Mumbai,"Mumbai, MH",Villa,3866,5,1,1989,"Security,Gym",4514541
Premium Townhouse in Pune,"Pune, MH",Townhouse,3637,1,4,2014,Gym,1265526
Premium Villa in Bangalore,"Bangalore, KA",Villa,3980,5,2,2023,"Parking,Pool",3460687
Premium Villa in Ahmedabad,"Ahmedabad, GJ",Villa,4390,2,2,1997,Garden,2019245
Premium Apartment in Mumbai,"Mumbai, MH",Apartment,3964,2,2,1993,"WiFi,Parking",2675548
Premium Penthouse in Mumbai,"Mumbai, MH",Penthouse,524,1,1,1989,"WiFi,Parking",931517
Premium Villa in Chennai,"Chennai, TN",Villa,1769,1,2,2003,"Security,Pool,Gym",878761
Premium Penthouse in Bangalore,"Bangalore, KA",Penthouse,4793,3,4,2016,"Security,Pool",4972852
Premium Condo in Hyderabad,"Hyderabad, TS",Condo,1152,2,1,2008,"Security,Garden,Parking",508608
Premium Villa in Ahmedabad,"Ahmedabad, GJ",Villa,2182,3,4,1985,"Parking,Security,Pool",1284944
Premium Townhouse in Mumbai,"Mumbai, MH",Townhouse,1414,5,2,1982,Pool,1438962
Premium Penthouse in Pune,"Pune, MH",Penthouse,4499,1,3,1996,"Security,WiFi,Gym,Pool,Garden",2669669
Premium Penthouse in Mumbai,"Mumbai, MH",Penthouse,1630,2,3,2024,"Gym,Pool,Garden",2661500
Premium Townhouse in Kolkata,"Kolkata, WB",Townhouse,1014,6,4,1998,"WiFi,Gym",642053
Premium Townhouse in Chennai,"Chennai, TN",Townhouse,4267,3,3,2021,"WiFi,Parking,Gym",1412582
Premium Villa in Mumbai,"Mumbai, MH",Villa,838,5,4,1980,"Security,WiFi",1863950
Premium Apartment in Mumbai,"Mumbai, MH",Apartment,889,1,3,2020,Garden,681457
Premium Apartment in Kolkata,"Kolkata, WB",Apartment,2028,3,1,2003,"Gym,Security,Parking,WiFi,Pool",776248
Premium Townhouse in Bangalore,"Bangalore, KA",Townhouse,1066,2,4,1998,"WiFi,Pool",754875
Premium Condo in Delhi,"Delhi, DL",Condo,2517,1,1,1997,"Security,Parking",1518846
Premium Apartment in Chennai,"Chennai, TN",Apartment,1710,4,2,2014,"Garden,WiFi,Security",696459
Premium Penthouse in Hyderabad,"Hyderabad, TS",Penthouse,3307,4,2,2015,"Garden,WiFi",2559049
Premium Townhouse in Delhi,"Delhi, DL",Townhouse,3309,6,4,1997,"Pool,Security",2479766
Premium Condo in Pune,"Pune, MH",Condo,507,1,4,2015,"Garden,Security,WiFi,Gym,Parking",281160
Premium Condo in Kolkata,"Kolkata, WB",Condo,3672,5,2,1989,"WiFi,Garden,Gym,Pool,Parking",1317686
Premium Penthouse in Ahmedabad,"Ahmedabad, GJ",Penthouse,4810,6,1,1987,Security,3830547
Premium Penthouse in Bangalore,"Bangalore, KA",Penthouse,4524,3,3,1991,"WiFi,Parking,Garden,Pool,Security",4589751
Premium Condo in Mumbai,"Mumbai, MH",Condo,1727,3,1,2013,"Pool,Parking,Garden,Gym,Security",1296778
Premium Villa in Pune,"Pune, MH",Villa,1260,2,3,2003,"Gym,Pool",805038
Premium Apartment in Kolkata,"Kolkata, WB",Apartment,3124,2,1,2012,"Gym,Security",1119247
Premium Villa in Bangalore,"Bangalore, KA",Villa,660,4,1,2005,"Garden,WiFi,Parking",1029220
Premium Townhouse in Bangalore,"Bangalore, KA",Townhouse,1279,6,4,2016,"Pool,Security,Gym",1054715
Premium Villa in Bangalore,"Bangalore, KA",Villa,3622,5,3,2024,"WiFi,Gym,Security,Garden,Pool",2863953
Premium Townhouse in Ahmedabad,"Ahmedabad, GJ",Townhouse,3878,4,3,2011,Pool,1459170
Premium Apartment in Pune,"Pune, MH",Apartment,3309,5,1,2009,"Gym,WiFi,Garden,Security",1199991
Premium Condo in Chennai,"Chennai, TN",Condo,2084,3,1,1987,"WiFi,Parking",823651
Premium Condo in Pune,"Pune, MH",Condo,1821,2,3,1989,"Security,Garden,Pool",743005
Premium Condo in Mumbai,"Mumbai, MH",Condo,1862,4,2,1996,"Gym,Pool,Parking,Security,WiFi",1734735
Premium Penthouse in Chennai,"Chennai, TN",Penthouse,4218,4,3,1981,Parking,3132815
Premium Penthouse in Delhi,"Delhi, DL",Penthouse,1698,1,3,1988,"Pool,Parking,Gym,Security,Garden",2298221
Premium Condo in Kolkata,"Kolkata, WB",Condo,3688,3,2,1994,"Gym,Pool,WiFi,Security,Garden",1274483
Premium Condo in Hyderabad,"Hyderabad, TS",Condo,3081,2,3,1982,Parking,1028249
Premium Apartment in Delhi,"Delhi, DL",Apartment,4569,1,1,2020,"WiFi,Pool,Security,Gym",2630194
Premium Townhouse in Delhi,"Delhi, DL",Townhouse,702,3,2,2008,"WiFi,Gym,Pool,Parking",656970
Premium Penthouse in Bangalore,"Bangalore, KA",Penthouse,1720,2,4,2014,"Garden,Security",2177490
Premium Condo in Pune,"Pune, MH",Condo,4020,3,1,2002,Security,1402430
Premium Condo in Kolkata,"Kolkata, WB",Condo,2288,4,4,2016,Gym,1033749
Premium Apartment in Delhi,"Delhi, DL",Apartment,4943,2,4,2013,"Gym,Pool,Security,Garden,WiFi",2807338
Premium Apartment in Ahmedabad,"Ahmedabad, GJ",Apartment,1695,2,3,1989,Gym,607955
Premium Apartment in Ahmedabad,"Ahmedabad, GJ",Apartment,2176,4,4,1992,"Security,Garden,WiFi,Parking,Gym",971768
Premium Condo in Hyderabad,"Hyderabad, TS",Condo,2199,3,3,1989,"Security,Parking,Garden,Gym,WiFi",883955
Premium Villa in Ahmedabad,"Ahmedabad, GJ",Villa,3106,2,1,1983,"WiFi,Garden",1482940
Premium Townhouse in Chennai,"Chennai, TN",Townhouse,2001,4,1,1985,"Garden,WiFi,Pool,Parking,Gym",854850
Premium Condo in Mumbai,"Mumbai, MH",Condo,3464,6,2,2004,Pool,2931395
Premium Penthouse in Mumbai,"Mumbai, MH",Penthouse,3146,5,3,1992,Security,5507723
Premium Apartment in Pune,"Pune, MH",Apartment,2892,2,2,2019,"Security,Pool,WiFi",958231
Premium Penthouse in Delhi,"Delhi, DL",Penthouse,3196,2,1,1994,"Gym,Parking,WiFi,Security",3985945
Premium Villa in Pune,"Pune, MH",Villa,643,5,2,1994,"Parking,WiFi,Garden,Pool",673368
Premium Villa in Ahmedabad,"Ahmedabad, GJ",Villa,2207,1,3,2011,"WiFi,Garden,Parking,Security,Gym",1200012
Premium Villa in Ahmedabad,"Ahmedabad, GJ",Villa,1285,5,2,2023,"Security,Parking,Gym",939629
Premium Apartment in Chennai,"Chennai, TN",Apartment,1129,4,3,2000,"WiFi,Gym,Garden",616837
Premium Penthouse in Mumbai,"Mumbai, MH",Penthouse,720,6,2,2012,"Garden,WiFi,Parking",2008958
Premium Villa in Mumbai,"Mumbai, MH",Villa,2416,1,3,2008,"Security,WiFi,Pool,Garden",2754792
Premium Apartment in Mumbai,"Mumbai, MH",Apartment,2276,4,1,2008,"Gym,Parking,Pool",1935680
Premium Condo in Delhi,"Delhi, DL",Condo,1703,2,4,2015,"Pool,Garden,Gym,Security",1312537
Premium Townhouse in Chennai,"Chennai, TN",Townhouse,853,4,4,2016,Parking,533390
Premium Townhouse in Chennai,"Chennai, TN",Townhouse,3529,2,3,1989,"Pool,Gym,Garden,Security",1135849
Premium Apartment in Delhi,"Delhi, DL",Apartment,2970,2,4,2014,"WiFi,Garden",1991965
Premium Penthouse in Pune,"Pune, MH",Penthouse,3777,4,2,1981,"Security,Parking,Gym,Pool,Garden",2608334
Premium Apartment in Chennai,"Chennai, TN",Apartment,3348,4,4,1990,"Pool,Garden",1166703
Premium Villa in Kolkata,"Kolkata, WB",Villa,1764,5,3,2007,"Garden,Parking,WiFi,Gym",1308629
Premium Villa in Bangalore,"Bangalore, KA",Villa,4280,5,4,1995,"Security,Garden",3511495
Premium Penthouse in Bangalore,"Bangalore, KA",Penthouse,3112,3,4,1994,"Garden,WiFi,Pool",3457778
Premium Penthouse in Bangalore,"Bangalore, KA",Penthouse,4406,6,1,2004,"WiFi,Security,Gym,Garden",4977671
Premium Apartment in Pune,"Pune, MH",Apartment,2654,5,3,2021,"Parking,Gym,Pool,Garden",1009314
Premium Penthouse in Hyderabad,"Hyderabad, TS",Penthouse,3585,6,3,2002,Pool,2646783
Premium Townhouse in Bangalore,"Bangalore, KA",Townhouse,2258,5,1,2014,"Security,WiFi,Garden,Gym",1379588
Premium Townhouse in Delhi,"Delhi, DL",Townhouse,2091,1,3,2022,"Security,Garden,WiFi",1249349
Premium Penthouse in Chennai,"Chennai, TN",Penthouse,3560,5,2,1984,"Parking,Security,WiFi,Gym,Garden",2558837
Premium Apartment in Kolkata,"Kolkata, WB",Apartment,2913,3,2,1980,"Pool,Parking,Gym,Security,Garden",1142928
Premium Townhouse in Pune,"Pune, MH",Townhouse,4608,5,2,2011,"Parking,Gym",1759660
Premium Apartment in Hyderabad,"Hyderabad, TS",Apartment,1895,3,1,2009,Garden,789614
Premium Condo in Chennai,"Chennai, TN",Condo,4082,6,2,2015,"Security,Parking",1567930
Premium Condo in Mumbai,"Mumbai, MH",Condo,3951,5,3,1988,"Security,WiFi",3236520
Premium Condo in Hyderabad,"Hyderabad, TS",Condo,2647,5,1,1997,"Parking,Garden,WiFi,Gym,Pool",960443
Premium Condo in Pune,"Pune, MH",Condo,674,4,2,1987,"Garden,Security,Pool",398575
Premium Villa in Pune,"Pune, MH",Villa,1949,6,1,2002,"Security,Parking,Pool,WiFi",1280877
Premium Villa in Pune,"Pune, MH",Villa,4081,4,4,1992,Pool,2339881
Premium Penthouse in Mumbai,"Mumbai, MH",Penthouse,4554,1,1,2000,"Pool,Parking,Gym,Security",5388431
Premium Villa in Kolkata,"Kolkata, WB",Villa,2683,3,3,1997,Security,1546921
Premium Condo in Delhi,"Delhi, DL",Condo,1010,5,3,1983,Security,1044686
Premium Condo in Pune,"Pune, MH",Condo,3093,6,3,2012,Pool,1363721
Premium Condo in Bangalore,"Bangalore, KA",Condo,4394,5,2,1992,Garden,2171881
Premium Penthouse in Delhi,"Delhi, DL",Penthouse,1179,3,2,2001,"WiFi,Security,Gym,Garden,Parking",1911055
Premium Penthouse in Mumbai,"Mumbai, MH",Penthouse,923,4,3,2005,"Parking,Gym,WiFi,Garden,Pool",2155349
Premium Apartment in Bangalore,"Bangalore, KA",Apartment,658,2,4,2000,"Parking,Gym,Garden,Pool,WiFi",617586
Premium Penthouse in Bangalore,"Bangalore, KA",Penthouse,3531,6,1,1985,"Garden,Parking,Gym,Pool,Security",4017243
Premium Apartment in Kolkata,"Kolkata, WB",Apartment,4774,1,4,2024,Parking,1572039
Premium Townhouse in Kolkata,"Kolkata, WB",Townhouse,3446,5,2,1999,"Garden,Security,Pool,Parking",1334343
Premium Townhouse in Bangalore,"Bangalore, KA",Townhouse,3611,1,1,1996,"Gym,Security",1753219
Premium Apartment in Delhi,"Delhi, DL",Apartment,3118,3,3,1987,"Gym,Garden",2015512
Premium Townhouse in Kolkata,"Kolkata, WB",Townhouse,4389,4,1,1996,"WiFi,Garden,Gym,Pool,Parking",1386532
Premium Townhouse in Bangalore,"Bangalore, KA",Townhouse,3026,6,3,2013,Garden,2079179
Premium Penthouse in Hyderabad,"Hyderabad, TS",Penthouse,745,2,4,2015,"Security,Pool,Parking",808631
Premium Townhouse in Delhi,"Delhi, DL",Townhouse,1047,3,4,1982,"Garden,Parking,Pool,Security",916491
Premium Condo in Ahmedabad,"Ahmedabad, GJ",Condo,4370,3,1,2015,"WiFi,Pool",1571244
Premium Townhouse in Delhi,"Delhi, DL",Townhouse,3900,4,4,1988,WiFi,2475868
Premium Apartment in Mumbai,"Mumbai, MH",Apartment,2740,2,1,1984,"Garden,Parking,Security,WiFi,Gym",1779653
Premium Villa in Ahmedabad,"Ahmedabad, GJ",Villa,3211,4,4,2015,"Security,WiFi",1752638
Premium Condo in Bangalore,"Bangalore, KA",Condo,3455,6,4,1990,"Gym,Garden,Pool,WiFi",1975354
Premium Townhouse in Pune,"Pune, MH",Townhouse,1040,1,3,1996,"Pool,Security,WiFi,Parking",400796
Premium Townhouse in Delhi,"Delhi, DL",Townhouse,1365,1,4,2010,"Garden,Pool,Parking,WiFi",977068
Premium Apartment in Chennai,"Chennai, TN",Apartment,2606,6,2,2000,"Parking,Gym,Pool,Garden",1084573
Premium Townhouse in Chennai,"Chennai, TN",Townhouse,4324,4,2,2001,Pool,1521145
Premium Villa in Bangalore,"Bangalore, KA",Villa,3267,1,2,2022,"Gym,Security,Pool",2368972
Premium Apartment in Kolkata,"Kolkata, WB",Apartment,785,6,1,2014,"Garden,Parking",579890
Premium Penthouse in Delhi,"Delhi, DL",Penthouse,4843,5,2,2022,Security,5831225
Premium Townhouse in Mumbai,"Mumbai, MH",Townhouse,2371,1,4,2017,"Gym,Parking,WiFi",1639333
Premium Penthouse in Pune,"Pune, MH",Penthouse,2871,3,3,1995,"Security,Garden,WiFi,Parking,Gym",2063306
Premium Condo in Kolkata,"Kolkata, WB",Condo,3715,1,2,1997,"Security,Parking",1182450
Premium Villa in Ahmedabad,"Ahmedabad, GJ",Villa,3211,1,1,1981,Security,1651142
Premium Condo in Pune,"Pune, MH",Condo,2489,3,3,2021,"Gym,WiFi,Parking,Garden,Pool",941696
Premium Apartment in Mumbai,"Mumbai, MH",Apartment,2774,5,4,2006,WiFi,2249043
Premium Apartment in Pune,"Pune, MH",Apartment,969,4,4,2012,"WiFi,Garden,Security,Gym,Parking",536171
Premium Townhouse in Chennai,"Chennai, TN",Townhouse,3860,6,4,1980,WiFi,1408128
Premium Apartment in Bangalore,"Bangalore, KA",Apartment,4736,2,3,2006,"WiFi,Gym",2446865
Premium Penthouse in Delhi,"Delhi, DL",Penthouse,1949,5,4,2005,"WiFi,Garden,Security,Parking,Gym",3454692
Premium Condo in Hyderabad,"Hyderabad, TS",Condo,3237,5,2,1980,"Parking,Pool,Gym",1349148
Premium Condo in Chennai,"Chennai, TN",Condo,3695,6,4,2001,"Gym,Security",1580419
Premium Condo in Ahmedabad,"Ahmedabad, GJ",Condo,4623,4,1,2014,"Parking,Gym",1733630
Premium Penthouse in Bangalore,"Bangalore, KA",Penthouse,755,4,3,1998,"Security,Garden,WiFi,Parking",1366541
Premium Condo in Ahmedabad,"Ahmedabad, GJ",Condo,965,5,4,2021,"Security,WiFi,Garden,Parking,Pool",633774
Premium Townhouse in Kolkata,"Kolkata, WB",Townhouse,688,5,1,2020,"Pool,Parking,Garden,Security",521250
Premium Villa in Pune,"Pune, MH",Villa,4733,4,1,2022,"Pool,Security",2505949
Premium Penthouse in Pune,"Pune, MH",Penthouse,2078,6,2,1996,"Pool,Gym,Security,Garden",2038870
Premium Penthouse in Delhi,"Delhi, DL",Penthouse,3274,4,1,1995,Parking,4445721
Premium Townhouse in Delhi,"Delhi, DL",Townhouse,3020,5,4,2004,"Parking,Pool,Garden",2358545
Premium Penthouse in Ahmedabad,"Ahmedabad, GJ",Penthouse,4330,5,2,2022,"Gym,Parking",3344374
Premium Townhouse in Kolkata,"Kolkata, WB",Townhouse,3879,1,4,2013,Pool,1258847
Premium Condo in Ahmedabad,"Ahmedabad, GJ",Condo,4060,2,4,1980,Security,1494132
Premium Penthouse in Mumbai,"Mumbai, MH",Penthouse,2581,2,1,2007,"Pool,WiFi,Security,Gym",3518291
Premium Condo in Mumbai,"Mumbai, MH",Condo,4758,1,3,1985,"Security,Gym,WiFi,Parking,Garden",3310957
Premium Apartment in Ahmedabad,"Ahmedabad, GJ",Apartment,2840,3,1,2013,"Pool,WiFi,Gym",1012165
Premium Penthouse in Bangalore,"Bangalore, KA",Penthouse,3285,3,1,2022,"Gym,Parking",3580043
Premium Townhouse in Chennai,"Chennai, TN",Townhouse,3790,3,3,2009,"Garden,Security",1285025
Premium Penthouse in Bangalore,"Bangalore, KA",Penthouse,4560,5,4,2018,"Garden,Parking",5374925
Premium Townhouse in Bangalore,"Bangalore, KA",Townhouse,848,6,2,2016,"Pool,Parking,WiFi,Garden,Gym",910831
Premium Villa in Delhi,"Delhi, DL",Villa,2308,6,3,1998,"Parking,Garden,Pool",2587411
Premium Penthouse in Kolkata,"Kolkata, WB",Penthouse,4684,1,1,2008,Garden,2739260
Premium Condo in Chennai,"Chennai, TN",Condo,2291,5,4,2022,Parking,1037363
Premium Villa in Delhi,"Delhi, DL",Villa,4417,4,3,2000,Parking,4164982
Premium Condo in Ahmedabad,"Ahmedabad, GJ",Condo,4578,1,3,2005,"Gym,Garden,WiFi",1425309
Premium Villa in Mumbai,"Mumbai, MH",Villa,2421,6,1,1987,"Security,Parking,WiFi,Garden,Pool",3208910
Premium Villa in Bangalore,"Bangalore, KA",Villa,1455,6,2,1986,"Garden,Pool,Security",1876408
Premium Townhouse in Bangalore,"Bangalore, KA",Townhouse,2755,5,4,1999,"Gym,Parking,Garden,Pool",1583072
Premium Penthouse in Mumbai,"Mumbai, MH",Penthouse,4259,6,4,2020,"Pool,Security,Garden",6646064
Premium Penthouse in Hyderabad,"Hyderabad, TS",Penthouse,3297,2,4,2018,"Garden,Pool,Gym",2403482
Premium Condo in Kolkata,"Kolkata, WB",Condo,1138,1,3,1982,"Parking,Security,Garden,WiFi,Pool",448799
Premium Condo in Hyderabad,"Hyderabad, TS",Condo,3969,5,1,2007,"Garden,WiFi,Parking",1520680
Premium Penthouse in Kolkata,"Kolkata, WB",Penthouse,1007,6,2,2024,"Pool,Parking",1260509
Premium Condo in Bangalore,"Bangalore, KA",Condo,3815,2,1,2008,WiFi,1867374
Premium Condo in Pune,"Pune, MH",Condo,4876,5,2,1998,"Garden,Gym",1822584
Premium Townhouse in Pune,"Pune, MH",Townhouse,1411,3,4,1994,"Garden,Pool,Security,WiFi,Gym",628370
Premium Penthouse in Pune,"Pune, MH",Penthouse,1762,5,1,1989,"WiFi,Security,Gym,Parking,Pool",1503545
Premium Villa in Delhi,"Delhi, DL",Villa,4634,2,2,1992,Gym,4022406
Premium Villa in Chennai,"Chennai, TN",Villa,2118,5,4,2016,Garden,1515196
Premium Villa in Chennai,"Chennai, TN",Villa,3513,6,3,1984,"Pool,Gym,Garden",2237845
Premium Townhouse in Delhi,"Delhi, DL",Townhouse,4137,5,1,2017,"WiFi,Parking,Pool,Security,Garden",2863013
Premium Apartment in Chennai,"Chennai, TN",Apartment,2408,2,4,1990,"Gym,Parking,WiFi",841121
Premium Condo in Kolkata,"Kolkata, WB",Condo,3194,3,3,2012,WiFi,1135788
Premium Penthouse in Ahmedabad,"Ahmedabad, GJ",Penthouse,2179,3,2,2015,Security,1610682
Premium Villa in Chennai,"Chennai, TN",Villa,3242,1,4,1993,"WiFi,Security,Pool",1613680
Premium Townhouse in Delhi,"Delhi, DL",Townhouse,2100,2,1,2013,"Garden,Security",1300551
Premium Villa in Kolkata,"Kolkata, WB",Villa,1780,3,3,1987,Gym,1141029
Premium Villa in Kolkata,"Kolkata, WB",Villa,4313,5,4,1999,"Pool,Security,Gym,Garden,WiFi",2346126
Premium Condo in Mumbai,"Mumbai, MH",Condo,793,5,1,1999,Gym,1024882
Premium Villa in Kolkata,"Kolkata, WB",Villa,3013,4,4,2023,"Pool,WiFi,Garden",1600574
Premium Apartment in Pune,"Pune, MH",Apartment,4701,2,2,2018,Security,1518636
Premium Penthouse in Delhi,"Delhi, DL",Penthouse,2235,4,1,1980,"Security,WiFi,Garden,Pool",3162800
Premium Townhouse in Mumbai,"Mumbai, MH",Townhouse,2564,1,4,2004,"Pool,Gym,WiFi,Security",1781636
Premium Penthouse in Pune,"Pune, MH",Penthouse,1430,2,1,1995,"Security,Garden,Pool,WiFi",1080661
Premium Townhouse in Mumbai,"Mumbai, MH",Townhouse,4089,4,2,1999,"Security,Parking,Gym,Pool",2785811
Premium Condo in Ahmedabad,"Ahmedabad, GJ",Condo,1050,1,4,2008,"Security,Gym",481613
Premium Condo in Ahmedabad,"Ahmedabad, GJ",Condo,3676,2,4,1997,"Pool,Security",1410690
Premium Condo in Delhi,"Delhi, DL",Condo,3219,2,4,2010,Gym,2179915
Premium Villa in Chennai,"Chennai, TN",Villa,1474,5,4,2014,Parking,1071502
Premium Townhouse in Kolkata,"Kolkata, WB",Townhouse,4232,6,1,1987,"Gym,Security",1640539
Premium Apartment in Delhi,"Delhi, DL",Apartment,570,2,1,2018,"Parking,Garden",529140
Premium Townhouse in Delhi,"Delhi, DL",Townhouse,2352,6,1,2023,Parking,1910101
Premium Villa in Pune,"Pune, MH",Villa,4232,2,4,1984,"Gym,Parking,Pool,WiFi,Garden",2273061
Premium Condo in Bangalore,"Bangalore, KA",Condo,625,4,1,1984,"Security,Pool",641299
Premium Condo in Delhi,"Delhi, DL",Condo,1614,2,1,2023,Gym,1187828
Premium Condo in Mumbai,"Mumbai, MH",Condo,4395,3,1,1980,"Gym,Security",3147095
Premium Villa in Kolkata,"Kolkata, WB",Villa,2055,6,1,1996,"Gym,Garden,Parking,WiFi,Security",1483403
Premium Townhouse in Kolkata,"Kolkata, WB",Townhouse,2563,6,1,1988,"Gym,Security,Garden",1197433
Premium Condo in Chennai,"Chennai, TN",Condo,4134,4,2,2022,"Security,Gym,Pool,Parking",1495253
Premium Apartment in Mumbai,"Mumbai, MH",Apartment,1591,5,2,1987,Gym,1425289
Premium Villa in Bangalore,"Bangalore, KA",Villa,4954,4,4,1996,"Garden,WiFi,Pool,Gym,Security",3810926
Premium Villa in Chennai,"Chennai, TN",Villa,3761,5,3,2020,Parking,2218747
Premium Townhouse in Ahmedabad,"Ahmedabad, GJ",Townhouse,3642,4,3,1991,"Garden,Pool,WiFi",1220424
Premium Villa in Delhi,"Delhi, DL",Villa,3141,1,1,1996,"Security,WiFi,Gym,Parking,Pool",2720682
Premium Apartment in Chennai,"Chennai, TN",Apartment,1609,6,2,1988,Garden,817332
Premium Townhouse in Delhi,"Delhi, DL",Townhouse,1420,1,3,2018,WiFi,1031372
Premium Apartment in Kolkata,"Kolkata, WB",Apartment,1474,4,4,1981,"Security,Pool",688964
Premium Villa in Chennai,"Chennai, TN",Villa,4124,1,3,2011,"Parking,Pool,Gym,WiFi",2208513
Premium Villa in Ahmedabad,"Ahmedabad, GJ",Villa,4336,1,1,2008,"Pool,WiFi,Garden,Security",2153044
Premium Penthouse in Bangalore,"Bangalore, KA",Penthouse,4292,1,3,2015,"Garden,Parking,WiFi",4143669
Premium Penthouse in Mumbai,"Mumbai, MH",Penthouse,4043,2,1,2003,WiFi,5167580
Premium Penthouse in Delhi,"Delhi, DL",Penthouse,2440,6,1,1997,"Gym,Security",3857572
Premium Villa in Delhi,"Delhi, DL",Villa,4065,1,1,1999,"Security,Pool,Parking",3392442
Premium Penthouse in Pune,"Pune, MH",Penthouse,2781,5,2,2014,"Security,Pool,Parking",2249885
Premium Penthouse in Delhi,"Delhi, DL",Penthouse,900,6,2,1981,Pool,2379214
Premium Townhouse in Pune,"Pune, MH",Townhouse,1757,1,4,2005,"Gym,Garden,Security",716820
Premium Apartment in Ahmedabad,"Ahmedabad, GJ",Apartment,2192,1,4,2012,"Security,Gym,Pool,WiFi",776902
Premium Penthouse in Bangalore,"Bangalore, KA",Penthouse,1385,3,3,2015,"Gym,Parking",2049805
Premium Penthouse in Chennai,"Chennai, TN",Penthouse,3883,4,3,1990,Garden,2596772
Premium Condo in Chennai,"Chennai, TN",Condo,2031,6,2,2005,"Pool,Security,Gym,Garden,WiFi",862674
Premium Townhouse in Kolkata,"Kolkata, WB",Townhouse,2871,1,4,2002,"Gym,Parking,Pool,Garden,Security",1057291
Premium Villa in Kolkata,"Kolkata, WB",Villa,1215,2,2,1996,"Garden,Parking,Security,Gym",740896
Premium Condo in Pune,"Pune, MH",Condo,3313,2,3,2023,Garden,1225998
Premium Apartment in Ahmedabad,"Ahmedabad, GJ",Apartment,4812,2,4,1996,Pool,1653114
Premium Apartment in Delhi,"Delhi, DL",Apartment,1849,3,1,2016,Pool,1258708
Premium Villa in Hyderabad,"Hyderabad, TS",Villa,4293,3,1,2024,"Security,WiFi,Parking",2068154
Premium Townhouse in Delhi,"Delhi, DL",Townhouse,3298,4,2,1987,"Parking,WiFi,Pool,Gym",2186544
Premium Penthouse in Bangalore,"Bangalore, KA",Penthouse,580,3,3,2019,Garden,1153698
Premium Condo in Delhi,"Delhi, DL",Condo,2324,5,3,2022,"Gym,Security,Pool",1848313
Premium Condo in Delhi,"Delhi, DL",Condo,2682,4,1,2016,"Pool,Security,WiFi,Parking,Gym",1938119
Premium Townhouse in Delhi,"Delhi, DL",Townhouse,4331,1,2,2002,"Security,Parking,WiFi",2658784
Premium Penthouse in Bangalore,"Bangalore, KA",Penthouse,3444,2,4,2016,Security,3904570
Premium Condo in Hyderabad,"Hyderabad, TS",Condo,586,3,3,1989,"Security,Gym,WiFi,Parking",379906
Premium Townhouse in Ahmedabad,"Ahmedabad, GJ",Townhouse,4187,3,4,2015,"Gym,Parking,WiFi",1477343
Premium Penthouse in Hyderabad,"Hyderabad, TS",Penthouse,1623,1,1,2005,"WiFi,Garden",1179095
Premium Villa in Hyderabad,"Hyderabad, TS",Villa,2873,2,2,1994,"Security,Parking,Pool,Gym,Garden",1352902
Premium Penthouse in Hyderabad,"Hyderabad, TS",Penthouse,1272,2,3,1980,Garden,1178642
Premium Villa in Kolkata,"Kolkata, WB",Villa,2921,2,4,2012,"Gym,Security",1559951
Premium Condo in Mumbai,"Mumbai, MH",Condo,3190,6,4,2016,"Parking,Garden,WiFi,Security,Pool",2598289
Premium Townhouse in Pune,"Pune, MH",Townhouse,4724,5,2,1983,"Parking,Gym",1668763
Premium Townhouse in Hyderabad,"Hyderabad, TS",Townhouse,1127,1,1,2014,Parking,419836
Premium Condo in Delhi,"Delhi, DL",Condo,1068,1,3,1999,"Pool,WiFi",724929
Premium Apartment in Chennai,"Chennai, TN",Apartment,2517,6,1,1983,"Security,WiFi",1111040
Premium Condo in Delhi,"Delhi, DL",Condo,2882,3,1,2010,"WiFi,Security",2015404
Premium Apartment in Bangalore,"Bangalore, KA",Apartment,2067,2,4,1988,"Security,Pool,Garden",1087661
Premium Penthouse in Hyderabad,"Hyderabad, TS",Penthouse,2804,3,4,2016,Garden,1960612
Premium Townhouse in Bangalore,"Bangalore, KA",Townhouse,2098,5,2,2001,"WiFi,Parking,Gym,Pool",1421456
Premium Townhouse in Kolkata,"Kolkata, WB",Townhouse,2106,6,4,1996,"Pool,Gym,Parking,WiFi",944935
Premium Condo in Delhi,"Delhi, DL",Condo,3278,2,4,1985,"Security,Pool,Parking,Gym,Garden",1978663
Premium Condo in Hyderabad,"Hyderabad, TS",Condo,3431,5,1,2014,"Security,WiFi,Pool,Parking,Garden",1392359
Premium Condo in Pune,"Pune, MH",Condo,2913,2,1,2003,"Parking,WiFi,Pool,Security,Gym",1054572
Premium Apartment in Pune,"Pune, MH",Apartment,2489,4,4,2006,"Pool,Parking",1019900
Premium Apartment in Chennai,"Chennai, TN",Apartment,1722,4,2,2022,Garden,809315
Premium Townhouse in Kolkata,"Kolkata, WB",Townhouse,2550,6,1,1997,Security,1147623
Premium Penthouse in Ahmedabad,"Ahmedabad, GJ",Penthouse,4687,5,1,1988,"Parking,WiFi,Gym,Security",3555324
Premium Condo in Ahmedabad,"Ahmedabad, GJ",Condo,1003,5,3,1993,"Security,Garden",639048
Premium Townhouse in Mumbai,"Mumbai, MH",Townhouse,4954,6,3,2002,Gym,3729852
Premium Condo in Ahmedabad,"Ahmedabad, GJ",Condo,2825,4,1,2001,Gym,1114793
Premium Penthouse in Pune,"Pune, MH",Penthouse,4582,3,1,2003,Pool,2908407
Premium Apartment in Hyderabad,"Hyderabad, TS",Apartment,4347,5,3,2011,"WiFi,Parking,Pool,Gym",1620609
Premium Villa in Pune,"Pune, MH",Villa,833,6,3,2024,WiFi,857124
Premium Townhouse in Ahmedabad,"Ahmedabad, GJ",Townhouse,4009,1,2,1987,Security,1294550
Premium Apartment in Kolkata,"Kolkata, WB",Apartment,1738,2,3,1996,WiFi,707854
Premium Penthouse in Mumbai,"Mumbai, MH",Penthouse,1543,5,2,2014,"Gym,Security",2718434
Premium Apartment in Ahmedabad,"Ahmedabad, GJ",Apartment,1674,6,2,2001,"Gym,Garden,WiFi",779111
Premium Penthouse in Pune,"Pune, MH",Penthouse,880,3,3,1993,"Pool,WiFi,Gym",982159
Premium Apartment in Hyderabad,"Hyderabad, TS",Apartment,2300,4,3,1982,"Gym,WiFi,Parking,Garden",1018482
Premium Apartment in Ahmedabad,"Ahmedabad, GJ",Apartment,2535,4,4,2017,Gym,1087961
Premium Townhouse in Kolkata,"Kolkata, WB",Townhouse,2468,4,2,2020,"Pool,Gym,Garden",929325
Premium Villa in Hyderabad,"Hyderabad, TS",Villa,2489,3,1,2016,"Garden,Pool,Parking",1485438
Premium Townhouse in Kolkata,"Kolkata, WB",Townhouse,4906,4,1,2022,"WiFi,Gym,Garden,Parking",1573928
Premium Townhouse in Hyderabad,"Hyderabad, TS",Townhouse,3842,4,4,1985,Gym,1551404
Premium Townhouse in Chennai,"Chennai, TN",Townhouse,2049,6,4,1983,Garden,937576
Premium Penthouse in Mumbai,"Mumbai, MH",Penthouse,1620,4,4,2016,"WiFi,Pool,Gym,Parking",3334659
Premium Townhouse in Hyderabad,"Hyderabad, TS",Townhouse,4810,5,4,2020,"Security,Gym,Garden,Pool",1704305
Premium Townhouse in Bangalore,"Bangalore, KA",Townhouse,2104,3,4,2014,"Gym,Garden,Pool,Parking",1412696
Premium Villa in Mumbai,"Mumbai, MH",Villa,4783,4,2,2009,"Pool,Garden,Parking",4762178
Premium Penthouse in Bangalore,"Bangalore, KA",Penthouse,3467,1,4,2015,"Garden,Pool,WiFi,Security,Gym",3782455
Premium Townhouse in Delhi,"Delhi, DL",Townhouse,2466,5,3,2000,"Parking,Security,Gym,Pool",1896239
Premium Villa in Chennai,"Chennai, TN",Villa,4393,3,4,1983,"Garden,WiFi,Parking,Gym",2400651
Premium Apartment in Delhi,"Delhi, DL",Apartment,865,3,1,2018,"Pool,Garden,Gym,Parking,Security",744244
Premium Villa in Hyderabad,"Hyderabad, TS",Villa,3214,4,1,2021,"Gym,WiFi",1706842
Premium Condo in Mumbai,"Mumbai, MH",Condo,4702,6,1,2005,"Security,WiFi,Parking,Gym,Pool",3723827
Premium Apartment in Mumbai,"Mumbai, MH",Apartment,4267,3,1,1985,"Garden,Security",2803702
Premium Penthouse in Pune,"Pune, MH",Penthouse,1698,4,1,1983,"Gym,Pool,Security,Garden",1373254
Premium Villa in Ahmedabad,"Ahmedabad, GJ",Villa,1897,3,1,2015,"Garden,Security,Gym,Pool,WiFi",1182973
Premium Townhouse in Chennai,"Chennai, TN",Townhouse,1298,1,2,2024,"Gym,Garden",434674
Premium Townhouse in Ahmedabad,"Ahmedabad, GJ",Townhouse,1472,6,3,1987,"Parking,Security",778117
Premium Condo in Chennai,"Chennai, TN",Condo,4995,1,1,1980,"Gym,Pool",1421635
Premium Penthouse in Mumbai,"Mumbai, MH",Penthouse,1877,3,1,1987,"WiFi,Parking,Pool,Gym,Security",2756580
Premium Townhouse in Mumbai,"Mumbai, MH",Townhouse,4687,4,3,2017,"Parking,Pool,Gym,WiFi",3083271
Premium Apartment in Bangalore,"Bangalore, KA",Apartment,2203,3,2,1993,"Pool,WiFi,Garden,Parking",1352770
Premium Apartment in Kolkata,"Kolkata, WB",Apartment,1894,4,3,1993,"Security,Parking,Garden,WiFi,Pool",877640
Premium Townhouse in Mumbai,"Mumbai, MH",Townhouse,1486,4,3,1982,"Security,Pool,WiFi,Parking",1365981
Premium Penthouse in Chennai,"Chennai, TN",Penthouse,3195,2,3,2013,"WiFi,Pool,Gym,Parking",2405765
Premium Apartment in Hyderabad,"Hyderabad, TS",Apartment,735,1,2,2009,"WiFi,Gym,Parking,Security",301291
Premium Penthouse in Delhi,"Delhi, DL",Penthouse,4034,5,4,1986,"Gym,Parking,Garden,WiFi,Pool",5989842
Premium Villa in Mumbai,"Mumbai, MH",Villa,2877,6,2,1995,"Parking,Gym",3542379
Premium Penthouse in Ahmedabad,"Ahmedabad, GJ",Penthouse,1530,6,1,2016,"Security,Garden",1575730
Premium Villa in Ahmedabad,"Ahmedabad, GJ",Villa,4970,5,3,2010,"Garden,Gym,Parking,Security,Pool",2616887
Premium Villa in Bangalore,"Bangalore, KA",Villa,1345,3,1,2015,"Pool,Security",1379232
Premium Apartment in Delhi,"Delhi, DL",Apartment,2933,1,3,2023,Parking,1831610
Premium Penthouse in Chennai,"Chennai, TN",Penthouse,3851,2,4,1992,"Parking,WiFi,Gym,Security",2550568
Premium Condo in Pune,"Pune, MH",Condo,2106,1,1,1992,Garden,758105
Premium Villa in Hyderabad,"Hyderabad, TS",Villa,1338,3,4,2014,"Security,Garden,Pool",958511
Premium Penthouse in Ahmedabad,"Ahmedabad, GJ",Penthouse,2498,2,3,1984,"Gym,Garden,WiFi,Pool,Security",1973636
Premium Townhouse in Mumbai,"Mumbai, MH",Townhouse,3053,3,4,2013,"Gym,Garden,Parking",2235797
Premium Apartment in Chennai,"Chennai, TN",Apartment,1728,2,3,1991,"WiFi,Parking,Pool,Garden,Gym",645990
Premium Townhouse in Pune,"Pune, MH",Townhouse,2113,3,3,2011,"WiFi,Security,Gym",785117
Premium Townhouse in Chennai,"Chennai, TN",Townhouse,3283,6,2,1983,"Garden,Security",1409597
Premium Townhouse in Pune,"Pune, MH",Townhouse,3213,5,1,2004,"Gym,Security,WiFi,Parking,Pool",1274039
Premium Penthouse in Hyderabad,"Hyderabad, TS",Penthouse,2666,4,4,1993,Security,2138356
Premium Villa in Kolkata,"Kolkata, WB",Villa,2909,4,1,2014,WiFi,1605591
Premium Villa in Bangalore,"Bangalore, KA",Villa,562,2,1,1990,"WiFi,Parking,Garden",606153
Premium Penthouse in Bangalore,"Bangalore, KA",Penthouse,4620,2,4,1996,"Gym,Pool,Security,Parking,WiFi",4947392
Premium Villa in Hyderabad,"Hyderabad, TS",Villa,3987,5,3,2014,"Security,Pool,Gym,Parking,Garden",2227017
Premium Condo in Bangalore,"Bangalore, KA",Condo,4105,3,2,2023,"Gym,Parking,Pool",1946179
Premium Penthouse in Hyderabad,"Hyderabad, TS",Penthouse,2045,5,2,1991,"Security,Pool,Parking,Gym",1941616
Premium Penthouse in Ahmedabad,"Ahmedabad, GJ",Penthouse,2317,6,2,2018,"Security,Parking,Gym",2111244
Premium Condo in Chennai,"Chennai, TN",Condo,3008,2,1,2017,"Pool,Gym",1041108
Premium Villa in Kolkata,"Kolkata, WB",Villa,1721,3,4,1980,"Pool,WiFi,Security",1088220
Premium Apartment in Pune,"Pune, MH",Apartment,2084,3,4,2019,"WiFi,Parking",883525
Premium Penthouse in Chennai,"Chennai, TN",Penthouse,814,1,1,2022,"Garden,Parking,Gym,WiFi",671398
Premium Apartment in Pune,"Pune, MH",Apartment,4603,5,1,1990,"WiFi,Gym,Parking",1508135
Premium Penthouse in Mumbai,"Mumbai, MH",Penthouse,4469,4,4,1980,"Gym,Garden",6593058
Premium Apartment in Mumbai,"Mumbai, MH",Apartment,4459,3,1,2008,"Garden,Security,WiFi,Gym",2727374
Premium Townhouse in Delhi,"Delhi, DL",Townhouse,1511,6,1,2005,"Security,Parking,WiFi,Gym,Pool",1443295
Premium Condo in Hyderabad,"Hyderabad, TS",Condo,2052,1,3,1989,"Security,WiFi,Garden,Gym",700677
Premium Apartment in Ahmedabad,"Ahmedabad, GJ",Apartment,1256,1,2,2010,"Security,Pool,Garden,WiFi",509056
Premium Townhouse in Chennai,"Chennai, TN",Townhouse,2789,1,4,1982,Gym,1029912
Premium Penthouse in Kolkata,"Kolkata, WB",Penthouse,921,3,3,1980,Garden,889530
Premium Apartment in Hyderabad,"Hyderabad, TS",Apartment,3989,3,2,2004,"Gym,Security,Garden",1299696
Premium Apartment in Ahmedabad,"Ahmedabad, GJ",Apartment,2687,4,4,2013,"WiFi,Gym,Security",1157991
Premium Penthouse in Kolkata,"Kolkata, WB",Penthouse,1066,6,2,2006,"WiFi,Pool,Garden",1200856
Premium Townhouse in Ahmedabad,"Ahmedabad, GJ",Townhouse,3615,4,4,1997,"Pool,Garden,WiFi,Security,Parking",1411378
Premium Condo in Ahmedabad,"Ahmedabad, GJ",Condo,1480,2,1,1987,"Parking,Gym,Security,WiFi,Garden",610422
Premium Condo in Kolkata,"Kolkata, WB",Condo,3396,6,2,2004,"Security,Pool,Parking",1283303
Premium Condo in Pune,"Pune, MH",Condo,4992,1,4,2017,Pool,1712787
Premium Condo in Mumbai,"Mumbai, MH",Condo,1542,3,4,2017,WiFi,1504081
Premium Townhouse in Chennai,"Chennai, TN",Townhouse,2521,5,3,1982,"Pool,Security,WiFi",1066559
Premium Villa in Ahmedabad,"Ahmedabad, GJ",Villa,553,5,1,1991,"Pool,Garden,Security,WiFi",691447
Premium Townhouse in Chennai,"Chennai, TN",Townhouse,4562,2,2,2006,"Garden,Gym",1493824
Premium Penthouse in Delhi,"Delhi, DL",Penthouse,1059,6,3,1999,"Pool,Gym,Garden",2682714
Premium Townhouse in Hyderabad,"Hyderabad, TS",Townhouse,4857,4,2,1995,WiFi,1833692
Premium Townhouse in Ahmedabad,"Ahmedabad, GJ",Townhouse,3262,5,4,2016,"Gym,Garden,Pool,Parking",1288538
Premium Townhouse in Pune,"Pune, MH",Townhouse,1875,3,2,2013,"Garden,WiFi,Security,Gym",826533
Premium Apartment in Pune,"Pune, MH",Apartment,2681,1,2,2004,"Parking,Garden,WiFi,Security",871497
Premium Condo in Chennai,"Chennai, TN",Condo,3730,2,2,2012,"WiFi,Security",1237250
Premium Townhouse in Bangalore,"Bangalore, KA",Townhouse,3289,5,3,2013,Gym,1934918
Premium Villa in Pune,"Pune, MH",Villa,3694,1,2,2021,"Security,WiFi,Garden,Parking,Pool",1799210
Premium Apartment in Chennai,"Chennai, TN",Apartment,969,2,3,1997,"Gym,Garden,Parking",410867
Premium Condo in Kolkata,"Kolkata, WB",Condo,1249,3,2,1982,Parking,602427
Premium Villa in Chennai,"Chennai, TN",Villa,1781,6,4,1980,"Pool,Gym,WiFi",1293971
Premium Townhouse in Kolkata,"Kolkata, WB",Townhouse,3696,2,3,2014,"Garden,Parking",1309542
Premium Penthouse in Pune,"Pune, MH",Penthouse,652,2,4,2013,"Parking,Pool",714576
Premium Penthouse in Bangalore,"Bangalore, KA",Penthouse,1314,1,4,2004,"Gym,Pool,Parking,Security",1715546
Premium Townhouse in Kolkata,"Kolkata, WB",Townhouse,2535,3,3,1993,"Security,Parking,Gym,Pool,Garden",1042515
Premium Condo in Kolkata,"Kolkata, WB",Condo,2493,1,2,1987,Pool,831354
Premium Villa in Bangalore,"Bangalore, KA",Villa,2891,6,3,1985,"Gym,Parking,Garden,Security,WiFi",2653550
Premium Townhouse in Chennai,"Chennai, TN",Townhouse,4059,6,2,2015,"Security,Parking,Pool,Garden,WiFi",1578810
Premium Apartment in Kolkata,"Kolkata, WB",Apartment,2491,1,1,2011,"WiFi,Parking",788303
Premium Condo in Ahmedabad,"Ahmedabad, GJ",Condo,3956,2,3,2006,"Gym,Security",1301021
Premium Villa in Pune,"Pune, MH",Villa,4181,1,2,2006,"Garden,Gym,Parking",1934350
Premium Condo in Chennai,"Chennai, TN",Condo,3509,3,3,2002,"Parking,Security,Gym,Pool,Garden",1233680
Premium Penthouse in Chennai,"Chennai, TN",Penthouse,2908,1,2,2002,"WiFi,Garden,Security,Parking,Gym",1820543
Premium Townhouse in Kolkata,"Kolkata, WB",Townhouse,3941,5,1,1982,"Pool,WiFi",1469595
Premium Penthouse in Chennai,"Chennai, TN",Penthouse,3052,3,3,2002,Pool,2423791
Premium Condo in Pune,"Pune, MH",Condo,1345,6,3,1992,Parking,811350
Premium Condo in Hyderabad,"Hyderabad, TS",Condo,4683,4,3,2021,"Pool,Gym",1509369
Premium Villa in Kolkata,"Kolkata, WB",Villa,3083,5,4,2002,Security,1872441
Premium Penthouse in Bangalore,"Bangalore, KA",Penthouse,2137,3,3,1988,"Gym,Garden,Pool",2400380
Premium Villa in Hyderabad,"Hyderabad, TS",Villa,1188,4,2,2005,"Gym,Pool",901654
Premium Penthouse in Bangalore,"Bangalore, KA",Penthouse,1412,1,3,1987,"Gym,Pool",1586426
Premium Condo in Chennai,"Chennai, TN",Condo,4029,3,1,1993,"Parking,Gym",1305415
Premium Penthouse in Delhi,"Delhi, DL",Penthouse,4875,5,2,1991,"Parking,Security",6052734
Premium Penthouse in Hyderabad,"Hyderabad, TS",Penthouse,4495,4,4,2008,"WiFi,Pool,Security,Parking",3073295
Premium Condo in Kolkata,"Kolkata, WB",Condo,4233,4,4,2008,"Garden,Gym,Pool",1532196
Premium Condo in Ahmedabad,"Ahmedabad, GJ",Condo,2209,6,3,2013,"Gym,Parking,Pool",1083265
Premium Townhouse in Bangalore,"Bangalore, KA",Townhouse,3780,6,2,1997,"Parking,Gym,Pool",2308963
Premium Apartment in Ahmedabad,"Ahmedabad, GJ",Apartment,1741,2,4,1987,"Gym,Garden",673567
Premium Townhouse in Bangalore,"Bangalore, KA",Townhouse,2797,6,2,1997,"Gym,Security,Parking,Garden,WiFi",1937009
Premium Villa in Bangalore,"Bangalore, KA",Villa,4076,6,3,2012,WiFi,3255571
Premium Townhouse in Delhi,"Delhi, DL",Townhouse,1262,5,3,2019,"Parking,Security,Gym,WiFi,Pool",1126426
Premium Apartment in Kolkata,"Kolkata, WB",Apartment,4611,4,2,2013,"Gym,Pool",1637392
Premium Townhouse in Chennai,"Chennai, TN",Townhouse,555,4,2,2021,"Parking,WiFi,Gym,Garden",388314
Premium Villa in Chennai,"Chennai, TN",Villa,835,2,4,2007,"Security,WiFi",583714
Premium Villa in Bangalore,"Bangalore, KA",Villa,4940,6,2,2004,"WiFi,Security,Garden,Gym,Parking",4469937
Premium Apartment in Pune,"Pune, MH",Apartment,1771,3,3,2024,Gym,731421
Premium Townhouse in Pune,"Pune, MH",Townhouse,4299,4,4,1999,"WiFi,Garden,Gym,Security",1453618
Premium Penthouse in Pune,"Pune, MH",Penthouse,4443,2,4,2004,"Parking,Gym,WiFi,Security",3325001
Premium Penthouse in Kolkata,"Kolkata, WB",Penthouse,3221,1,4,2023,"Gym,Garden,Pool",2059556
Premium Villa in Mumbai,"Mumbai, MH",Villa,1343,3,3,2011,"Gym,Garden,WiFi,Security",1818834
Premium Penthouse in Pune,"Pune, MH",Penthouse,3354,5,3,2008,Pool,2832887
Premium Villa in Kolkata,"Kolkata, WB",Villa,649,3,1,1991,"Security,WiFi,Gym,Parking",580734
Premium Penthouse in Mumbai,"Mumbai, MH",Penthouse,4849,3,4,1996,"Security,Gym,Parking",6174376
Premium Penthouse in Hyderabad,"Hyderabad, TS",Penthouse,2866,3,1,2020,"Gym,Security,WiFi",2082557
Premium Apartment in Hyderabad,"Hyderabad, TS",Apartment,3439,6,2,2020,Parking,1382678
Premium Apartment in Ahmedabad,"Ahmedabad, GJ",Apartment,1770,2,1,1993,"Gym,Pool",595116
Premium Apartment in Hyderabad,"Hyderabad, TS",Apartment,664,1,3,1985,"Security,Parking",280414
Premium Condo in Kolkata,"Kolkata, WB",Condo,2937,3,4,1997,Gym,1213066
Premium Townhouse in Chennai,"Chennai, TN",Townhouse,847,5,3,1988,"Pool,WiFi,Security",576443
Premium Apartment in Ahmedabad,"Ahmedabad, GJ",Apartment,2145,5,3,1998,"WiFi,Security,Parking",1020115
Premium Villa in Hyderabad,"Hyderabad, TS",Villa,1425,6,2,1982,"Pool,WiFi,Gym",1067002
Premium Condo in Kolkata,"Kolkata, WB",Condo,3844,3,1,1991,Garden,1301452
Premium Penthouse in Ahmedabad,"Ahmedabad, GJ",Penthouse,4405,4,4,2002,Pool,2936742
Premium Penthouse in Chennai,"Chennai, TN",Penthouse,2689,5,4,2001,"Gym,WiFi,Security,Parking",2363481
Premium Condo in Hyderabad,"Hyderabad, TS",Condo,4752,3,2,2011,"Parking,Security",1750838
Premium Townhouse in Bangalore,"Bangalore, KA",Townhouse,1004,1,4,2003,"WiFi,Pool",607636
Premium Villa in Chennai,"Chennai, TN",Villa,1413,6,2,1980,"Parking,Pool",1164497
Premium Condo in Chennai,"Chennai, TN",Condo,3322,6,1,2008,"Pool,Garden,Parking,Gym,Security",1219791
Premium Condo in Bangalore,"Bangalore, KA",Condo,4888,2,2,2010,"Security,Pool,WiFi,Parking",2379660
Premium Penthouse in Chennai,"Chennai, TN",Penthouse,3489,1,3,1993,Parking,2264305
Premium Apartment in Hyderabad,"Hyderabad, TS",Apartment,3599,3,4,1981,"Security,Garden,WiFi,Gym",1358976
Premium Apartment in Chennai,"Chennai, TN",Apartment,2102,1,1,1988,"WiFi,Security,Garden",708911
Premium Condo in Pune,"Pune, MH",Condo,2975,3,3,2009,Garden,1081374
Premium Townhouse in Pune,"Pune, MH",Townhouse,1742,5,4,1988,"Gym,Parking,Security,WiFi",897992
Premium Condo in Hyderabad,"Hyderabad, TS",Condo,1554,4,1,1994,"WiFi,Gym",716337
Premium Villa in Delhi,"Delhi, DL",Villa,3859,5,3,2009,WiFi,4143462
Premium Townhouse in Chennai,"Chennai, TN",Townhouse,4340,3,1,2012,Security,1521230
Premium Apartment in Kolkata,"Kolkata, WB",Apartment,2694,6,4,1993,Garden,1099613
Premium Condo in Hyderabad,"Hyderabad, TS",Condo,2457,3,2,2015,"Parking,Gym,Security,WiFi",872450
Premium Penthouse in Ahmedabad,"Ahmedabad, GJ",Penthouse,4830,5,1,1980,"WiFi,Pool,Gym,Garden,Parking",3450587
Premium Penthouse in Hyderabad,"Hyderabad, TS",Penthouse,1216,5,1,2015,Pool,1195154
Premium Villa in Mumbai,"Mumbai, MH",Villa,4476,2,4,1981,"Security,Parking,Gym",4972950
Premium Apartment in Mumbai,"Mumbai, MH",Apartment,4200,2,1,1991,"Security,Garden,WiFi,Gym,Parking",2942288
Premium Condo in Chennai,"Chennai, TN",Condo,2161,5,2,2015,"Security,Pool,WiFi",909409
Premium Condo in Kolkata,"Kolkata, WB",Condo,2234,1,3,2001,"Gym,Pool",849275
Premium Penthouse in Bangalore,"Bangalore, KA",Penthouse,4915,5,1,2005,"Pool,Security,Garden,Parking,WiFi",4918145
Premium Penthouse in Kolkata,"Kolkata, WB",Penthouse,1169,6,4,1980,"Parking,WiFi",1400092
Premium Penthouse in Delhi,"Delhi, DL",Penthouse,1731,6,3,2023,Security,3329140
Premium Apartment in Delhi,"Delhi, DL",Apartment,4928,1,4,1988,"Garden,Security,Parking",3045820
Premium Penthouse in Kolkata,"Kolkata, WB",Penthouse,972,1,1,2021,"Gym,Pool,WiFi",666444
Premium Apartment in Delhi,"Delhi, DL",Apartment,1674,1,1,2010,"WiFi,Pool,Parking,Gym",983142
Premium Penthouse in Ahmedabad,"Ahmedabad, GJ",Penthouse,4789,6,3,2004,Gym,3356882
Premium Condo in Delhi,"Delhi, DL",Condo,764,1,4,1982,"Security,Garden,Gym",597401
Premium Condo in Bangalore,"Bangalore, KA",Condo,2834,1,3,1997,"Parking,WiFi",1529486
Premium Penthouse in Delhi,"Delhi, DL",Penthouse,1620,4,2,1989,"WiFi,Pool,Garden,Security,Gym",2690660
Premium Apartment in Hyderabad,"Hyderabad, TS",Apartment,575,6,2,2007,Garden,481277
Premium Condo in Chennai,"Chennai, TN",Condo,4991,1,3,1984,Parking,1550622
Premium Townhouse in Mumbai,"Mumbai, MH",Townhouse,2134,5,1,2012,Parking,1852317
Premium Condo in Ahmedabad,"Ahmedabad, GJ",Condo,3692,5,4,2004,"Pool,Security,Gym,Parking",1483103
Premium Villa in Hyderabad,"Hyderabad, TS",Villa,4168,1,4,2023,"WiFi,Pool,Garden,Security",2275069
Premium Penthouse in Delhi,"Delhi, DL",Penthouse,3064,3,4,2018,"Gym,Pool",4170084
Premium Penthouse in Chennai,"Chennai, TN",Penthouse,1668,6,4,1994,"Security,WiFi,Garden,Parking,Gym",1778683
Premium Apartment in Bangalore,"Bangalore, KA",Apartment,2842,6,3,1982,"Pool,Gym,WiFi",1866545
Premium Penthouse in Bangalore,"Bangalore, KA",Penthouse,1728,6,2,2005,"Pool,WiFi",2370138
Premium Townhouse in Kolkata,"Kolkata, WB",Townhouse,2396,1,4,1993,"WiFi,Security",907814
Premium Condo in Delhi,"Delhi, DL",Condo,4500,6,2,1982,"WiFi,Parking",3067684
Premium Condo in Kolkata,"Kolkata, WB",Condo,3612,5,4,1998,"Gym,Pool,Parking",1491603
Premium Apartment in Kolkata,"Kolkata, WB",Apartment,1363,6,1,1981,"WiFi,Security,Pool,Parking,Garden",753282
Premium Townhouse in Bangalore,"Bangalore, KA",Townhouse,4939,4,1,2022,"Security,Gym,Parking,WiFi",2580567
Premium Villa in Hyderabad,"Hyderabad, TS",Villa,2181,1,2,2018,"Gym,Parking,Security,Pool,Garden",1085812
Premium Townhouse in Hyderabad,"Hyderabad, TS",Townhouse,965,4,1,1999,"Garden,Security,Gym,WiFi,Parking",528091
Premium Condo in Bangalore,"Bangalore, KA",Condo,4407,4,1,1996,"Gym,WiFi",2337482
Premium Villa in Hyderabad,"Hyderabad, TS",Villa,4921,3,3,2006,"Security,Pool,Gym",2603469
Premium Condo in Pune,"Pune, MH",Condo,3200,6,3,2016,"Security,WiFi,Garden,Pool",1275018
Premium Penthouse in Ahmedabad,"Ahmedabad, GJ",Penthouse,4242,2,1,2006,"Security,Pool,Garden,Gym",2574863
Premium Villa in Delhi,"Delhi, DL",Villa,1915,3,1,2016,"Pool,Parking,WiFi,Garden,Gym",1975333
Premium Condo in Hyderabad,"Hyderabad, TS",Condo,2880,1,2,1980,"Pool,WiFi,Parking,Security",970197
Premium Apartment in Delhi,"Delhi, DL",Apartment,3455,6,1,1997,"WiFi,Gym,Garden,Security",2665523
Premium Condo in Chennai,"Chennai, TN",Condo,3438,2,1,2004,"Parking,Gym,Garden,WiFi",1138447
Premium Apartment in Bangalore,"Bangalore, KA",Apartment,1322,3,3,2024,"Gym,Security,Parking,WiFi,Pool",919347
Premium Villa in Chennai,"Chennai, TN",Villa,4877,6,4,2019,"Garden,Gym,Pool",3017508
Premium Penthouse in Pune,"Pune, MH",Penthouse,2623,5,1,1988,"Gym,Parking,Pool,Garden,Security",1982091
Premium Condo in Bangalore,"Bangalore, KA",Condo,4365,4,1,1986,"Parking,Garden",2096726
Premium Condo in Delhi,"Delhi, DL",Condo,781,4,1,2023,"WiFi,Gym",762853
Premium Villa in Chennai,"Chennai, TN",Villa,2800,3,3,2000,"Security,Pool,WiFi,Parking,Garden",1517008
Premium Villa in Chennai,"Chennai, TN",Villa,3674,1,2,1990,"WiFi,Parking,Garden",1847551
Premium Townhouse in Chennai,"Chennai, TN",Townhouse,2653,4,3,2024,"WiFi,Garden,Security,Pool,Parking",1133000
Premium Townhouse in Kolkata,"Kolkata, WB",Townhouse,916,5,1,2011,"Pool,Parking,WiFi,Garden",512005
Premium Apartment in Hyderabad,"Hyderabad, TS",Apartment,3065,4,3,2022,"Security,WiFi,Gym,Pool",1210796
Premium Townhouse in Delhi,"Delhi, DL",Townhouse,1811,6,2,1994,"WiFi,Parking,Gym,Pool",1444203
Premium Townhouse in Chennai,"Chennai, TN",Townhouse,4967,2,2,2008,"Gym,Parking,WiFi,Security,Pool",1554466
Premium Penthouse in Bangalore,"Bangalore, KA",Penthouse,1584,3,3,2012,Pool,2145910
Premium Penthouse in Ahmedabad,"Ahmedabad, GJ",Penthouse,4756,1,4,1998,Gym,3144456
Premium Villa in Delhi,"Delhi, DL",Villa,4390,4,3,2006,"WiFi,Pool",4169147
Premium Apartment in Pune,"Pune, MH",Apartment,3738,6,3,1998,"Gym,Security,Pool",1426205
Premium Townhouse in Mumbai,"Mumbai, MH",Townhouse,2261,1,3,2007,Gym,1424398
Premium Townhouse in Pune,"Pune, MH",Townhouse,3585,4,4,1993,"WiFi,Security",1453883
Premium Townhouse in Bangalore,"Bangalore, KA",Townhouse,1925,1,2,1982,"Garden,Gym,Parking,Pool",1078108
Premium Villa in Ahmedabad,"Ahmedabad, GJ",Villa,2301,1,1,1994,"Security,Gym",1166251
Premium Apartment in Mumbai,"Mumbai, MH",Apartment,4888,2,4,1991,"Gym,Pool",3457012
Premium Villa in Kolkata,"Kolkata, WB",Villa,1434,2,3,1989,"Gym,Parking,WiFi",798964
Premium Villa in Kolkata,"Kolkata, WB",Villa,4100,5,3,2010,"Security,WiFi,Garden",2385927
Premium Penthouse in Ahmedabad,"Ahmedabad, GJ",Penthouse,851,2,4,2015,"WiFi,Pool,Garden,Security,Gym",941896
Premium Condo in Hyderabad,"Hyderabad, TS",Condo,1634,3,3,2020,Parking,683402
Premium Villa in Bangalore,"Bangalore, KA",Villa,2709,1,3,2015,"Gym,Parking,Pool,Security,WiFi",2008230
Premium Condo in Bangalore,"Bangalore, KA",Condo,1630,6,1,2018,"Gym,Garden,Parking",1290785
Premium Apartment in Kolkata,"Kolkata, WB",Apartment,4158,3,1,2011,"Security,Parking,Gym",1447171
Premium Condo in Hyderabad,"Hyderabad, TS",Condo,3516,3,1,1980,"Pool,Garden,Gym,WiFi,Parking",1151465
Premium Condo in Kolkata,"Kolkata, WB",Condo,2526,4,1,2014,Security,965444
Premium Villa in Kolkata,"Kolkata, WB",Villa,1691,5,3,2002,"Gym,Parking,WiFi",1152595
Premium Penthouse in Ahmedabad,"Ahmedabad, GJ",Penthouse,4566,3,2,2001,"WiFi,Security,Pool",2939388
Premium Penthouse in Ahmedabad,"Ahmedabad, GJ",Penthouse,4757,1,3,2003,"Pool,Security,Gym",3099414
Premium Townhouse in Delhi,"Delhi, DL",Townhouse,2635,3,4,2016,"Garden,Pool,Gym,Security,WiFi",1973713
Premium Penthouse in Pune,"Pune, MH",Penthouse,2382,1,3,2009,Garden,1735417
Premium Townhouse in Hyderabad,"Hyderabad, TS",Townhouse,3402,3,4,1997,"Security,Garden,Parking",1302916
Premium Penthouse in Kolkata,"Kolkata, WB",Penthouse,4203,1,3,2013,"Parking,Gym",2666759
Premium Villa in Hyderabad,"Hyderabad, TS",Villa,1789,6,4,2018,"Parking,Gym,WiFi,Security",1303765
Premium Villa in Hyderabad,"Hyderabad, TS",Villa,1890,5,1,1980,"Security,Gym",1153681
Premium Condo in Mumbai,"Mumbai, MH",Condo,2665,3,4,1983,"WiFi,Garden,Gym,Security,Parking",1897408
Premium Penthouse in Chennai,"Chennai, TN",Penthouse,1277,2,3,2010,"Gym,Pool,Garden",1127457
Premium Apartment in Hyderabad,"Hyderabad, TS",Apartment,4996,6,2,1997,"Security,Parking,Gym,WiFi",1799945
Premium Apartment in Kolkata,"Kolkata, WB",Apartment,1630,5,2,2006,"Security,Parking,Garden,Pool,WiFi",791907
Premium Penthouse in Pune,"Pune, MH",Penthouse,3510,1,3,1989,"Pool,Gym",2373129
Premium Townhouse in Bangalore,"Bangalore, KA",Townhouse,3462,6,4,2018,"Pool,Gym,Security,WiFi,Garden",2292460
Premium Townhouse in Chennai,"Chennai, TN",Townhouse,2295,2,3,1982,"WiFi,Pool,Gym,Security,Garden",931833
Premium Villa in Pune,"Pune, MH",Villa,4194,4,2,2003,"Pool,Parking",2189736
Premium Villa in Hyderabad,"Hyderabad, TS",Villa,3257,3,4,1999,"Gym,Garden,WiFi,Security,Pool",1723195
Premium Villa in Ahmedabad,"Ahmedabad, GJ",Villa,1030,1,3,1996,Parking,666330
Premium Townhouse in Chennai,"Chennai, TN",Townhouse,2357,4,1,1991,"WiFi,Garden,Pool,Security",970149
Premium Townhouse in Hyderabad,"Hyderabad, TS",Townhouse,3840,2,2,2000,"Gym,Parking,WiFi,Garden,Security",1291409
Premium Apartment in Kolkata,"Kolkata, WB",Apartment,1423,5,3,1995,Gym,689791
Premium Villa in Bangalore,"Bangalore, KA",Villa,2632,5,3,1996,WiFi,2393733
Premium Townhouse in Pune,"Pune, MH",Townhouse,2379,2,2,2002,"WiFi,Pool,Parking,Security,Gym",771590
Premium Villa in Mumbai,"Mumbai, MH",Villa,1421,3,2,1984,"WiFi,Gym,Security,Pool",1841235
Premium Penthouse in Hyderabad,"Hyderabad, TS",Penthouse,4170,3,3,1996,"Gym,Garden",2971924
Premium Villa in Ahmedabad,"Ahmedabad, GJ",Villa,911,6,2,2005,"WiFi,Garden,Security",909734
Premium Apartment in Hyderabad,"Hyderabad, TS",Apartment,2432,1,2,2011,"WiFi,Gym,Garden,Pool,Parking",758009
Premium Townhouse in Delhi,"Delhi, DL",Townhouse,2630,2,4,1982,"Gym,Garden,Parking",1826137
Premium Apartment in Ahmedabad,"Ahmedabad, GJ",Apartment,1476,5,3,2013,Pool,746232
Premium Villa in Mumbai,"Mumbai, MH",Villa,2282,5,4,2018,"WiFi,Gym",3174497
Premium Apartment in Ahmedabad,"Ahmedabad, GJ",Apartment,2344,4,3,2020,"Parking,Garden,Security,Gym",958767
Premium Villa in Mumbai,"Mumbai, MH",Villa,3115,3,3,2007,Security,3235912
Premium Penthouse in Bangalore,"Bangalore, KA",Penthouse,1757,2,1,2007,"WiFi,Gym,Garden,Pool",1830165
Premium Apartment in Ahmedabad,"Ahmedabad, GJ",Apartment,1549,5,2,2008,"WiFi,Garden,Parking,Gym,Pool",710205
Premium Condo in Ahmedabad,"Ahmedabad, GJ",Condo,1521,2,4,2001,"Pool,Parking",631064
Premium Villa in Kolkata,"Kolkata, WB",Villa,2130,3,3,1990,"Pool,Gym,Parking,Security",1266057
Premium Condo in Kolkata,"Kolkata, WB",Condo,3020,5,2,2007,"WiFi,Pool",1213401
Premium Penthouse in Mumbai,"Mumbai, MH",Penthouse,768,3,1,1992,Parking,1742602
Premium Villa in Hyderabad,"Hyderabad, TS",Villa,1732,4,1,2011,Garden,1051425
Premium Villa in Ahmedabad,"Ahmedabad, GJ",Villa,607,4,1,2009,Parking,556519
Premium Townhouse in Chennai,"Chennai, TN",Townhouse,4299,1,3,2015,"Security,WiFi,Garden,Gym",1334220
Premium Townhouse in Ahmedabad,"Ahmedabad, GJ",Townhouse,4665,1,2,2014,"Pool,Gym,Garden",1568446
Premium Villa in Chennai,"Chennai, TN",Villa,3681,4,3,1992,"WiFi,Security",1994492
Premium Villa in Kolkata,"Kolkata, WB",Villa,1444,1,4,1985,"Security,Gym,WiFi,Pool,Garden",912215
Premium Villa in Pune,"Pune, MH",Villa,4860,4,1,1990,"Pool,Garden,WiFi,Parking,Security",2635733
Premium Villa in Kolkata,"Kolkata, WB",Villa,4572,6,1,2014,"Garden,WiFi,Parking,Gym",2525026
Premium Townhouse in Delhi,"Delhi, DL",Townhouse,2480,4,1,1989,"Parking,Security,WiFi,Garden,Gym",1604278
Premium Condo in Delhi,"Delhi, DL",Condo,2389,2,1,1993,"Pool,Parking",1357981
Premium Apartment in Hyderabad,"Hyderabad, TS",Apartment,3963,4,3,2006,"Pool,Security,Gym,WiFi,Garden",1563933
Premium Villa in Pune,"Pune, MH",Villa,1581,3,4,1981,"Gym,Parking,WiFi,Garden,Pool",1010071
Premium Townhouse in Bangalore,"Bangalore, KA",Townhouse,2510,4,1,2023,"Gym,WiFi,Security,Pool,Garden",1509882
Premium Apartment in Hyderabad,"Hyderabad, TS",Apartment,1042,5,1,2014,"Parking,Garden,Gym,Pool",620369
Premium Condo in Ahmedabad,"Ahmedabad, GJ",Condo,4258,2,2,2019,"Gym,WiFi,Garden",1397911
Premium Townhouse in Ahmedabad,"Ahmedabad, GJ",Townhouse,4824,1,3,1996,"Gym,Garden,Parking,Security",1433476
Premium Villa in Delhi,"Delhi, DL",Villa,3770,2,2,2022,"Pool,WiFi,Security,Parking",3638037
Premium Townhouse in Mumbai,"Mumbai, MH",Townhouse,755,5,3,1983,"Security,Parking",1133305
Premium Villa in Ahmedabad,"Ahmedabad, GJ",Villa,2994,2,4,2010,"Garden,Pool,Security,Parking",1580070
Premium Apartment in Pune,"Pune, MH",Apartment,4071,1,1,1988,"Gym,WiFi,Pool,Parking",1409530
Premium Apartment in Bangalore,"Bangalore, KA",Apartment,2917,2,1,1995,"Security,Parking,Garden,Gym",1402262
Premium Apartment in Bangalore,"Bangalore, KA",Apartment,1356,6,3,1993,"Parking,WiFi",1142339
Premium Villa in Hyderabad,"Hyderabad, TS",Villa,3712,5,1,2020,"WiFi,Parking,Gym,Security,Garden",1987985
Premium Villa in Chennai,"Chennai, TN",Villa,2451,6,2,1989,"Garden,Parking,Security",1771022
Premium Villa in Ahmedabad,"Ahmedabad, GJ",Villa,616,5,3,2000,Garden,687221
Premium Condo in Bangalore,"Bangalore, KA",Condo,537,6,4,1991,"Gym,Pool",787670
Premium Condo in Delhi,"Delhi, DL",Condo,2278,3,2,1987,"Security,WiFi",1503390
Premium Townhouse in Kolkata,"Kolkata, WB",Townhouse,1132,2,2,2003,"Pool,Garden,WiFi,Security,Parking",460699
Premium Condo in Pune,"Pune, MH",Condo,4864,2,2,1987,"Gym,Parking,Garden",1454216
Premium Apartment in Delhi,"Delhi, DL",Apartment,3500,4,4,1984,"Security,Parking",2294746
Premium Townhouse in Ahmedabad,"Ahmedabad, GJ",Townhouse,4687,5,2,1998,"Pool,Security,WiFi,Gym",1565970
Premium Apartment in Delhi,"Delhi, DL",Apartment,4301,1,2,2001,"Gym,Pool",2663773
Premium Villa in Ahmedabad,"Ahmedabad, GJ",Villa,2148,5,3,1999,"Security,Pool",1478683
Premium Townhouse in Delhi,"Delhi, DL",Townhouse,1236,1,4,2018,"Parking,Pool,WiFi",915423
Premium Villa in Chennai,"Chennai, TN",Villa,600,6,2,1992,"Pool,Garden,Gym",830238
Premium Apartment in Bangalore,"Bangalore, KA",Apartment,640,2,3,2002,"Gym,Parking,Security",571782
Premium Villa in Hyderabad,"Hyderabad, TS",Villa,2890,1,3,2005,Parking,1585542
Premium Penthouse in Mumbai,"Mumbai, MH",Penthouse,3519,4,4,1994,"Gym,Security,Parking,Pool,WiFi",5272365
Premium Townhouse in Pune,"Pune, MH",Townhouse,3600,4,1,2024,Garden,1186357
Premium Penthouse in Pune,"Pune, MH",Penthouse,2155,6,2,2020,"Gym,Security,Pool,Parking",1942161
Premium Villa in Ahmedabad,"Ahmedabad, GJ",Villa,3977,2,1,2008,Garden,2003140
Premium Villa in Pune,"Pune, MH",Villa,1264,1,3,1982,"Security,Pool,Gym,WiFi",696447
Premium Penthouse in Delhi,"Delhi, DL",Penthouse,593,5,2,1991,"Pool,Security,WiFi,Garden,Parking",1756802
Premium Apartment in Pune,"Pune, MH",Apartment,4424,2,2,2022,"Parking,Garden,Security,WiFi,Gym",1328896
Premium Villa in Ahmedabad,"Ahmedabad, GJ",Villa,3479,3,2,2005,"Security,WiFi,Gym,Pool",1683982
Premium Villa in Mumbai,"Mumbai, MH",Villa,2554,4,4,2019,"Parking,Garden",3384520
Premium Condo in Pune,"Pune, MH",Condo,3907,3,4,1986,"WiFi,Gym,Parking,Pool",1540754
Premium Condo in Pune,"Pune, MH",Condo,3061,3,1,2024,"Pool,WiFi,Garden",1153293
Premium Condo in Hyderabad,"Hyderabad, TS",Condo,4052,2,1,1989,Garden,1321546
Premium Villa in Hyderabad,"Hyderabad, TS",Villa,1907,4,3,2023,"Security,Pool,WiFi,Parking",1227527
Premium Villa in Hyderabad,"Hyderabad, TS",Villa,3193,5,2,2011,"WiFi,Garden,Parking",1992698
Premium Penthouse in Delhi,"Delhi, DL",Penthouse,965,4,1,1999,"Parking,Pool,Gym,WiFi",1868638
Premium Penthouse in Chennai,"Chennai, TN",Penthouse,3438,1,3,2002,"Parking,Pool,Garden,Gym,Security",2071849
Premium Apartment in Mumbai,"Mumbai, MH",Apartment,4970,1,1,2023,"Security,Parking,Pool,WiFi,Gym",3393985
Premium Apartment in Chennai,"Chennai, TN",Apartment,4185,1,2,2022,"Gym,WiFi,Garden",1476926
Premium Villa in Bangalore,"Bangalore, KA",Villa,624,4,3,2024,"Security,Gym",912416
Premium Apartment in Hyderabad,"Hyderabad, TS",Apartment,1191,5,4,1997,"Pool,Garden,Security",722259
Premium Townhouse in Delhi,"Delhi, DL",Townhouse,2030,5,3,2011,"Security,WiFi,Pool,Gym,Parking",1768849
Premium Villa in Mumbai,"Mumbai, MH",Villa,905,1,2,1982,"WiFi,Security",1048597
Premium Penthouse in Kolkata,"Kolkata, WB",Penthouse,4305,4,2,1989,Gym,3071302
Premium Townhouse in Pune,"Pune, MH",Townhouse,4809,3,4,2024,WiFi,1813612
Premium Townhouse in Kolkata,"Kolkata, WB",Townhouse,2619,1,3,2011,"Garden,Security",936501
Premium Condo in Pune,"Pune, MH",Condo,748,4,2,2002,"Pool,Security,Garden,Gym,WiFi",504757
Premium Apartment in Bangalore,"Bangalore, KA",Apartment,3639,6,4,2013,"Pool,Garden,WiFi",2038621
Premium Apartment in Hyderabad,"Hyderabad, TS",Apartment,1867,2,4,2016,"Parking,Garden,Gym",786727
Premium Condo in Kolkata,"Kolkata, WB",Condo,2711,2,3,2003,"Security,WiFi,Parking,Pool",1032101
Premium Villa in Bangalore,"Bangalore, KA",Villa,3608,3,3,1988,"Parking,Garden,WiFi",2660759
Premium Townhouse in Kolkata,"Kolkata, WB",Townhouse,2101,6,3,2004,"Garden,Gym,WiFi",937894
Premium Villa in Pune,"Pune, MH",Villa,4020,3,3,2014,WiFi,2211113
Premium Apartment in Delhi,"Delhi, DL",Apartment,1666,5,3,2022,"WiFi,Parking,Garden,Security",1507967
Premium Villa in Delhi,"Delhi, DL",Villa,1020,6,3,1995,"Gym,Garden",1841873
Premium Villa in Mumbai,"Mumbai, MH",Villa,3492,5,1,1999,"Pool,WiFi,Parking",4022597
Premium Townhouse in Pune,"Pune, MH",Townhouse,830,6,4,2020,"WiFi,Gym,Parking",646786
Premium Townhouse in Chennai,"Chennai, TN",Townhouse,4725,4,3,1998,"Pool,Security,WiFi,Garden,Parking",1844539
Premium Apartment in Chennai,"Chennai, TN",Apartment,3432,6,3,2015,"Gym,Parking,Pool",1510899
Premium Villa in Hyderabad,"Hyderabad, TS",Villa,3457,1,3,1997,"Security,Pool,Parking,WiFi,Garden",1758122
Premium Villa in Delhi,"Delhi, DL",Villa,2377,6,1,1988,"Pool,Garden,Parking",2941812
Premium Penthouse in Ahmedabad,"Ahmedabad, GJ",Penthouse,1404,5,1,1992,"Parking,WiFi,Gym",1306954
Premium Villa in Kolkata,"Kolkata, WB",Villa,1354,3,4,1989,"Security,Garden",877798
Premium Townhouse in Chennai,"Chennai, TN",Townhouse,1288,4,2,1988,"Parking,WiFi,Pool",636648
Premium Condo in Ahmedabad,"Ahmedabad, GJ",Condo,2659,5,4,1987,Parking,1058190
Premium Townhouse in Chennai,"Chennai, TN",Townhouse,4026,6,4,1989,"Garden,Security,Pool,WiFi",1532106
Premium Villa in Bangalore,"Bangalore, KA",Villa,4191,3,4,1990,"Parking,Security,Garden",3514755
Premium Condo in Hyderabad,"Hyderabad, TS",Condo,4676,3,1,2009,"Parking,Pool,Garden,Security,WiFi",1557420
Premium Penthouse in Ahmedabad,"Ahmedabad, GJ",Penthouse,3174,4,1,1987,"Garden,Pool,WiFi,Security",2538269
Premium Apartment in Delhi,"Delhi, DL",Apartment,2667,4,2,2017,"WiFi,Security,Gym",1838895
Premium Condo in Kolkata,"Kolkata, WB",Condo,2844,3,4,2002,"Security,Parking,Garden,Pool,Gym",1053383
Premium Condo in Delhi,"Delhi, DL",Condo,2582,5,4,1981,"Gym,Security,Parking",1819027
Premium Townhouse in Chennai,"Chennai, TN",Townhouse,2484,4,1,2013,"WiFi,Parking,Garden",939488
Premium Villa in Bangalore,"Bangalore, KA",Villa,4179,6,4,2006,"WiFi,Security",3733842
Premium Townhouse in Mumbai,"Mumbai, MH",Townhouse,4276,3,1,2020,"Security,Pool,Garden",3144732
Premium Apartment in Chennai,"Chennai, TN",Apartment,4662,1,3,2010,Garden,1520312
Premium Townhouse in Kolkata,"Kolkata, WB",Townhouse,1993,5,3,1999,"Gym,Security,Garden",920623
Premium Apartment in Bangalore,"Bangalore, KA",Apartment,1919,2,3,1981,Gym,1190358
Premium Apartment in Chennai,"Chennai, TN",Apartment,1614,4,4,1995,Garden,726290
Premium Apartment in Delhi,"Delhi, DL",Apartment,1564,1,3,1999,"Pool,Security,Parking,Garden",992731
Premium Townhouse in Hyderabad,"Hyderabad, TS",Townhouse,3459,3,3,2003,"WiFi,Security,Gym,Pool,Parking",1208445
Premium Condo in Mumbai,"Mumbai, MH",Condo,2823,3,4,1980,WiFi,2272450
Premium Apartment in Mumbai,"Mumbai, MH",Apartment,4004,1,1,1993,Security,2783769
Premium Condo in Bangalore,"Bangalore, KA",Condo,1739,6,2,1980,"Garden,Pool,Security,WiFi,Gym",1392280
Premium Apartment in Ahmedabad,"Ahmedabad, GJ",Apartment,3528,4,4,1990,"Gym,Security,Pool,Parking,Garden",1387267
Premium Townhouse in Kolkata,"Kolkata, WB",Townhouse,3384,3,2,2022,"Parking,Garden,Security,Gym",1201244
Premium Townhouse in Chennai,"Chennai, TN",Townhouse,4858,5,4,1995,"Pool,Security,Gym",1678752
Premium Penthouse in Kolkata,"Kolkata, WB",Penthouse,775,5,3,2002,"Parking,Garden",997968
Premium Penthouse in Bangalore,"Bangalore, KA",Penthouse,603,1,1,2004,"Parking,Pool,WiFi,Gym",694685
Premium Villa in Hyderabad,"Hyderabad, TS",Villa,4072,4,1,2022,"Gym,WiFi,Security,Pool,Garden",2028589
Premium Villa in Ahmedabad,"Ahmedabad, GJ",Villa,1089,1,4,2006,"WiFi,Security,Pool,Gym,Parking",681326
Premium Condo in Pune,"Pune, MH",Condo,3419,5,1,2004,"Parking,Gym,WiFi,Pool,Garden",1213271
Premium Penthouse in Ahmedabad,"Ahmedabad, GJ",Penthouse,2017,6,4,1987,"Garden,Gym,Parking",1959413
Premium Apartment in Ahmedabad,"Ahmedabad, GJ",Apartment,2083,4,2,2005,"Pool,Parking",902299
Premium Condo in Kolkata,"Kolkata, WB",Condo,3857,5,4,1998,"Gym,Pool,Security,Garden,Parking",1582384
Premium Villa in Kolkata,"Kolkata, WB",Villa,2747,2,4,2009,"Garden,Parking,Gym,Pool",1577640
Premium Penthouse in Kolkata,"Kolkata, WB",Penthouse,2266,3,2,2004,"Garden,Parking,Security,WiFi",1568860
Premium Townhouse in Mumbai,"Mumbai, MH",Townhouse,1442,6,3,1990,"Gym,Security,WiFi",1658249
Premium Villa in Bangalore,"Bangalore, KA",Villa,4471,5,2,1982,WiFi,3887045
Premium Penthouse in Hyderabad,"Hyderabad, TS",Penthouse,1792,5,4,1994,"Pool,Gym,Security,WiFi,Parking",1648019
Premium Condo in Delhi,"Delhi, DL",Condo,1294,2,1,1985,Garden,921652
Premium Villa in Pune,"Pune, MH",Villa,1962,6,2,2004,"Gym,Parking,WiFi",1464861
Premium Apartment in Bangalore,"Bangalore, KA",Apartment,2785,5,3,1993,"Security,WiFi,Parking",1750434
Premium Villa in Bangalore,"Bangalore, KA",Villa,4633,1,1,2007,Garden,3303171
Premium Apartment in Hyderabad,"Hyderabad, TS",Apartment,3268,4,2,2019,"Security,Gym,Garden",1176047
Premium Apartment in Pune,"Pune, MH",Apartment,1136,1,3,2014,Gym,418299
Premium Villa in Mumbai,"Mumbai, MH",Villa,3776,6,4,1995,"Garden,Security,Parking",4746632
Premium Condo in Chennai,"Chennai, TN",Condo,731,1,1,1998,"Security,Pool,Gym,WiFi,Parking",263065
Premium Villa in Hyderabad,"Hyderabad, TS",Villa,775,2,2,2008,Garden,566009
Premium Apartment in Hyderabad,"Hyderabad, TS",Apartment,4702,2,1,2013,"Garden,Gym,Security",1604611
Premium Condo in Mumbai,"Mumbai, MH",Condo,2198,6,4,2008,WiFi,2064868
Premium Apartment in Pune,"Pune, MH",Apartment,3557,3,2,2003,WiFi,1347470
Premium Condo in Delhi,"Delhi, DL",Condo,2961,2,2,2003,"Security,Pool,Garden,WiFi",1762721
Premium Condo in Ahmedabad,"Ahmedabad, GJ",Condo,2389,2,2,1982,"Pool,WiFi,Parking,Garden,Gym",828285
Premium Penthouse in Mumbai,"Mumbai, MH",Penthouse,870,3,4,2018,"Pool,Parking",1806091
Premium Condo in Chennai,"Chennai, TN",Condo,2740,3,4,2006,WiFi,1103548
Premium Apartment in Mumbai,"Mumbai, MH",Apartment,2909,3,1,1998,"Garden,Gym,Parking,WiFi,Pool",2067041
Premium Villa in Hyderabad,"Hyderabad, TS",Villa,3405,2,3,2003,"Pool,Garden,Gym",1904453
Premium Condo in Kolkata,"Kolkata, WB",Condo,4011,1,4,1992,Pool,1352952
Premium Townhouse in Mumbai,"Mumbai, MH",Townhouse,3139,4,4,2016,"Pool,WiFi",2266771
Premium Condo in Delhi,"Delhi, DL",Condo,1530,4,1,2010,"Security,WiFi",1203175
Premium Condo in Hyderabad,"Hyderabad, TS",Condo,2847,5,2,2024,"Garden,Gym,Security",1161717
Premium Villa in Kolkata,"Kolkata, WB",Villa,1247,2,1,1989,Gym,731400
Premium Apartment in Hyderabad,"Hyderabad, TS",Apartment,4802,5,4,2014,"Parking,WiFi",1728915
Premium Villa in Chennai,"Chennai, TN",Villa,2023,3,4,1988,"WiFi,Garden,Security,Gym,Parking",1276349
Premium Penthouse in Pune,"Pune, MH",Penthouse,4993,4,1,2000,Security,3131483
Premium Condo in Ahmedabad,"Ahmedabad, GJ",Condo,842,2,2,1981,"Gym,Garden,Pool",365992
Premium Townhouse in Bangalore,"Bangalore, KA",Townhouse,4418,4,1,1997,"WiFi,Garden,Gym",2352538
Premium Penthouse in Chennai,"Chennai, TN",Penthouse,522,3,2,2014,"Security,Pool,Garden,Gym,Parking",727867
Premium Apartment in Pune,"Pune, MH",Apartment,2054,2,4,1993,"Gym,WiFi",770965
Premium Penthouse in Delhi,"Delhi, DL",Penthouse,4755,2,1,2015,"Gym,Garden,Parking,Pool",5972510
Premium Apartment in Hyderabad,"Hyderabad, TS",Apartment,3059,3,2,1988,"Pool,Gym,Security",1140807
Premium Condo in Bangalore,"Bangalore, KA",Condo,4266,6,1,1998,"Garden,Pool",2232538
Premium Condo in Pune,"Pune, MH",Condo,3649,5,1,2020,Pool,1435138
Premium Townhouse in Mumbai,"Mumbai, MH",Townhouse,4900,3,1,1986,"Pool,Garden,Gym,WiFi,Security",3004732
Premium Villa in Pune,"Pune, MH",Villa,2673,5,1,1993,WiFi,1471265
Premium Townhouse in Kolkata,"Kolkata, WB",Townhouse,3124,1,3,1987,"Security,Garden",959985
Premium Condo in Ahmedabad,"Ahmedabad, GJ",Condo,590,1,1,2024,"Gym,WiFi",235216
Premium Townhouse in Hyderabad,"Hyderabad, TS",Townhouse,3110,1,1,2023,"WiFi,Garden",1097662
Premium Penthouse in Mumbai,"Mumbai, MH",Penthouse,3946,5,2,1981,"Garden,WiFi,Pool,Parking",5540900
Premium Villa in Bangalore,"Bangalore, KA",Villa,4054,2,2,1993,"Garden,WiFi,Pool",3287636
Premium Townhouse in Pune,"Pune, MH",Townhouse,4013,6,2,2020,"Parking,Security",1651754
Premium Penthouse in Mumbai,"Mumbai, MH",Penthouse,4170,4,4,2024,"Garden,Pool,Gym",5715906
Premium Condo in Pune,"Pune, MH",Condo,1610,5,4,2002,"Parking,Gym,Garden",760006
Premium Townhouse in Pune,"Pune, MH",Townhouse,4921,2,1,1992,"Security,Garden,Pool",1594711
Premium Townhouse in Chennai,"Chennai, TN",Townhouse,3993,5,4,1989,Gym,1415880
Premium Villa in Pune,"Pune, MH",Villa,2511,2,1,2011,"Security,Parking,Gym",1333610
Premium Townhouse in Delhi,"Delhi, DL",Townhouse,2006,1,1,2008,"Parking,Pool,Garden",1326090
Premium Townhouse in Ahmedabad,"Ahmedabad, GJ",Townhouse,4396,5,3,2002,"Security,Parking,Gym",1749673
Premium Townhouse in Ahmedabad,"Ahmedabad, GJ",Townhouse,4617,2,3,1989,"Garden,Gym",1691502
Premium Villa in Pune,"Pune, MH",Villa,3576,2,3,2017,"WiFi,Garden,Gym",1752632
Premium Penthouse in Chennai,"Chennai, TN",Penthouse,1790,2,3,2007,"WiFi,Security,Parking,Pool",1386402
Premium Townhouse in Chennai,"Chennai, TN",Townhouse,960,1,1,2012,WiFi,343308
Premium Penthouse in Bangalore,"Bangalore, KA",Penthouse,1732,6,1,2010,"Parking,Security,Garden",2538422
Premium Penthouse in Delhi,"Delhi, DL",Penthouse,2617,6,3,2016,"Gym,Garden,Pool,WiFi,Parking",4116830
Premium Apartment in Delhi,"Delhi, DL",Apartment,1704,4,1,2024,"Pool,Parking",1351563
Premium Penthouse in Kolkata,"Kolkata, WB",Penthouse,1472,5,4,2006,"Gym,Garden",1439602
Premium Villa in Mumbai,"Mumbai, MH",Villa,4172,4,3,1994,"Security,Parking",4341445
Premium Apartment in Kolkata,"Kolkata, WB",Apartment,2089,3,4,2004,WiFi,825710
Premium Penthouse in Hyderabad,"Hyderabad, TS",Penthouse,1382,1,3,2002,"Garden,Pool",958562
Premium Villa in Bangalore,"Bangalore, KA",Villa,3129,4,4,2003,"Pool,Parking",2838543
Premium Villa in Mumbai,"Mumbai, MH",Villa,3927,5,1,1995,"Parking,WiFi",3913891
Premium Townhouse in Pune,"Pune, MH",Townhouse,3365,4,1,1996,Gym,1145771
Premium Villa in Kolkata,"Kolkata, WB",Villa,2279,3,4,1999,Parking,1271916
Premium Penthouse in Bangalore,"Bangalore, KA",Penthouse,3518,5,1,1999,"Security,Parking,Garden,Gym,WiFi",4345377
Premium Apartment in Chennai,"Chennai, TN",Apartment,4097,4,4,1994,"Garden,Gym,Parking,Pool,WiFi",1457831
Premium Condo in Hyderabad,"Hyderabad, TS",Condo,2825,1,1,1997,"Gym,Pool",867341
Premium Penthouse in Chennai,"Chennai, TN",Penthouse,4711,2,3,2015,"Pool,Garden,Parking,WiFi",3443064
Premium Apartment in Hyderabad,"Hyderabad, TS",Apartment,1220,1,3,1981,"Pool,Security,Parking",483949
Premium Villa in Kolkata,"Kolkata, WB",Villa,774,6,2,1988,"WiFi,Security,Parking",788975
Premium Apartment in Mumbai,"Mumbai, MH",Apartment,3424,3,2,1999,"Pool,Parking,WiFi",2542938
Premium Townhouse in Mumbai,"Mumbai, MH",Townhouse,4082,1,3,2003,"Gym,Security,WiFi",2528133
Premium Townhouse in Pune,"Pune, MH",Townhouse,4904,3,1,1982,"Garden,WiFi,Pool,Security",1517785
Premium Villa in Delhi,"Delhi, DL",Villa,1443,6,1,1997,"Security,Pool,Gym",2216262
Premium Villa in Chennai,"Chennai, TN",Villa,2930,1,3,1990,"WiFi,Security",1387122
Premium Townhouse in Pune,"Pune, MH",Townhouse,2480,2,3,2017,"Parking,Garden,Security,WiFi,Pool",946204
Premium Villa in Chennai,"Chennai, TN",Villa,1641,4,4,1988,Garden,1146508
Premium Apartment in Chennai,"Chennai, TN",Apartment,1178,6,1,1982,"WiFi,Security",610724
Premium Townhouse in Mumbai,"Mumbai, MH",Townhouse,4134,2,1,1991,"WiFi,Parking,Security,Garden,Gym",2898020
Premium Townhouse in Chennai,"Chennai, TN",Townhouse,835,2,2,1984,"Security,Garden",351926
Premium Townhouse in Delhi,"Delhi, DL",Townhouse,3141,6,3,2011,"Security,WiFi,Garden",2376618
Premium Villa in Chennai,"Chennai, TN",Villa,2912,1,1,1981,"Garden,Security",1429412
Premium Villa in Chennai,"Chennai, TN",Villa,785,4,1,1995,"Gym,Security",625419
Premium Villa in Delhi,"Delhi, DL",Villa,4985,3,4,2005,Garden,4668291
Premium Condo in Chennai,"Chennai, TN",Condo,4127,2,4,2012,Garden,1342006
Premium Penthouse in Chennai,"Chennai, TN",Penthouse,2317,2,1,1985,Gym,1736936
Premium Condo in Ahmedabad,"Ahmedabad, GJ",Condo,804,5,4,1988,"Security,Parking,Gym",597329
Premium Villa in Delhi,"Delhi, DL",Villa,712,6,3,1983,Security,1579067
Premium Villa in Ahmedabad,"Ahmedabad, GJ",Villa,2709,3,2,1988,"Garden,Parking,Gym,WiFi,Pool",1641062
Premium Villa in Hyderabad,"Hyderabad, TS",Villa,4753,2,3,1991,"WiFi,Security",2441512
Premium Condo in Delhi,"Delhi, DL",Condo,3602,6,1,2002,"Parking,WiFi",2750701
Premium Townhouse in Kolkata,"Kolkata, WB",Townhouse,4978,4,1,1995,Security,1706449
Premium Townhouse in Mumbai,"Mumbai, MH",Townhouse,4579,2,3,2010,"WiFi,Pool,Garden,Parking,Security",3303828
Premium Apartment in Mumbai,"Mumbai, MH",Apartment,2908,6,1,1997,"Garden,WiFi,Parking,Security",2398403
Premium Villa in Kolkata,"Kolkata, WB",Villa,1465,4,3,2000,"Garden,Parking,Gym,Pool",994714
Premium Townhouse in Mumbai,"Mumbai, MH",Townhouse,4383,6,4,1997,WiFi,3176157
Premium Townhouse in Pune,"Pune, MH",Townhouse,4124,5,1,2018,"Parking,Gym,WiFi",1407049
Premium Condo in Bangalore,"Bangalore, KA",Condo,1168,5,1,2024,"Garden,Pool,Security",974018
Premium Villa in Chennai,"Chennai, TN",Villa,2606,3,4,1998,"Gym,WiFi,Garden",1626121
Premium Villa in Hyderabad,"Hyderabad, TS",Villa,1936,1,4,2016,"Parking,Garden",969842
Premium Townhouse in Pune,"Pune, MH",Townhouse,4445,3,3,2015,"Pool,Security,Gym,Parking",1502047
Premium Townhouse in Pune,"Pune, MH",Townhouse,4343,1,2,1992,"Parking,WiFi,Garden,Security",1303194
Premium Townhouse in Bangalore,"Bangalore, KA",Townhouse,2718,1,2,2004,"Security,Pool",1317887
Premium Townhouse in Hyderabad,"Hyderabad, TS",Townhouse,1222,4,2,2021,"Parking,Security,Garden,Gym",648390
Premium Townhouse in Hyderabad,"Hyderabad, TS",Townhouse,3897,5,2,1991,Gym,1315230
Premium Apartment in Pune,"Pune, MH",Apartment,3964,6,4,2021,"Gym,Parking",1539784
Premium Apartment in Bangalore,"Bangalore, KA",Apartment,2618,4,4,2016,"Pool,Garden,Security,WiFi,Gym",1679369
Premium Apartment in Kolkata,"Kolkata, WB",Apartment,2645,1,1,2012,Pool,834854
Premium Townhouse in Kolkata,"Kolkata, WB",Townhouse,4589,6,1,2011,"Gym,Garden,Pool,Security,WiFi",1756256
Premium Apartment in Kolkata,"Kolkata, WB",Apartment,1962,5,2,1996,"WiFi,Parking",791880
Premium Condo in Delhi,"Delhi, DL",Condo,1262,1,3,2018,"Pool,Parking",960515
Premium Apartment in Bangalore,"Bangalore, KA",Apartment,3934,5,1,2021,"Pool,Gym,WiFi,Security",2131566
Premium Townhouse in Pune,"Pune, MH",Townhouse,2893,6,2,1984,WiFi,1178387
Premium Villa in Mumbai,"Mumbai, MH",Villa,4108,1,2,1983,Pool,3878245
Premium Villa in Ahmedabad,"Ahmedabad, GJ",Villa,2328,1,2,2018,"WiFi,Pool,Gym,Garden,Parking",1190747
Premium Penthouse in Chennai,"Chennai, TN",Penthouse,2076,6,1,1999,"WiFi,Pool,Parking,Security,Garden",1969336
Premium Villa in Chennai,"Chennai, TN",Villa,3674,6,4,2005,"Pool,Security",2259746
Premium Villa in Ahmedabad,"Ahmedabad, GJ",Villa,2205,5,2,2015,Garden,1415969
Premium Villa in Kolkata,"Kolkata, WB",Villa,3753,5,2,2013,"Garden,Gym",2314017
Premium Townhouse in Pune,"Pune, MH",Townhouse,1672,5,3,2004,"Gym,Garden,Pool,WiFi,Parking",847004
Premium Condo in Delhi,"Delhi, DL",Condo,4957,3,4,1990,"Security,WiFi",2804222
Premium Penthouse in Hyderabad,"Hyderabad, TS",Penthouse,2458,2,3,1981,"Gym,Security",1710000
Premium Condo in Hyderabad,"Hyderabad, TS",Condo,2031,5,2,1998,"Garden,Parking,Security",824035
Premium Condo in Mumbai,"Mumbai, MH",Condo,1748,4,4,2005,"Gym,Parking",1715851
Premium Apartment in Chennai,"Chennai, TN",Apartment,3005,4,1,1982,Security,1137740
Premium Condo in Pune,"Pune, MH",Condo,3172,5,2,1991,Parking,1223338
Premium Apartment in Hyderabad,"Hyderabad, TS",Apartment,2348,2,4,1992,"Gym,WiFi",823364
Premium Villa in Ahmedabad,"Ahmedabad, GJ",Villa,3596,3,2,1988,"Security,WiFi,Parking",2000226
Premium Condo in Delhi,"Delhi, DL",Condo,2980,2,3,1985,"Pool,Garden,Gym,WiFi,Parking",1729622
Premium Apartment in Chennai,"Chennai, TN",Apartment,2712,1,3,2006,"Pool,Gym,Security",844223
Premium Townhouse in Bangalore,"Bangalore, KA",Townhouse,2671,6,4,1983,"Security,Garden,WiFi",1601039
Premium Townhouse in Hyderabad,"Hyderabad, TS",Townhouse,4485,5,2,2004,"Pool,WiFi,Security,Gym,Garden",1668594
Premium Condo in Delhi,"Delhi, DL",Condo,673,5,1,1988,"WiFi,Gym",880877
Premium Townhouse in Bangalore,"Bangalore, KA",Townhouse,4916,4,1,2003,"Garden,Parking",2336505
Premium Condo in Hyderabad,"Hyderabad, TS",Condo,1261,2,3,1994,"WiFi,Security,Pool,Gym,Garden",535902
Premium Villa in Chennai,"Chennai, TN",Villa,1595,1,2,2001,"Security,Pool,WiFi,Garden",887563
Premium Villa in Bangalore,"Bangalore, KA",Villa,1033,5,4,1993,"WiFi,Gym,Pool,Security",1431991
Premium Townhouse in Pune,"Pune, MH",Townhouse,2880,4,4,1984,"Parking,WiFi,Security,Pool,Garden",1167287
Premium Villa in Kolkata,"Kolkata, WB",Villa,4403,2,4,1989,"Gym,Pool,Security,Garden",2090191
Premium Villa in Chennai,"Chennai, TN",Villa,2809,1,2,1991,Security,1374497
Premium Apartment in Bangalore,"Bangalore, KA",Apartment,4623,6,2,1992,"Security,Gym,Garden",2496880
Premium Townhouse in Kolkata,"Kolkata, WB",Townhouse,3143,2,4,2005,"Gym,Garden,Security,Parking",1138367
Premium Townhouse in Bangalore,"Bangalore, KA",Townhouse,873,2,3,2008,"Parking,Garden,Gym,Pool",598529
Premium Townhouse in Pune,"Pune, MH",Townhouse,1673,1,2,2021,"Gym,WiFi,Pool,Garden",617778
Premium Penthouse in Pune,"Pune, MH",Penthouse,2400,1,3,2008,"Gym,WiFi,Pool,Garden,Parking",1615240
Premium Villa in Pune,"Pune, MH",Villa,3510,6,4,1990,Pool,2271038
Premium Penthouse in Chennai,"Chennai, TN",Penthouse,4703,6,1,2009,"Gym,Security,Pool,Garden",3568991
Premium Penthouse in Chennai,"Chennai, TN",Penthouse,4314,5,4,2011,"WiFi,Pool",3262945
Premium Penthouse in Delhi,"Delhi, DL",Penthouse,3020,6,3,2002,"Garden,Security,Gym",4893764
Premium Townhouse in Bangalore,"Bangalore, KA",Townhouse,1978,1,2,2003,"Gym,Security",1119384
Premium Penthouse in Ahmedabad,"Ahmedabad, GJ",Penthouse,3201,1,1,1992,WiFi,2069086
Premium Condo in Mumbai,"Mumbai, MH",Condo,4306,6,4,2006,"Garden,Security,WiFi",3027953
Premium Penthouse in Delhi,"Delhi, DL",Penthouse,1362,1,2,2006,Security,1885239
Premium Penthouse in Hyderabad,"Hyderabad, TS",Penthouse,702,5,3,1986,"Security,Garden,Gym,WiFi",1124501
Premium Villa in Ahmedabad,"Ahmedabad, GJ",Villa,1520,6,4,1999,"Security,Garden,WiFi,Parking",1308780
Premium Townhouse in Bangalore,"Bangalore, KA",Townhouse,2864,4,4,2013,"Parking,Gym,WiFi,Garden,Pool",1616348
Premium Townhouse in Chennai,"Chennai, TN",Townhouse,2494,6,1,1989,"WiFi,Garden,Security",962853
Premium Villa in Bangalore,"Bangalore, KA",Villa,4266,6,2,1987,"Security,Parking,WiFi",3777262
Premium Penthouse in Bangalore,"Bangalore, KA",Penthouse,4775,1,1,1992,Garden,4804324
Premium Penthouse in Ahmedabad,"Ahmedabad, GJ",Penthouse,4990,6,3,2023,"WiFi,Parking,Garden",3957030
Premium Penthouse in Kolkata,"Kolkata, WB",Penthouse,3515,1,3,1992,"WiFi,Gym,Security",2350324
Premium Penthouse in Ahmedabad,"Ahmedabad, GJ",Penthouse,1812,4,4,1996,WiFi,1598447
Premium Villa in Ahmedabad,"Ahmedabad, GJ",Villa,2403,4,4,2003,"WiFi,Pool",1629733
Premium Townhouse in Mumbai,"Mumbai, MH",Townhouse,1322,3,4,1981,"Pool,Security,Gym",1309679
Premium Villa in Pune,"Pune, MH",Villa,4659,3,3,1990,"Gym,WiFi,Garden,Pool",2290112
Premium Condo in Hyderabad,"Hyderabad, TS",Condo,2565,6,1,2000,"Garden,Gym,Pool,WiFi,Parking",988862
Premium Villa in Kolkata,"Kolkata, WB",Villa,4717,3,4,2022,"Garden,Security,Pool",2393050
Premium Condo in Bangalore,"Bangalore, KA",Condo,3727,4,2,1982,"WiFi,Parking,Garden",2057797
Premium Townhouse in Mumbai,"Mumbai, MH",Townhouse,4982,6,2,1985,"Security,Garden",3701485
Premium Apartment in Hyderabad,"Hyderabad, TS",Apartment,2968,6,4,2017,"Security,Garden,Gym,Pool,WiFi",1373842
Premium Penthouse in Mumbai,"Mumbai, MH",Penthouse,1772,2,2,1994,Security,2600159
Premium Villa in Bangalore,"Bangalore, KA",Villa,2134,3,2,1996,"WiFi,Garden,Parking,Gym",1731358
Premium Villa in Chennai,"Chennai, TN",Villa,1249,4,1,2017,Pool,928656
Premium Villa in Pune,"Pune, MH",Villa,4637,5,2,2000,"WiFi,Pool",2538052
Premium Condo in Mumbai,"Mumbai, MH",Condo,3227,1,1,2016,"Security,Garden,Gym,WiFi,Parking",2053565
Premium Apartment in Bangalore,"Bangalore, KA",Apartment,679,3,3,1985,"Pool,Security",568657
Premium Villa in Ahmedabad,"Ahmedabad, GJ",Villa,4477,1,2,2019,"Gym,Garden,Pool",2061049
Premium Penthouse in Hyderabad,"Hyderabad, TS",Penthouse,2878,3,1,1995,"Gym,Pool",2011370
Premium Apartment in Delhi,"Delhi, DL",Apartment,2941,4,4,2007,"Garden,Gym,Parking",1923367
Premium Villa in Mumbai,"Mumbai, MH",Villa,1593,4,1,2013,"WiFi,Parking,Garden,Gym,Security",1953786
Premium Condo in Delhi,"Delhi, DL",Condo,2193,3,1,2014,"Garden,WiFi,Pool,Security",1572203
Premium Townhouse in Ahmedabad,"Ahmedabad, GJ",Townhouse,1191,5,4,1985,"Garden,Parking,Security,WiFi",670755
Premium Condo in Hyderabad,"Hyderabad, TS",Condo,3140,6,4,1993,"WiFi,Pool,Garden,Gym,Parking",1419304
Premium Apartment in Delhi,"Delhi, DL",Apartment,3832,1,3,2019,"Security,WiFi,Garden,Pool,Gym",2365804
Premium Apartment in Chennai,"Chennai, TN",Apartment,3919,5,2,1988,"Parking,Pool,Garden,Security,WiFi",1485420
Premium Apartment in Mumbai,"Mumbai, MH",Apartment,4424,1,1,2004,"Security,WiFi,Pool,Garden,Parking",2655484
Premium Apartment in Chennai,"Chennai, TN",Apartment,1144,2,4,1984,"Gym,WiFi,Pool,Parking,Garden",502345
Premium Villa in Delhi,"Delhi, DL",Villa,1357,2,2,2016,"Gym,WiFi,Parking,Garden",1338807
Premium Townhouse in Kolkata,"Kolkata, WB",Townhouse,3668,2,1,2009,"Parking,Security,Garden,WiFi",1112884
Premium Townhouse in Hyderabad,"Hyderabad, TS",Townhouse,1130,3,4,2017,WiFi,585140
Premium Penthouse in Mumbai,"Mumbai, MH",Penthouse,873,6,3,1981,"Garden,WiFi",2729911
Premium Condo in Mumbai,"Mumbai, MH",Condo,1320,2,1,1990,Gym,1084773
Premium Townhouse in Bangalore,"Bangalore, KA",Townhouse,4905,5,1,1984,"WiFi,Gym",2519632
Premium Villa in Delhi,"Delhi, DL",Villa,2283,1,4,1991,Parking,2165777
Premium Villa in Hyderabad,"Hyderabad, TS",Villa,2259,5,1,1984,Parking,1413647
Premium Townhouse in Ahmedabad,"Ahmedabad, GJ",Townhouse,1702,5,3,1988,"Gym,WiFi",795352
Premium Apartment in Ahmedabad,"Ahmedabad, GJ",Apartment,2050,5,3,1995,"Pool,WiFi,Security,Gym,Parking",838716
Premium Penthouse in Chennai,"Chennai, TN",Penthouse,3305,1,2,2005,"Pool,WiFi,Security,Gym",2065507
Premium Villa in Chennai,"Chennai, TN",Villa,2144,6,4,1987,"Security,Gym,WiFi,Garden",1582363
Premium Villa in Mumbai,"Mumbai, MH",Villa,3768,6,3,2011,"Gym,Garden",4123795
Premium Apartment in Bangalore,"Bangalore, KA",Apartment,2144,6,3,2004,"WiFi,Security,Parking",1390844
Premium Penthouse in Ahmedabad,"Ahmedabad, GJ",Penthouse,1488,6,2,1982,"Security,WiFi",1575747
Premium Condo in Delhi,"Delhi, DL",Condo,3475,5,1,2001,"WiFi,Gym,Garden,Security",2471418
Premium Condo in Kolkata,"Kolkata, WB",Condo,1147,5,3,1993,"Gym,Security",668145
Premium Apartment in Hyderabad,"Hyderabad, TS",Apartment,1567,5,2,2000,"Pool,Garden,Gym",710394
Premium Apartment in Pune,"Pune, MH",Apartment,506,4,3,1991,"Pool,Garden,Gym,WiFi",414510
Premium Townhouse in Pune,"Pune, MH",Townhouse,4980,3,1,1989,"Security,Garden,Pool",1721305
Premium Townhouse in Mumbai,"Mumbai, MH",Townhouse,865,1,3,2013,Parking,680440
Premium Penthouse in Delhi,"Delhi, DL",Penthouse,4081,3,3,1989,"Gym,Security",4685344
Premium Penthouse in Kolkata,"Kolkata, WB",Penthouse,4679,5,2,1995,Pool,3068141
Premium Penthouse in Delhi,"Delhi, DL",Penthouse,2899,4,3,2008,"WiFi,Pool,Parking,Garden,Gym",4336197
Premium Townhouse in Mumbai,"Mumbai, MH",Townhouse,3641,4,2,1994,"Garden,Parking,Gym,WiFi,Security",2779670
Premium Villa in Hyderabad,"Hyderabad, TS",Villa,4506,4,3,1983,"Security,Parking,WiFi,Gym",2200441
Premium Townhouse in Hyderabad,"Hyderabad, TS",Townhouse,3137,5,3,1989,"Parking,Garden,Gym,Pool",1307671
Premium Villa in Pune,"Pune, MH",Villa,3564,2,2,1980,"Security,WiFi,Garden,Gym",1857831
Premium Condo in Hyderabad,"Hyderabad, TS",Condo,1156,1,4,2011,Pool,441930
Premium Villa in Chennai,"Chennai, TN",Villa,831,4,3,1998,"Security,WiFi",689986
Premium Penthouse in Bangalore,"Bangalore, KA",Penthouse,1781,2,1,2023,Pool,1857929
Premium Apartment in Chennai,"Chennai, TN",Apartment,3559,3,1,1989,"Pool,Garden,Gym,Security",1152585
Premium Penthouse in Chennai,"Chennai, TN",Penthouse,4573,3,1,1983,"Gym,Parking,Pool,Security",3367788
Premium Townhouse in Delhi,"Delhi, DL",Townhouse,4390,2,3,2011,"WiFi,Gym,Garden",2716848
Premium Apartment in Ahmedabad,"Ahmedabad, GJ",Apartment,2103,6,2,2024,"Garden,WiFi,Pool",1000784
Premium Villa in Ahmedabad,"Ahmedabad, GJ",Villa,1399,3,3,1989,"Parking,WiFi,Security",855501
Premium Condo in Pune,"Pune, MH",Condo,4348,1,1,2013,"Pool,Security,WiFi",1453415
Premium Apartment in Ahmedabad,"Ahmedabad, GJ",Apartment,2822,4,4,2009,"Garden,Pool,Parking,WiFi,Gym",1236938
Premium Townhouse in Pune,"Pune, MH",Townhouse,2954,3,2,1988,"Gym,Parking,Garden",1118270
Premium Townhouse in Pune,"Pune, MH",Townhouse,600,5,3,1987,"WiFi,Parking,Security,Garden,Gym",491732
Premium Villa in Bangalore,"Bangalore, KA",Villa,1189,6,2,1993,"Gym,WiFi",1493451
Premium Villa in Bangalore,"Bangalore, KA",Villa,3424,5,2,1995,Security,3103977
Premium Villa in Hyderabad,"Hyderabad, TS",Villa,1939,4,2,2009,"Garden,Security,Pool,WiFi",1115322
Premium Villa in Bangalore,"Bangalore, KA",Villa,3377,2,2,1987,Garden,2405027
Premium Villa in Kolkata,"Kolkata, WB",Villa,2336,3,4,1996,"Security,Garden",1299495
Premium Townhouse in Chennai,"Chennai, TN",Townhouse,4366,6,1,2022,Pool,1574876
Premium Townhouse in Chennai,"Chennai, TN",Townhouse,4381,1,1,1985,"Parking,Garden",1375604
Premium Villa in Mumbai,"Mumbai, MH",Villa,3517,1,2,2009,"Parking,Security,Gym,Pool,Garden",3325455
Premium Villa in Chennai,"Chennai, TN",Villa,1564,6,3,1995,"Parking,WiFi,Garden,Security",1185519
Premium Penthouse in Pune,"Pune, MH",Penthouse,4094,1,2,1986,"Pool,Security,WiFi,Parking,Gym",2602007
Premium Penthouse in Bangalore,"Bangalore, KA",Penthouse,2302,5,2,1998,Gym,2663066
Premium Condo in Ahmedabad,"Ahmedabad, GJ",Condo,1114,4,2,2013,WiFi,540686
Premium Villa in Hyderabad,"Hyderabad, TS",Villa,4934,3,2,1995,Garden,2339593
Premium Townhouse in Pune,"Pune, MH",Townhouse,3289,6,1,2020,Pool,1189153
Premium Penthouse in Hyderabad,"Hyderabad, TS",Penthouse,2823,6,4,2022,"Gym,Pool,WiFi,Parking",2422620
Premium Apartment in Ahmedabad,"Ahmedabad, GJ",Apartment,665,3,2,1984,"WiFi,Pool,Security,Gym,Parking",401439
Premium Condo in Bangalore,"Bangalore, KA",Condo,2362,5,1,2003,WiFi,1482289
Premium Villa in Bangalore,"Bangalore, KA",Villa,2631,1,2,1991,"Gym,Garden,Security,WiFi",2173730
Premium Penthouse in Kolkata,"Kolkata, WB",Penthouse,4034,5,1,1994,Gym,3046379
Premium Townhouse in Bangalore,"Bangalore, KA",Townhouse,1289,6,1,2013,"Garden,Pool,Security",1143931
Premium Condo in Delhi,"Delhi, DL",Condo,772,1,3,2006,"Gym,Security,Parking,Pool",652651
Premium Apartment in Kolkata,"Kolkata, WB",Apartment,3798,6,1,1990,"Parking,Garden,Security",1591929
Premium Townhouse in Bangalore,"Bangalore, KA",Townhouse,4842,5,3,2019,"Parking,WiFi",2890868
Premium Condo in Mumbai,"Mumbai, MH",Condo,721,3,1,2006,"Gym,Parking,Security,Garden",735246
Premium Condo in Bangalore,"Bangalore, KA",Condo,1216,3,1,1988,"WiFi,Security",741556
Premium Condo in Chennai,"Chennai, TN",Condo,2083,6,3,2002,"WiFi,Gym,Pool,Security",1056207
Premium Penthouse in Pune,"Pune, MH",Penthouse,3686,6,4,1996,"Gym,WiFi,Garden,Security",3121438
Premium Condo in Delhi,"Delhi, DL",Condo,2062,5,2,1993,"Security,Garden",1615478
Premium Condo in Ahmedabad,"Ahmedabad, GJ",Condo,4503,4,4,2008,"WiFi,Security,Parking",1563707
Premium Condo in Mumbai,"Mumbai, MH",Condo,3666,1,1,2007,"Garden,Pool,WiFi,Security,Parking",2249398
Premium Townhouse in Bangalore,"Bangalore, KA",Townhouse,3790,6,3,1985,Parking,2328706
Premium Condo in Bangalore,"Bangalore, KA",Condo,4533,1,4,2004,"Security,Garden,WiFi,Pool",2418618
Premium Apartment in Bangalore,"Bangalore, KA",Apartment,693,5,3,1983,"WiFi,Security,Pool,Garden,Gym",821637
Premium Villa in Hyderabad,"Hyderabad, TS",Villa,1191,2,2,2012,Gym,798171
Premium Townhouse in Kolkata,"Kolkata, WB",Townhouse,4206,3,4,2004,"Gym,WiFi,Garden,Security,Pool",1543278
Premium Condo in Bangalore,"Bangalore, KA",Condo,2184,6,2,1989,WiFi,1576319
Premium Penthouse in Mumbai,"Mumbai, MH",Penthouse,3235,5,4,1993,"Garden,Security,Pool,WiFi,Gym",4909554
Premium Penthouse in Chennai,"Chennai, TN",Penthouse,1497,3,3,2024,"Gym,Parking,Pool",1294631
Premium Villa in Hyderabad,"Hyderabad, TS",Villa,3128,2,4,1991,"Pool,Gym,Security,Garden,Parking",1747521
Premium Townhouse in Mumbai,"Mumbai, MH",Townhouse,2889,4,3,2012,"Parking,Garden,Pool,WiFi",2043732
Premium Penthouse in Delhi,"Delhi, DL",Penthouse,4651,4,3,2012,"Garden,Pool",6362321
Premium Apartment in Delhi,"Delhi, DL",Apartment,2038,3,1,1989,"Security,Gym,Garden",1421812
Premium Penthouse in Ahmedabad,"Ahmedabad, GJ",Penthouse,4230,3,1,2007,"Pool,Security",2873122
Premium Townhouse in Kolkata,"Kolkata, WB",Townhouse,3201,5,3,2021,Garden,1174686
Premium Apartment in Ahmedabad,"Ahmedabad, GJ",Apartment,1549,2,3,2017,"Security,Garden,WiFi",582854
Premium Penthouse in Chennai,"Chennai, TN",Penthouse,4383,3,2,1983,"Security,Garden",3298422
Premium Apartment in Mumbai,"Mumbai, MH",Apartment,4234,5,2,1980,Security,3403620
Premium Condo in Chennai,"Chennai, TN",Condo,3383,1,1,1980,"Security,WiFi,Parking",1183198
Premium Apartment in Bangalore,"Bangalore, KA",Apartment,4380,2,2,2012,"Parking,Garden",2188970
Premium Penthouse in Kolkata,"Kolkata, WB",Penthouse,1159,2,1,2015,"Gym,WiFi,Pool,Garden,Security",946804
Premium Townhouse in Hyderabad,"Hyderabad, TS",Townhouse,2186,2,2,2009,"Security,Parking",851693
Premium Penthouse in Hyderabad,"Hyderabad, TS",Penthouse,724,4,1,2005,"WiFi,Pool,Security,Parking,Gym",823125
Premium Apartment in Bangalore,"Bangalore, KA",Apartment,3776,2,1,1989,Gym,1882350
Premium Townhouse in Mumbai,"Mumbai, MH",Townhouse,1638,4,2,1984,"Security,Gym,Pool,Garden",1361728
Premium Penthouse in Mumbai,"Mumbai, MH",Penthouse,1373,2,1,2002,"Garden,Gym,Parking,Pool",1969068
Premium Condo in Chennai,"Chennai, TN",Condo,4980,1,3,2020,"Security,Gym",1620879
Premium Apartment in Kolkata,"Kolkata, WB",Apartment,3061,1,3,2006,"Gym,Garden,Parking,Security",1001863
Premium Villa in Chennai,"Chennai, TN",Villa,2363,2,1,1990,"WiFi,Gym",1325717
Premium Apartment in Delhi,"Delhi, DL",Apartment,3582,6,4,1990,"Security,WiFi,Gym",2742741
Premium Villa in Kolkata,"Kolkata, WB",Villa,4366,6,4,1991,"WiFi,Security",2369297
Premium Condo in Hyderabad,"Hyderabad, TS",Condo,1980,2,4,2005,Parking,793220
Premium Villa in Ahmedabad,"Ahmedabad, GJ",Villa,1755,2,1,1998,"Garden,Pool,WiFi",1016719
Premium Villa in Kolkata,"Kolkata, WB",Villa,1248,4,1,2006,"Security,Pool,WiFi",803625
Premium Townhouse in Bangalore,"Bangalore, KA",Townhouse,3194,3,1,1990,"Security,WiFi",1702452
Premium Villa in Kolkata,"Kolkata, WB",Villa,4724,3,1,2016,"Pool,Garden,Security",2359669
Premium Apartment in Ahmedabad,"Ahmedabad, GJ",Apartment,2149,2,3,1981,Garden,798259
Premium Penthouse in Kolkata,"Kolkata, WB",Penthouse,4556,6,2,2001,"Security,Parking",3498471
Premium Condo in Hyderabad,"Hyderabad, TS",Condo,2423,1,1,1990,"Parking,Gym,Pool,Garden,WiFi",784896
Premium Villa in Mumbai,"Mumbai, MH",Villa,3059,4,3,2001,"Gym,Pool,Security,WiFi",3837769
Premium Townhouse in Ahmedabad,"Ahmedabad, GJ",Townhouse,3127,5,1,1986,Garden,1259805
Premium Penthouse in Mumbai,"Mumbai, MH",Penthouse,3792,1,4,1988,"WiFi,Parking,Pool,Garden",4952545
Premium Villa in Ahmedabad,"Ahmedabad, GJ",Villa,2500,1,4,2023,"Pool,WiFi",1197997
Premium Apartment in Ahmedabad,"Ahmedabad, GJ",Apartment,2733,5,2,2009,"Parking,Garden,Security,WiFi",1036794
Premium Penthouse in Ahmedabad,"Ahmedabad, GJ",Penthouse,1670,5,1,2021,"Gym,Pool,WiFi,Parking,Garden",1545107
Premium Townhouse in Pune,"Pune, MH",Townhouse,3988,1,3,2002,"Gym,Garden",1326617
Premium Apartment in Kolkata,"Kolkata, WB",Apartment,2389,4,2,2022,"WiFi,Parking,Security,Gym",914397
Premium Townhouse in Pune,"Pune, MH",Townhouse,575,2,4,2023,"Gym,Security,Garden",381660
Premium Condo in Ahmedabad,"Ahmedabad, GJ",Condo,2688,1,4,2018,"Garden,Security,Parking",962733
Premium Penthouse in Hyderabad,"Hyderabad, TS",Penthouse,1563,5,2,1984,"Garden,Pool,Security",1502733
Premium Apartment in Bangalore,"Bangalore, KA",Apartment,2390,5,2,1982,"Parking,Pool,WiFi,Garden,Security",1459810
Premium Penthouse in Kolkata,"Kolkata, WB",Penthouse,1013,2,3,2017,"Parking,Security",889806
Premium Penthouse in Ahmedabad,"Ahmedabad, GJ",Penthouse,2847,6,4,2019,"Gym,WiFi,Pool,Garden",2605396
Premium Condo in Ahmedabad,"Ahmedabad, GJ",Condo,2340,3,3,1996,"Pool,Security",881051
Premium Apartment in Hyderabad,"Hyderabad, TS",Apartment,3429,2,2,1981,"WiFi,Gym,Security,Garden,Parking",1086906
Premium Apartment in Bangalore,"Bangalore, KA",Apartment,4176,1,1,1984,WiFi,1959795
Premium Townhouse in Delhi,"Delhi, DL",Townhouse,4490,2,4,2012,"Gym,Garden",2751830
Premium Apartment in Pune,"Pune, MH",Apartment,2607,1,2,2010,"WiFi,Security,Pool,Gym,Garden",886085
Premium Townhouse in Chennai,"Chennai, TN",Townhouse,1450,2,4,1997,"Gym,Security,Garden,WiFi,Parking",639210
Premium Townhouse in Bangalore,"Bangalore, KA",Townhouse,2991,3,1,1996,Garden,1455939
Premium Villa in Mumbai,"Mumbai, MH",Villa,3496,1,2,2000,"Security,WiFi,Garden,Pool",3412499
Premium Condo in Ahmedabad,"Ahmedabad, GJ",Condo,1640,6,3,2000,"WiFi,Garden,Parking",770573
Premium Apartment in Delhi,"Delhi, DL",Apartment,1645,6,4,1991,"Gym,WiFi,Security,Pool,Parking",1501452
Premium Townhouse in Ahmedabad,"Ahmedabad, GJ",Townhouse,4035,5,2,2014,"WiFi,Pool",1640162
Premium Condo in Hyderabad,"Hyderabad, TS",Condo,2353,5,4,2015,Gym,960428
Premium Apartment in Bangalore,"Bangalore, KA",Apartment,2810,5,4,2004,"Parking,Security,WiFi",1872607
Premium Apartment in Mumbai,"Mumbai, MH",Apartment,1262,3,3,1981,Parking,1071632
Premium Condo in Delhi,"Delhi, DL",Condo,3672,4,4,2017,"Pool,Garden,Security,Gym,WiFi",2565702
Premium Apartment in Kolkata,"Kolkata, WB",Apartment,4517,5,4,1994,"Parking,Garden,Gym",1656573
Premium Townhouse in Pune,"Pune, MH",Townhouse,4096,2,1,2001,Parking,1315007
Premium Villa in Mumbai,"Mumbai, MH",Villa,1904,2,1,1982,Pool,2232265
Premium Penthouse in Chennai,"Chennai, TN",Penthouse,545,3,1,2006,"Gym,Pool,Parking,WiFi,Garden",681222
Premium Condo in Pune,"Pune, MH",Condo,3103,4,3,2004,"Security,WiFi,Gym,Pool",1234193
Premium Apartment in Kolkata,"Kolkata, WB",Apartment,942,4,3,2024,"Pool,WiFi",504766
Premium Villa in Kolkata,"Kolkata, WB",Villa,4890,1,2,1981,"Pool,WiFi",2270558
Premium Villa in Hyderabad,"Hyderabad, TS",Villa,3892,1,2,1984,"WiFi,Garden,Pool",1882738
Premium Villa in Ahmedabad,"Ahmedabad, GJ",Villa,1415,3,4,1987,"WiFi,Parking,Pool,Garden,Gym",1052701
Premium Villa in Bangalore,"Bangalore, KA",Villa,4226,5,4,1989,"Security,Parking,Garden",3807685
Premium Penthouse in Kolkata,"Kolkata, WB",Penthouse,803,1,2,2018,"Security,Parking",597742
Premium Penthouse in Chennai,"Chennai, TN",Penthouse,3464,1,3,2011,WiFi,2494577
Premium Condo in Mumbai,"Mumbai, MH",Condo,1648,2,1,1993,"Pool,WiFi",1285767
Premium Townhouse in Mumbai,"Mumbai, MH",Townhouse,2394,5,2,1983,"Garden,Security,Parking",1949313
Premium Condo in Delhi,"Delhi, DL",Condo,4772,4,3,2017,Security,3140410
Premium Townhouse in Ahmedabad,"Ahmedabad, GJ",Townhouse,2775,5,2,1984,"Pool,WiFi,Gym,Parking,Security",1033819
Premium Apartment in Kolkata,"Kolkata, WB",Apartment,1562,3,3,2008,"Parking,Gym",716924
Premium Townhouse in Hyderabad,"Hyderabad, TS",Townhouse,4212,3,1,1999,Parking,1472412
Premium Townhouse in Hyderabad,"Hyderabad, TS",Townhouse,1204,5,3,1998,Security,700629
Premium Penthouse in Ahmedabad,"Ahmedabad, GJ",Penthouse,852,2,2,1989,WiFi,717268
Premium Condo in Kolkata,"Kolkata, WB",Condo,1400,5,2,1990,"WiFi,Pool",643910
Premium Townhouse in Pune,"Pune, MH",Townhouse,4891,5,3,2002,"WiFi,Garden",1810438
Premium Apartment in Chennai,"Chennai, TN",Apartment,3820,2,4,2015,WiFi,1369068
Premium Penthouse in Ahmedabad,"Ahmedabad, GJ",Penthouse,2474,3,1,2009,"Gym,Security",1681426
Premium Townhouse in Bangalore,"Bangalore, KA",Townhouse,1262,6,3,2008,"Pool,WiFi,Parking",1133473
Premium Apartment in Kolkata,"Kolkata, WB",Apartment,1895,3,2,1980,"Pool,Security,Parking,Garden,WiFi",800142
Premium Penthouse in Kolkata,"Kolkata, WB",Penthouse,3747,2,3,1999,"Parking,Garden,Gym",2822590
Premium Villa in Mumbai,"Mumbai, MH",Villa,4134,6,1,1996,"Parking,Gym,Security,Pool,WiFi",5127657
Premium Apartment in Chennai,"Chennai, TN",Apartment,1148,5,1,1999,"Gym,Security,Garden",577856
Premium Penthouse in Kolkata,"Kolkata, WB",Penthouse,3108,1,2,2020,"Parking,Garden,Pool,WiFi,Security",2190538
Premium Townhouse in Ahmedabad,"Ahmedabad, GJ",Townhouse,4625,4,1,1996,"WiFi,Parking,Pool,Gym,Security",1600833
Premium Penthouse in Kolkata,"Kolkata, WB",Penthouse,3469,5,1,2014,"Garden,Gym",2627203
Premium Townhouse in Mumbai,"Mumbai, MH",Townhouse,3760,6,1,1990,"Garden,Parking",2732379
Premium Apartment in Chennai,"Chennai, TN",Apartment,1495,6,4,2016,Garden,747242
Premium Apartment in Pune,"Pune, MH",Apartment,1303,5,1,2016,WiFi,687716
Premium Villa in Ahmedabad,"Ahmedabad, GJ",Villa,3836,2,1,2007,"Parking,Garden,Security,Gym,WiFi",1794437
Premium Townhouse in Hyderabad,"Hyderabad, TS",Townhouse,1723,6,3,1993,"Pool,WiFi,Gym,Security,Parking",889000
Premium Penthouse in Delhi,"Delhi, DL",Penthouse,807,1,4,2020,"Garden,Parking,Gym,Security,WiFi",1392407
Premium Villa in Bangalore,"Bangalore, KA",Villa,2975,1,2,1984,"WiFi,Pool",2041574
Premium Villa in Delhi,"Delhi, DL",Villa,1794,4,3,1995,Garden,2270803
Premium Condo in Delhi,"Delhi, DL",Condo,3709,2,1,1981,"Parking,Garden",2041405
Premium Apartment in Mumbai,"Mumbai, MH",Apartment,4561,4,3,2024,"Security,Parking,Pool,Garden,Gym",3522151
Premium Condo in Ahmedabad,"Ahmedabad, GJ",Condo,2688,5,2,1986,"Parking,WiFi,Garden",998007
Premium Condo in Hyderabad,"Hyderabad, TS",Condo,1444,2,2,2007,"Security,Parking,Pool,Gym,Garden",594296
Premium Apartment in Chennai,"Chennai, TN",Apartment,916,3,4,1993,"Security,Parking,Gym,Pool",470390
Premium Villa in Mumbai,"Mumbai, MH",Villa,4046,6,1,1980,"Parking,Security",4345027
Premium Condo in Bangalore,"Bangalore, KA",Condo,3285,6,1,1999,"WiFi,Parking",2069907
Premium Apartment in Mumbai,"Mumbai, MH",Apartment,2720,1,4,1994,"Security,Garden,Gym,Pool,WiFi",1958453
Premium Villa in Delhi,"Delhi, DL",Villa,2093,2,2,1994,"Parking,WiFi,Security,Pool,Garden",1900420
Premium Penthouse in Pune,"Pune, MH",Penthouse,3371,4,4,2002,"Parking,Garden,Pool,WiFi",2377891
Premium Villa in Kolkata,"Kolkata, WB",Villa,4035,2,1,2015,"Garden,Security",1933241
Premium Condo in Pune,"Pune, MH",Condo,3270,4,4,2022,"Security,WiFi,Pool,Garden",1169141
Premium Townhouse in Delhi,"Delhi, DL",Townhouse,1079,5,4,2018,"Garden,Pool,Gym,Parking",1080637
Premium Condo in Mumbai,"Mumbai, MH",Condo,3541,5,4,2010,Security,2884332
Premium Townhouse in Bangalore,"Bangalore, KA",Townhouse,577,6,1,1992,"Pool,Gym",790343
Premium Apartment in Pune,"Pune, MH",Apartment,2344,4,1,2024,"WiFi,Security,Parking",887857
Premium Condo in Mumbai,"Mumbai, MH",Condo,1763,2,3,1991,"WiFi,Pool,Gym,Garden,Parking",1410684
Premium Condo in Pune,"Pune, MH",Condo,1539,4,4,1989,"WiFi,Gym,Security,Garden",702125
Premium Condo in Hyderabad,"Hyderabad, TS",Condo,4436,4,3,1988,WiFi,1500313
Premium Apartment in Mumbai,"Mumbai, MH",Apartment,1707,5,1,2006,"Pool,Parking,Garden,Security,Gym",1443058
Premium Townhouse in Mumbai,"Mumbai, MH",Townhouse,2136,2,2,1980,"Gym,Garden,Pool,Security",1631720
Premium Apartment in Hyderabad,"Hyderabad, TS",Apartment,3501,4,3,2009,"Garden,Security,Gym,Pool,WiFi",1434478
Premium Penthouse in Chennai,"Chennai, TN",Penthouse,1231,3,3,2015,Garden,1269973
Premium Townhouse in Kolkata,"Kolkata, WB",Townhouse,2145,3,4,2004,"Garden,Pool,WiFi,Gym",939670
Premium Condo in Chennai,"Chennai, TN",Condo,4050,2,3,1994,"WiFi,Security,Parking,Gym,Garden",1392704
Premium Apartment in Hyderabad,"Hyderabad, TS",Apartment,1786,2,4,2023,Garden,749590
Premium Apartment in Chennai,"Chennai, TN",Apartment,1894,6,3,2000,Pool,843334
Premium Apartment in Delhi,"Delhi, DL",Apartment,4811,5,3,1994,"Parking,Pool",3069323
Premium Penthouse in Pune,"Pune, MH",Penthouse,3016,4,1,2021,"Parking,WiFi,Gym,Security,Garden",2050965
Premium Townhouse in Bangalore,"Bangalore, KA",Townhouse,4054,1,3,1980,"Parking,WiFi,Gym,Pool",1838985
Premium Townhouse in Bangalore,"Bangalore, KA",Townhouse,4144,4,1,2017,"Pool,Parking,Gym,Garden,WiFi",2260600
Premium Condo in Bangalore,"Bangalore, KA",Condo,4193,6,1,1980,"WiFi,Garden,Parking",2396362
Premium Penthouse in Pune,"Pune, MH",Penthouse,596,5,1,2003,"Gym,Garden,Pool,Security,WiFi",895316
Premium Condo in Pune,"Pune, MH",Condo,3484,3,4,1991,"WiFi,Security",1288081
Premium Townhouse in Ahmedabad,"Ahmedabad, GJ",Townhouse,4943,5,4,1990,Gym,1718575
Premium Apartment in Mumbai,"Mumbai, MH",Apartment,3004,2,1,2020,Garden,2219981
Premium Villa in Pune,"Pune, MH",Villa,583,6,4,2008,"Security,WiFi,Garden,Gym",906855
Premium Penthouse in Mumbai,"Mumbai, MH",Penthouse,1024,1,3,2007,"Garden,WiFi,Parking,Pool",1728212
Premium Penthouse in Delhi,"Delhi, DL",Penthouse,1983,4,1,2020,Gym,2782493
Premium Townhouse in Hyderabad,"Hyderabad, TS",Townhouse,1860,4,4,2021,"Garden,Pool,WiFi,Parking,Gym",826321
Premium Townhouse in Chennai,"Chennai, TN",Townhouse,3287,2,3,2020,WiFi,1239323
Premium Penthouse in Delhi,"Delhi, DL",Penthouse,913,1,3,2005,"Garden,Gym,WiFi,Security",1398510
Premium Penthouse in Kolkata,"Kolkata, WB",Penthouse,3412,5,4,1999,"Garden,WiFi,Parking",2691062
Premium Penthouse in Mumbai,"Mumbai, MH",Penthouse,3478,3,1,1994,"Security,Gym",5199291
Premium Condo in Chennai,"Chennai, TN",Condo,2187,3,2,2011,"Security,WiFi",784163
Premium Apartment in Mumbai,"Mumbai, MH",Apartment,3285,1,3,1980,"Parking,Gym",2057613
Premium Condo in Mumbai,"Mumbai, MH",Condo,518,3,4,2013,Gym,815723
Premium Townhouse in Chennai,"Chennai, TN",Townhouse,3727,6,4,1998,"Parking,Security,Garden,Gym,Pool",1355324
Premium Townhouse in Chennai,"Chennai, TN",Townhouse,4946,4,2,1984,Parking,1784689
Premium Apartment in Chennai,"Chennai, TN",Apartment,1646,2,1,2009,Pool,607968
Premium Townhouse in Mumbai,"Mumbai, MH",Townhouse,1304,6,3,1993,Gym,1357804
Premium Condo in Delhi,"Delhi, DL",Condo,4468,3,4,1990,"Gym,Parking,Garden,Pool,WiFi",3063405
Premium Apartment in Mumbai,"Mumbai, MH",Apartment,3614,6,4,2014,"Parking,WiFi,Gym,Pool",2898286
Premium Condo in Bangalore,"Bangalore, KA",Condo,3899,3,4,1988,"Gym,WiFi,Pool",1990872
Premium Townhouse in Ahmedabad,"Ahmedabad, GJ",Townhouse,773,2,3,2010,Pool,363564
Premium Villa in Bangalore,"Bangalore, KA",Villa,613,4,2,1990,"Pool,Parking,Gym,WiFi",1013203
Premium Villa in Ahmedabad,"Ahmedabad, GJ",Villa,3766,3,3,1998,Parking,1903506
Premium Townhouse in Delhi,"Delhi, DL",Townhouse,1535,1,1,1980,"Garden,Parking,WiFi",903969
Premium Villa in Chennai,"Chennai, TN",Villa,1116,2,4,1983,"Parking,Pool,WiFi,Gym",757984
Premium Penthouse in Mumbai,"Mumbai, MH",Penthouse,1974,4,3,1984,"Parking,WiFi,Gym",3600665
Premium Condo in Bangalore,"Bangalore, KA",Condo,1158,5,4,2005,"Parking,Garden,Gym,WiFi,Pool",1068070
Premium Condo in Kolkata,"Kolkata, WB",Condo,2540,4,1,2018,"Pool,Security,Gym,Garden,Parking",961843
Premium Townhouse in Chennai,"Chennai, TN",Townhouse,604,4,1,2004,Garden,387830
Premium Villa in Pune,"Pune, MH",Villa,3103,4,2,2016,WiFi,1835553
Premium Condo in Delhi,"Delhi, DL",Condo,4861,5,1,1989,"Gym,Parking,Pool,Security,Garden",3417400
Premium Apartment in Ahmedabad,"Ahmedabad, GJ",Apartment,1313,6,1,2009,"Pool,Security",744823
Premium Penthouse in Mumbai,"Mumbai, MH",Penthouse,4196,2,4,1996,"Pool,Gym,Garden,Parking",5746907
Premium Penthouse in Bangalore,"Bangalore, KA",Penthouse,2400,4,1,1981,"Pool,Gym,Parking,Garden,WiFi",2752824
Premium Penthouse in Bangalore,"Bangalore, KA",Penthouse,4911,4,1,2015,"Security,Pool,Garden,Gym,WiFi",4831235
Premium Townhouse in Chennai,"Chennai, TN",Townhouse,4524,3,4,2002,"Pool,WiFi,Parking",1697015
Premium Villa in Bangalore,"Bangalore, KA",Villa,4544,5,4,2009,"Security,Garden,Pool",3808242
Premium Penthouse in Ahmedabad,"Ahmedabad, GJ",Penthouse,2004,1,4,1992,"Garden,WiFi,Security",1558109
Premium Villa in Bangalore,"Bangalore, KA",Villa,3231,4,4,2008,"Parking,Gym,Security",2529983
Premium Condo in Bangalore,"Bangalore, KA",Condo,1458,2,4,1998,Garden,981914
Premium Villa in Mumbai,"Mumbai, MH",Villa,3849,6,1,1982,"WiFi,Pool,Gym",4223731
Premium Apartment in Bangalore,"Bangalore, KA",Apartment,4027,4,4,2013,"Pool,WiFi,Gym,Parking",2334074
Premium Condo in Pune,"Pune, MH",Condo,4690,5,4,1998,"WiFi,Parking,Garden",1804677
Premium Condo in Ahmedabad,"Ahmedabad, GJ",Condo,3745,4,1,2004,"Garden,Security,WiFi",1461927
Premium Condo in Kolkata,"Kolkata, WB",Condo,2669,2,2,2008,"Gym,Security,WiFi,Parking,Garden",901960
Premium Townhouse in Chennai,"Chennai, TN",Townhouse,3641,2,1,2017,"Security,Parking",1144800
Premium Townhouse in Hyderabad,"Hyderabad, TS",Townhouse,3547,3,1,1991,Garden,1199950
Premium Condo in Ahmedabad,"Ahmedabad, GJ",Condo,2703,5,2,2015,"Garden,Security,Gym",1088463
Premium Apartment in Chennai,"Chennai, TN",Apartment,1565,3,3,2008,"Security,Gym",733656
Premium Apartment in Ahmedabad,"Ahmedabad, GJ",Apartment,603,5,1,1995,"Pool,Garden,Parking,Security,WiFi",407741
Premium Condo in Hyderabad,"Hyderabad, TS",Condo,1797,4,1,2020,"Parking,Garden,Security",709135
Premium Apartment in Bangalore,"Bangalore, KA",Apartment,1587,4,1,2006,"WiFi,Parking,Gym",950655
Premium Townhouse in Hyderabad,"Hyderabad, TS",Townhouse,4135,3,4,2022,Pool,1355489
Premium Condo in Bangalore,"Bangalore, KA",Condo,4780,3,1,2021,"Parking,Pool,Gym,Garden,WiFi",2570608
Premium Condo in Bangalore,"Bangalore, KA",Condo,2968,1,2,2010,"WiFi,Gym,Pool",1590202
Premium Villa in Hyderabad,"Hyderabad, TS",Villa,1443,1,2,2003,"Parking,Security",753191
Premium Apartment in Delhi,"Delhi, DL",Apartment,2391,2,3,2008,"Security,Pool,WiFi",1614001
Premium Townhouse in Mumbai,"Mumbai, MH",Townhouse,4260,5,1,2017,"Security,Garden,WiFi,Pool,Parking",3193096
Premium Villa in Hyderabad,"Hyderabad, TS",Villa,3148,2,2,1984,"Garden,Security,WiFi,Gym,Pool",1782806
Premium Townhouse in Ahmedabad,"Ahmedabad, GJ",Townhouse,4303,6,4,1993,"Pool,Garden,WiFi,Security,Gym",1577802
Premium Condo in Hyderabad,"Hyderabad, TS",Condo,3249,4,1,2024,"Security,Gym",1158050
Premium Penthouse in Delhi,"Delhi, DL",Penthouse,2928,6,2,1990,"Security,Pool,Parking,WiFi,Garden",4785694
Premium Apartment in Mumbai,"Mumbai, MH",Apartment,2395,6,1,1994,"WiFi,Parking,Security",1877862
Premium Penthouse in Kolkata,"Kolkata, WB",Penthouse,506,5,4,1989,Pool,872317
Premium Villa in Kolkata,"Kolkata, WB",Villa,1998,6,2,2007,"Pool,Garden,Parking,Security,Gym",1539957
Premium Villa in Ahmedabad,"Ahmedabad, GJ",Villa,2745,4,1,1986,WiFi,1507031
Premium Penthouse in Kolkata,"Kolkata, WB",Penthouse,997,3,4,1994,Parking,1038689
Premium Condo in Delhi,"Delhi, DL",Condo,2338,6,2,1992,"Pool,WiFi,Garden,Parking",1955702
Premium Penthouse in Pune,"Pune, MH",Penthouse,1929,3,1,1995,Security,1467268
Premium Condo in Ahmedabad,"Ahmedabad, GJ",Condo,3950,1,1,2011,"WiFi,Parking,Security,Gym",1188336
Premium Penthouse in Mumbai,"Mumbai, MH",Penthouse,4361,6,3,2023,Pool,6772664
Premium Apartment in Kolkata,"Kolkata, WB",Apartment,4523,1,1,2002,"Parking,Gym,Garden,WiFi,Pool",1521733
Premium Townhouse in Bangalore,"Bangalore, KA",Townhouse,2425,1,1,2011,"Garden,Security,Parking,WiFi,Gym",1078552
Premium Condo in Mumbai,"Mumbai, MH",Condo,3221,1,3,2010,"Gym,WiFi,Pool,Security",2031701
Premium Townhouse in Bangalore,"Bangalore, KA",Townhouse,4039,6,1,2010,"Security,Pool,Garden,Gym,Parking",2325527
Premium Condo in Chennai,"Chennai, TN",Condo,603,2,2,2004,Gym,345327
Premium Condo in Pune,"Pune, MH",Condo,3497,1,3,1992,"WiFi,Security,Garden,Gym,Pool",1227364
Premium Villa in Pune,"Pune, MH",Villa,1225,1,3,1980,"Parking,Gym",786763
Premium Condo in Hyderabad,"Hyderabad, TS",Condo,4253,5,3,1997,"WiFi,Parking",1544883
Premium Condo in Pune,"Pune, MH",Condo,1764,5,3,2016,Security,904241
Premium Townhouse in Delhi,"Delhi, DL",Townhouse,4050,5,2,2015,"Garden,Gym",2789928
Premium Apartment in Delhi,"Delhi, DL",Apartment,3270,2,3,1998,WiFi,1852230
Premium Apartment in Ahmedabad,"Ahmedabad, GJ",Apartment,4103,1,2,1991,"Gym,Security",1291209
Premium Townhouse in Ahmedabad,"Ahmedabad, GJ",Townhouse,4273,2,1,1981,"Garden,Gym,Pool,Parking",1332322
Premium Apartment in Hyderabad,"Hyderabad, TS",Apartment,1878,4,1,2008,"Parking,Security",724375
Premium Townhouse in Kolkata,"Kolkata, WB",Townhouse,3069,2,4,2000,"WiFi,Pool",1193755
Premium Villa in Kolkata,"Kolkata, WB",Villa,3685,5,3,2019,"Security,Parking",2152440
Premium Penthouse in Pune,"Pune, MH",Penthouse,3932,4,1,1991,"Parking,Pool,Garden",3041404
Premium Villa in Pune,"Pune, MH",Villa,4917,4,3,1987,"WiFi,Pool",2428019
Premium Penthouse in Mumbai,"Mumbai, MH",Penthouse,1418,3,2,2020,Security,2601780
Premium Condo in Kolkata,"Kolkata, WB",Condo,3891,6,3,2021,"Pool,Parking,Gym",1543607
Premium Condo in Chennai,"Chennai, TN",Condo,1694,6,4,2023,"WiFi,Gym,Security",886437
Premium Apartment in Bangalore,"Bangalore, KA",Apartment,3658,6,3,1997,"Pool,Gym,Garden,WiFi",2182354
Premium Condo in Chennai,"Chennai, TN",Condo,2601,5,4,2020,"Pool,Security,Gym,Garden,WiFi",1144216
Premium Condo in Kolkata,"Kolkata, WB",Condo,2654,5,2,2009,"Parking,Pool",1139132
Premium Villa in Mumbai,"Mumbai, MH",Villa,3930,5,2,1982,"Parking,Garden",4822868
Premium Townhouse in Pune,"Pune, MH",Townhouse,930,4,4,1996,"Gym,WiFi",549260
Premium Condo in Delhi,"Delhi, DL",Condo,2566,4,2,1995,"Parking,Pool",1697334
Premium Condo in Ahmedabad,"Ahmedabad, GJ",Condo,548,1,4,2018,Gym,275759
Premium Apartment in Mumbai,"Mumbai, MH",Apartment,4231,6,3,2001,"Parking,Security,Pool,Gym,Garden",3445072
Premium Penthouse in Pune,"Pune, MH",Penthouse,4535,3,3,2006,"Pool,Gym,Security,Parking",3444897
Premium Villa in Hyderabad,"Hyderabad, TS",Villa,1917,6,1,2019,"Security,Parking,Pool",1371816
Premium Villa in Chennai,"Chennai, TN",Villa,2323,5,3,2002,"Parking,Pool,Gym",1544158
Premium Townhouse in Bangalore,"Bangalore, KA",Townhouse,2322,6,4,2019,"Pool,Security",1685126
Premium Condo in Delhi,"Delhi, DL",Condo,1579,3,2,1990,"WiFi,Garden,Security,Gym",1152967
Premium Villa in Bangalore,"Bangalore, KA",Villa,3284,3,3,2004,"Pool,Parking,Garden",2676987
Premium Condo in Bangalore,"Bangalore, KA",Condo,721,3,1,2006,"Garden,Gym,WiFi,Parking,Pool",570739
Premium Penthouse in Mumbai,"Mumbai, MH",Penthouse,1639,5,2,2014,"Garden,Parking,WiFi,Gym,Pool",3094573
Premium Apartment in Bangalore,"Bangalore, KA",Apartment,3782,6,1,1994,Gym,2284589
Premium Penthouse in Bangalore,"Bangalore, KA",Penthouse,3534,6,1,2020,"Security,Pool,Garden,WiFi",3920598
Premium Condo in Bangalore,"Bangalore, KA",Condo,4530,6,3,1981,Pool,2821037
Premium Condo in Chennai,"Chennai, TN",Condo,3930,2,3,2001,"Garden,Pool,WiFi,Gym,Security",1373516
Premium Villa in Bangalore,"Bangalore, KA",Villa,3874,1,1,1985,"Garden,Security,Pool,WiFi",3031656
Premium Villa in Ahmedabad,"Ahmedabad, GJ",Villa,1166,5,2,2002,Garden,949281
Premium Penthouse in Kolkata,"Kolkata, WB",Penthouse,3805,2,3,2017,Parking,2715922
Premium Townhouse in Pune,"Pune, MH",Townhouse,3843,3,1,1998,Gym,1266484
Premium Penthouse in Mumbai,"Mumbai, MH",Penthouse,4335,5,2,2012,Security,6336707
Premium Townhouse in Chennai,"Chennai, TN",Townhouse,3473,2,3,2009,Garden,1277281
Premium Penthouse in Kolkata,"Kolkata, WB",Penthouse,3786,3,1,1980,"Gym,Pool,WiFi,Security,Parking",2359544
Premium Villa in Kolkata,"Kolkata, WB",Villa,2160,6,2,2018,"Garden,Security,Gym,Pool,WiFi",1394278
Premium Condo in Hyderabad,"Hyderabad, TS",Condo,2913,4,4,1986,WiFi,1184649
Premium Penthouse in Bangalore,"Bangalore, KA",Penthouse,2110,4,3,1985,"Parking,Pool,Gym,Security",2417944
Premium Villa in Ahmedabad,"Ahmedabad, GJ",Villa,2349,6,2,1999,"Security,Parking,Pool,WiFi,Garden",1622983
Premium Condo in Ahmedabad,"Ahmedabad, GJ",Condo,3760,3,1,2002,Gym,1299066
Premium Villa in Pune,"Pune, MH",Villa,992,5,1,1987,"Gym,Pool,WiFi,Parking,Garden",780215
Premium Apartment in Delhi,"Delhi, DL",Apartment,2927,5,1,2021,"Security,Gym,Pool",2062591
Premium Villa in Pune,"Pune, MH",Villa,4025,5,3,1982,"Parking,Garden",2169688
Premium Townhouse in Kolkata,"Kolkata, WB",Townhouse,959,5,4,2022,"Parking,Garden,Security",556225
Premium Apartment in Mumbai,"Mumbai, MH",Apartment,819,4,2,1981,"Pool,Parking,Security,Gym,Garden",1028885
Premium Penthouse in Mumbai,"Mumbai, MH",Penthouse,1162,2,1,2004,"Pool,Parking,Security,WiFi",1782428
Premium Villa in Hyderabad,"Hyderabad, TS",Villa,3131,2,3,2002,"Pool,Parking",1495448
Premium Apartment in Kolkata,"Kolkata, WB",Apartment,4045,6,3,2018,Garden,1416708
Premium Condo in Pune,"Pune, MH",Condo,2555,5,4,1989,"Garden,Security,WiFi,Pool",1142660
Premium Condo in Hyderabad,"Hyderabad, TS",Condo,1968,5,3,2008,"Gym,Garden,Security,Pool",913692
Premium Villa in Delhi,"Delhi, DL",Villa,4617,4,1,1985,"WiFi,Security",4724915
Premium Villa in Pune,"Pune, MH",Villa,4990,4,4,1982,"WiFi,Parking,Gym,Security",2767942
Premium Apartment in Hyderabad,"Hyderabad, TS",Apartment,1038,5,4,2011,"Pool,Garden,Security,WiFi,Gym",633896
Premium Penthouse in Mumbai,"Mumbai, MH",Penthouse,1617,5,3,1987,"Pool,Security",3428138
Premium Apartment in Hyderabad,"Hyderabad, TS",Apartment,4710,6,3,2006,"WiFi,Garden,Parking",1941420
Premium Apartment in Bangalore,"Bangalore, KA",Apartment,2631,3,3,1989,"Security,Pool,Garden,WiFi",1637835
Premium Townhouse in Mumbai,"Mumbai, MH",Townhouse,3805,4,2,2002,"Parking,WiFi,Gym",2836262
Premium Villa in Hyderabad,"Hyderabad, TS",Villa,3689,3,3,1983,"Garden,Gym,Security,Pool,Parking",2063576
Premium Apartment in Pune,"Pune, MH",Apartment,1270,1,4,1988,"WiFi,Pool,Garden,Security,Parking",526530
Premium Penthouse in Kolkata,"Kolkata, WB",Penthouse,984,2,3,1988,"Pool,Garden,Security,WiFi",870505
Premium Condo in Bangalore,"Bangalore, KA",Condo,2307,4,4,1984,"WiFi,Pool,Gym,Parking",1349734
Premium Townhouse in Bangalore,"Bangalore, KA",Townhouse,4604,6,2,1992,"Gym,Garden,WiFi,Pool,Parking",2531209
Premium Townhouse in Pune,"Pune, MH",Townhouse,968,6,3,1982,"Garden,Security,Parking,WiFi",601280
Premium Penthouse in Bangalore,"Bangalore, KA",Penthouse,2258,1,1,2014,Gym,2136924
Premium Villa in Kolkata,"Kolkata, WB",Villa,3674,3,3,2021,"Parking,Gym,Garden,WiFi",1937323
Premium Penthouse in Pune,"Pune, MH",Penthouse,906,3,4,1997,"Pool,Garden,Gym",991956
Premium Condo in Delhi,"Delhi, DL",Condo,1199,2,3,1992,"Garden,Parking,Security",1010345
Premium Villa in Ahmedabad,"Ahmedabad, GJ",Villa,2728,4,1,2007,"Parking,Garden,Gym",1652001
Premium Villa in Ahmedabad,"Ahmedabad, GJ",Villa,2323,3,1,2003,"Gym,WiFi",1368174
Premium Penthouse in Chennai,"Chennai, TN",Penthouse,4986,3,4,1984,"Security,Garden",3361820
Premium Condo in Chennai,"Chennai, TN",Condo,807,2,2,2023,"Pool,Garden,Parking,Gym",365749
Premium Townhouse in Mumbai,"Mumbai, MH",Townhouse,3844,4,3,1991,"WiFi,Pool,Parking",2959939
Premium Townhouse in Hyderabad,"Hyderabad, TS",Townhouse,4704,6,1,2003,"WiFi,Security,Gym,Garden,Pool",1772802
Premium Condo in Chennai,"Chennai, TN",Condo,4199,2,3,2014,"Parking,WiFi,Garden,Gym,Pool",1493531
Premium Condo in Ahmedabad,"Ahmedabad, GJ",Condo,2203,5,3,1994,"Parking,Pool,Garden",934783
Premium Villa in Ahmedabad,"Ahmedabad, GJ",Villa,1955,2,3,1986,"Parking,Pool,Security",1050467
Premium Townhouse in Chennai,"Chennai, TN",Townhouse,2013,6,1,2015,"Garden,WiFi",872734
Premium Penthouse in Hyderabad,"Hyderabad, TS",Penthouse,1346,5,1,2000,"Garden,Pool,Gym",1364217
Premium Penthouse in Pune,"Pune, MH",Penthouse,3568,1,4,2007,"Pool,Garden,Gym",2555620
Premium Condo in Delhi,"Delhi, DL",Condo,1819,5,3,2010,"Garden,Gym,Pool,Security,WiFi",1414473
Premium Villa in Pune,"Pune, MH",Villa,4167,4,4,2018,"Security,Pool,WiFi,Gym",2275999
Premium Penthouse in Delhi,"Delhi, DL",Penthouse,2334,5,4,1996,"Security,WiFi",3977262
Premium Apartment in Mumbai,"Mumbai, MH",Apartment,3250,3,3,1999,"Security,Gym,Pool,Parking,WiFi",2520375
Premium Condo in Hyderabad,"Hyderabad, TS",Condo,1327,4,2,1998,"Parking,Pool,Security,Garden",658588
Premium Penthouse in Ahmedabad,"Ahmedabad, GJ",Penthouse,2675,4,2,2000,"Garden,Pool",2284066
Premium Apartment in Pune,"Pune, MH",Apartment,3292,3,1,2023,"WiFi,Security,Gym,Garden",1083387
Premium Apartment in Chennai,"Chennai, TN",Apartment,2868,6,4,2008,"Parking,Gym",1158595
Premium Townhouse in Mumbai,"Mumbai, MH",Townhouse,1003,1,1,2008,"Gym,WiFi,Parking,Security",683732
Premium Townhouse in Hyderabad,"Hyderabad, TS",Townhouse,4471,3,2,2020,Security,1388950
Premium Townhouse in Hyderabad,"Hyderabad, TS",Townhouse,3919,3,4,1994,"Pool,Garden,Security",1356150
Premium Townhouse in Mumbai,"Mumbai, MH",Townhouse,4074,1,2,1983,WiFi,2671478
Premium Condo in Hyderabad,"Hyderabad, TS",Condo,701,5,2,1981,Parking,490354
Premium Villa in Ahmedabad,"Ahmedabad, GJ",Villa,3859,4,3,2009,"Security,Pool,Parking",2064107
Premium Apartment in Hyderabad,"Hyderabad, TS",Apartment,2366,3,2,1999,"Security,Gym",983317
Premium Villa in Pune,"Pune, MH",Villa,761,3,3,1996,"Parking,Garden,WiFi,Security",625087
Premium Townhouse in Pune,"Pune, MH",Townhouse,1456,3,4,2001,"Gym,Pool,WiFi,Parking,Garden",650396
Premium Penthouse in Chennai,"Chennai, TN",Penthouse,1380,4,4,2001,"WiFi,Pool,Parking",1457218
Premium Condo in Chennai,"Chennai, TN",Condo,4802,2,1,1986,"Gym,Security,WiFi,Parking",1464497
Premium Apartment in Mumbai,"Mumbai, MH",Apartment,2396,5,2,2002,"Parking,Gym,Garden,Pool",2077160
Premium Penthouse in Chennai,"Chennai, TN",Penthouse,4004,6,3,1998,"Garden,Security",2954697
Premium Penthouse in Delhi,"Delhi, DL",Penthouse,4344,5,2,1984,"Gym,Security,WiFi,Pool,Parking",5917625
Premium Penthouse in Delhi,"Delhi, DL",Penthouse,3093,3,1,1994,Security,3779759
Premium Villa in Delhi,"Delhi, DL",Villa,2835,3,1,2004,"Pool,WiFi,Garden,Gym",2700452
Premium Apartment in Hyderabad,"Hyderabad, TS",Apartment,3941,3,4,2008,"Pool,Garden,WiFi,Security,Parking",1295487
Premium Penthouse in Kolkata,"Kolkata, WB",Penthouse,2177,3,2,2015,"Gym,Parking,Pool,Garden,Security",1748408
Premium Townhouse in Bangalore,"Bangalore, KA",Townhouse,4918,5,4,2007,"WiFi,Parking,Security,Garden",2513831
Premium Condo in Kolkata,"Kolkata, WB",Condo,2326,1,4,1980,"WiFi,Garden,Security,Gym",882265
Premium Villa in Pune,"Pune, MH",Villa,2421,1,3,2000,"Pool,Parking",1209686
Premium Villa in Pune,"Pune, MH",Villa,973,5,1,2024,Gym,847971
Premium Condo in Pune,"Pune, MH",Condo,1364,4,1,2003,"Security,WiFi,Garden,Pool",566980
Premium Apartment in Delhi,"Delhi, DL",Apartment,4738,5,2,2020,"Security,Parking,WiFi",3050019
Premium Condo in Hyderabad,"Hyderabad, TS",Condo,4379,6,2,1982,"Garden,Pool,Gym,Parking",1713611
Premium Townhouse in Delhi,"Delhi, DL",Townhouse,1490,2,2,2008,"Parking,Garden,WiFi",1007532
Premium Villa in Ahmedabad,"Ahmedabad, GJ",Villa,4581,5,1,2007,"WiFi,Gym,Pool",2295861
Premium Penthouse in Pune,"Pune, MH",Penthouse,1416,2,4,2012,Pool,1275806
Premium Penthouse in Bangalore,"Bangalore, KA",Penthouse,3075,2,2,1987,"Parking,Security,WiFi,Pool,Garden",3290914
Premium Condo in Hyderabad,"Hyderabad, TS",Condo,555,3,3,1985,"Parking,Pool,Gym,Security",359783
Premium Apartment in Ahmedabad,"Ahmedabad, GJ",Apartment,3257,2,4,1990,"Parking,Security",1226353
Premium Penthouse in Hyderabad,"Hyderabad, TS",Penthouse,1242,1,3,1990,"WiFi,Gym,Parking,Pool",1025152
Premium Condo in Mumbai,"Mumbai, MH",Condo,2988,4,4,2005,Parking,2248733
Premium Condo in Delhi,"Delhi, DL",Condo,3505,3,4,2002,"Garden,Security,WiFi,Gym,Pool",2165521
Premium Condo in Kolkata,"Kolkata, WB",Condo,3760,1,1,2001,Pool,1107161
Premium Penthouse in Chennai,"Chennai, TN",Penthouse,3169,1,3,1996,"WiFi,Garden,Parking,Pool,Security",2274760
Premium Penthouse in Mumbai,"Mumbai, MH",Penthouse,3224,5,4,1981,"Gym,WiFi",5373771
Premium Penthouse in Chennai,"Chennai, TN",Penthouse,2145,1,4,2015,"Pool,Gym,Garden,Security",1598929
Premium Villa in Delhi,"Delhi, DL",Villa,1777,2,1,1980,"Gym,Garden,Parking",1853650
Premium Apartment in Bangalore,"Bangalore, KA",Apartment,974,5,4,2018,"Security,Gym,WiFi,Garden",861438
Premium Penthouse in Hyderabad,"Hyderabad, TS",Penthouse,1483,6,2,2012,"Garden,Gym,Parking,Security",1496132
Premium Townhouse in Hyderabad,"Hyderabad, TS",Townhouse,4434,1,4,2009,"Parking,WiFi,Security",1353204
Premium Condo in Pune,"Pune, MH",Condo,4408,1,4,2012,"Gym,Parking,Security,Garden,WiFi",1477045
Premium Condo in Mumbai,"Mumbai, MH",Condo,2725,2,1,1982,"Security,Pool,Garden",1884813
Premium Apartment in Mumbai,"Mumbai, MH",Apartment,2623,6,1,2007,Gym,2382181
Premium Condo in Bangalore,"Bangalore, KA",Condo,2632,5,4,2009,"Pool,Garden,WiFi,Gym",1587876
Premium Townhouse in Ahmedabad,"Ahmedabad, GJ",Townhouse,2582,1,4,2000,WiFi,985162
Premium Apartment in Chennai,"Chennai, TN",Apartment,2395,2,3,2017,"WiFi,Garden,Parking,Pool",922515
Premium Villa in Bangalore,"Bangalore, KA",Villa,3893,3,1,1992,"Pool,Gym,Security,Parking",3088165
Premium Penthouse in Bangalore,"Bangalore, KA",Penthouse,2208,6,3,1994,Security,2832807
Premium Condo in Ahmedabad,"Ahmedabad, GJ",Condo,3471,2,4,2013,Parking,1264487
Premium Townhouse in Ahmedabad,"Ahmedabad, GJ",Townhouse,2105,5,3,2019,"Parking,Security,Gym,WiFi,Pool",923763
Premium Villa in Delhi,"Delhi, DL",Villa,2921,6,2,1990,"Pool,Gym,Security",3577609
Premium Townhouse in Ahmedabad,"Ahmedabad, GJ",Townhouse,1686,3,4,2023,Parking,710058
Premium Condo in Ahmedabad,"Ahmedabad, GJ",Condo,3542,1,1,2015,"Gym,Garden",1085742
Premium Townhouse in Bangalore,"Bangalore, KA",Townhouse,2503,2,2,1993,"WiFi,Security",1266827
Premium Townhouse in Mumbai,"Mumbai, MH",Townhouse,4446,5,4,2001,"Security,WiFi,Garden",3115915
Premium Apartment in Pune,"Pune, MH",Apartment,3896,3,2,2008,"Garden,Pool,Parking",1256445
Premium Penthouse in Ahmedabad,"Ahmedabad, GJ",Penthouse,1684,3,2,2008,"Garden,Gym,Parking,Security",1427527
Premium Penthouse in Bangalore,"Bangalore, KA",Penthouse,1616,1,4,1987,"Pool,WiFi,Security",1968429
Premium Condo in Pune,"Pune, MH",Condo,2905,4,1,1999,"Parking,WiFi,Garden",1019674
Premium Apartment in Bangalore,"Bangalore, KA",Apartment,732,6,3,1992,"Pool,Parking,Garden,Gym,Security",879314
Premium Apartment in Ahmedabad,"Ahmedabad, GJ",Apartment,2999,5,2,1996,"WiFi,Garden",1293364
Premium Penthouse in Pune,"Pune, MH",Penthouse,4695,3,2,1989,"Pool,WiFi,Parking,Security",2962645
Premium Penthouse in Pune,"Pune, MH",Penthouse,885,1,3,2021,Security,804383
Premium Penthouse in Delhi,"Delhi, DL",Penthouse,2305,6,1,2022,"Security,Pool,Garden,Parking,WiFi",3567833
Premium Condo in Ahmedabad,"Ahmedabad, GJ",Condo,3772,1,3,1980,"Gym,Parking,Garden,Pool",1261746
Premium Townhouse in Delhi,"Delhi, DL",Townhouse,2051,4,4,1989,Security,1626119
Premium Townhouse in Kolkata,"Kolkata, WB",Townhouse,560,5,2,2011,"Gym,Garden,Security",449423
Premium Condo in Hyderabad,"Hyderabad, TS",Condo,2929,2,3,2015,"Security,Garden,WiFi,Gym,Pool",1034667
Premium Townhouse in Kolkata,"Kolkata, WB",Townhouse,3719,6,1,2016,"Gym,Pool,Garden,WiFi,Parking",1419413
Premium Villa in Hyderabad,"Hyderabad, TS",Villa,1009,1,2,1986,"Pool,Parking",602649
Premium Penthouse in Hyderabad,"Hyderabad, TS",Penthouse,786,1,4,1985,"Security,Gym,Parking",673884
Premium Penthouse in Delhi,"Delhi, DL",Penthouse,4602,6,1,1985,"Pool,Security,Garden,Parking",5996467
Premium Townhouse in Pune,"Pune, MH",Townhouse,673,2,1,1981,Gym,314849
Premium Condo in Delhi,"Delhi, DL",Condo,1958,5,4,2017,Gym,1553762
Premium Condo in Bangalore,"Bangalore, KA",Condo,3555,4,1,1992,Gym,1778413
Premium Villa in Chennai,"Chennai, TN",Villa,3551,2,1,2013,"Security,Pool,Parking",1759008
Premium Condo in Delhi,"Delhi, DL",Condo,4048,5,4,2002,"Parking,Gym,WiFi,Security,Garden",2981779
Premium Apartment in Chennai,"Chennai, TN",Apartment,3193,2,3,1998,"Parking,WiFi,Pool",1192360
Premium Villa in Ahmedabad,"Ahmedabad, GJ",Villa,1579,2,3,1989,"Gym,Garden,Pool,Security",920029
Premium Apartment in Delhi,"Delhi, DL",Apartment,1208,1,4,1984,"Parking,Security",866004
Premium Townhouse in Hyderabad,"Hyderabad, TS",Townhouse,617,2,3,1986,"Security,Garden,Pool,Gym,WiFi",349937
Premium Penthouse in Hyderabad,"Hyderabad, TS",Penthouse,1478,6,3,1985,"Pool,Garden,Gym",1589115
Premium Villa in Ahmedabad,"Ahmedabad, GJ",Villa,3857,4,2,1999,"Parking,Gym,Security",2216556
Premium Apartment in Mumbai,"Mumbai, MH",Apartment,3973,2,3,2014,"Security,Garden,WiFi,Parking,Pool",2765350
Premium Apartment in Chennai,"Chennai, TN",Apartment,731,1,4,1980,"WiFi,Security",351010
Premium Villa in Bangalore,"Bangalore, KA",Villa,4844,2,2,2020,"Pool,Security,Gym,Garden,WiFi",3870098
Premium Apartment in Mumbai,"Mumbai, MH",Apartment,4179,3,2,1995,"WiFi,Parking",3156090
Premium Condo in Chennai,"Chennai, TN",Condo,889,3,3,1995,"WiFi,Pool,Security",435233
Premium Apartment in Chennai,"Chennai, TN",Apartment,1397,6,4,1992,"Security,Parking,Gym,WiFi,Garden",830187
Premium Penthouse in Chennai,"Chennai, TN",Penthouse,1596,3,3,2009,"Security,WiFi,Parking,Garden",1248447
Premium Villa in Delhi,"Delhi, DL",Villa,2560,6,1,1981,"WiFi,Gym,Pool",2943276
Premium Villa in Ahmedabad,"Ahmedabad, GJ",Villa,1287,3,2,1994,"Parking,Pool",878415
Premium Villa in Mumbai,"Mumbai, MH",Villa,1874,6,4,1996,Gym,2880504
Premium Villa in Hyderabad,"Hyderabad, TS",Villa,3449,1,3,2023,Pool,1742838
Premium Townhouse in Pune,"Pune, MH",Townhouse,3868,3,2,2016,"Parking,Pool,WiFi,Garden",1396676
Premium Villa in Pune,"Pune, MH",Villa,1034,5,4,2001,"Gym,Parking",909106
Premium Penthouse in Ahmedabad,"Ahmedabad, GJ",Penthouse,4201,6,2,2008,"Security,Pool,WiFi,Gym",3096089
Premium Condo in Delhi,"Delhi, DL",Condo,915,3,4,2008,"Garden,Security",994966
Premium Condo in Bangalore,"Bangalore, KA",Condo,2657,6,1,2010,"Parking,WiFi,Pool,Garden",1797436
Premium Townhouse in Hyderabad,"Hyderabad, TS",Townhouse,4354,2,4,1982,"Security,Parking,Garden,Pool,WiFi",1410300
Premium Penthouse in Delhi,"Delhi, DL",Penthouse,1074,1,4,2008,"WiFi,Pool,Parking,Gym,Garden",1726907
Premium Villa in Pune,"Pune, MH",Villa,1297,6,3,1980,"Pool,Security,Gym,WiFi",1028059
Premium Condo in Delhi,"Delhi, DL",Condo,1694,1,2,2016,"Security,Parking,WiFi,Gym,Garden",998906
Premium Villa in Ahmedabad,"Ahmedabad, GJ",Villa,4886,6,1,2006,"Security,WiFi,Gym,Parking,Garden",2843538
Premium Villa in Delhi,"Delhi, DL",Villa,4967,2,1,2001,"Security,Pool,Garden,Parking,Gym",4560657
Premium Penthouse in Delhi,"Delhi, DL",Penthouse,1718,2,3,2023,"Gym,Security",2288810
Premium Villa in Delhi,"Delhi, DL",Villa,4943,2,2,2005,"Parking,Security",4142681
Premium Apartment in Pune,"Pune, MH",Apartment,3055,2,2,2017,Garden,1034761
Premium Condo in Chennai,"Chennai, TN",Condo,4795,6,3,2004,"Parking,Garden,WiFi,Security",1798398
Premium Townhouse in Ahmedabad,"Ahmedabad, GJ",Townhouse,4944,1,1,2002,"WiFi,Parking,Gym,Security",1656775
Premium Townhouse in Chennai,"Chennai, TN",Townhouse,2223,4,3,2014,"Security,Parking,Pool,Garden",1018150
Premium Villa in Delhi,"Delhi, DL",Villa,2747,1,2,1986,"Gym,Garden,Pool",2510396
Premium Townhouse in Hyderabad,"Hyderabad, TS",Townhouse,4590,6,3,2019,"WiFi,Garden,Pool",1796320
Premium Apartment in Delhi,"Delhi, DL",Apartment,3906,6,1,2011,"Parking,Gym,Pool,Security,Garden",2690597
Premium Townhouse in Bangalore,"Bangalore, KA",Townhouse,4638,3,1,2016,"WiFi,Security,Pool",2515935
Premium Penthouse in Pune,"Pune, MH",Penthouse,765,2,1,2020,"Gym,WiFi,Pool",657220
Premium Villa in Kolkata,"Kolkata, WB",Villa,4878,6,1,1995,"WiFi,Parking",2898172
Premium Apartment in Ahmedabad,"Ahmedabad, GJ",Apartment,667,6,1,1986,"Pool,Parking,WiFi,Garden,Gym",502424
Premium Penthouse in Pune,"Pune, MH",Penthouse,2745,6,3,2020,Security,2203806
Premium Apartment in Kolkata,"Kolkata, WB",Apartment,2251,6,3,1984,"Pool,WiFi,Parking,Garden,Gym",1035443
Premium Condo in Chennai,"Chennai, TN",Condo,3438,4,2,1996,"Gym,Security",1173321
Premium Townhouse in Hyderabad,"Hyderabad, TS",Townhouse,561,1,4,2013,"Pool,Garden",314413
Premium Townhouse in Pune,"Pune, MH",Townhouse,1382,6,3,2012,"Security,Gym,Garden,WiFi",708173
Premium Condo in Pune,"Pune, MH",Condo,1212,5,4,2007,"Garden,Gym,Pool",663362
Premium Villa in Pune,"Pune, MH",Villa,2522,3,1,2004,"Parking,Pool,Gym,WiFi,Security",1466602
Premium Penthouse in Bangalore,"Bangalore, KA",Penthouse,2783,2,1,2000,"Gym,Pool",2784759
Premium Condo in Chennai,"Chennai, TN",Condo,2990,6,1,2010,"Gym,Pool",1271179
Premium Villa in Pune,"Pune, MH",Villa,4787,5,3,1985,Security,2607965
Premium Townhouse in Bangalore,"Bangalore, KA",Townhouse,3473,2,1,2010,"Garden,Security",1606631
Premium Apartment in Kolkata,"Kolkata, WB",Apartment,2693,2,4,2019,"Garden,Pool,Gym,WiFi,Parking",959146
Premium Townhouse in Delhi,"Delhi, DL",Townhouse,3575,6,3,2021,"Parking,Pool,Gym",2822425
Premium Villa in Pune,"Pune, MH",Villa,4602,6,2,2020,"Gym,Parking,Garden,Security",2565595
Premium Apartment in Mumbai,"Mumbai, MH",Apartment,1910,1,4,1980,"Garden,WiFi,Parking,Gym",1496095
Premium Penthouse in Hyderabad,"Hyderabad, TS",Penthouse,3419,1,1,2023,"Security,Garden,WiFi,Gym",2320795
Premium Apartment in Delhi,"Delhi, DL",Apartment,2992,4,3,2003,"Garden,Parking,WiFi,Security",2233810
Premium Townhouse in Mumbai,"Mumbai, MH",Townhouse,1618,1,1,2017,Security,1014016
Premium Townhouse in Hyderabad,"Hyderabad, TS",Townhouse,915,4,1,1997,"Garden,Parking",530930
Premium Villa in Kolkata,"Kolkata, WB",Villa,748,2,2,2013,"WiFi,Gym,Security,Garden,Parking",503981
Premium Townhouse in Chennai,"Chennai, TN",Townhouse,916,5,2,1991,"WiFi,Pool",565514
Premium Penthouse in Hyderabad,"Hyderabad, TS",Penthouse,1699,2,2,2000,"Pool,Security,Parking,Garden,Gym",1350382
Premium Apartment in Mumbai,"Mumbai, MH",Apartment,3653,1,4,2015,"Pool,Security,Garden,WiFi,Parking",2649025
Premium Townhouse in Pune,"Pune, MH",Townhouse,4587,2,4,2000,"Pool,Parking,Garden",1526463
Premium Villa in Bangalore,"Bangalore, KA",Villa,2643,4,2,2017,"Garden,Parking,Pool",2107787
Premium Apartment in Kolkata,"Kolkata, WB",Apartment,4314,6,1,1996,"WiFi,Gym,Garden,Security,Parking",1653943
Premium Villa in Pune,"Pune, MH",Villa,4292,6,4,1993,"Security,Pool,Gym,Garden,WiFi",2339224
Premium Penthouse in Kolkata,"Kolkata, WB",Penthouse,3817,1,1,2008,"WiFi,Gym,Parking",2220001
Premium Townhouse in Mumbai,"Mumbai, MH",Townhouse,2906,1,1,2003,"Gym,Security,Parking,Pool,WiFi",1990607
Premium Villa in Chennai,"Chennai, TN",Villa,1876,3,2,1989,"Gym,WiFi,Parking,Security,Garden",1134609
Premium Townhouse in Chennai,"Chennai, TN",Townhouse,2960,1,4,2006,"WiFi,Garden,Parking",1048414
Premium Penthouse in Kolkata,"Kolkata, WB",Penthouse,1800,5,1,1985,"Parking,Security,Pool",1502316
Premium Townhouse in Kolkata,"Kolkata, WB",Townhouse,4111,1,3,2002,"WiFi,Security,Garden,Parking,Gym",1302934
Premium Apartment in Ahmedabad,"Ahmedabad, GJ",Apartment,745,2,2,1998,"Security,Garden,Parking,WiFi",396284
Premium Townhouse in Chennai,"Chennai, TN",Townhouse,2111,1,1,2017,"Security,Pool,Gym,Garden",663250
Premium Apartment in Mumbai,"Mumbai, MH",Apartment,911,1,3,1995,"Security,Pool,WiFi,Garden",709570
Premium Condo in Kolkata,"Kolkata, WB",Condo,4628,4,4,2013,"Pool,WiFi,Gym,Garden,Security",1702635
Premium Townhouse in Ahmedabad,"Ahmedabad, GJ",Townhouse,3546,1,1,1982,"Garden,Security,Parking,Gym,Pool",1099748
Premium Townhouse in Mumbai,"Mumbai, MH",Townhouse,2631,6,1,1998,"Security,WiFi,Pool,Gym,Parking",2369838
Premium Townhouse in Hyderabad,"Hyderabad, TS",Townhouse,3125,5,1,2017,WiFi,1146294
Premium Townhouse in Delhi,"Delhi, DL",Townhouse,3828,3,3,1991,"Security,Pool",2275872
Premium Townhouse in Kolkata,"Kolkata, WB",Townhouse,805,1,4,1990,"Parking,Garden",338108
Premium Townhouse in Chennai,"Chennai, TN",Townhouse,771,6,4,2014,"Gym,Parking",655875
Premium Penthouse in Hyderabad,"Hyderabad, TS",Penthouse,928,2,4,2012,"Garden,WiFi,Parking",927073
Premium Condo in Chennai,"Chennai, TN",Condo,2441,1,2,2016,"Parking,Gym,Garden,WiFi",900600
Premium Townhouse in Kolkata,"Kolkata, WB",Townhouse,2932,2,3,2001,"Garden,Gym",987109
Premium Apartment in Pune,"Pune, MH",Apartment,2494,6,2,1990,"Gym,WiFi",1068975
Premium Condo in Kolkata,"Kolkata, WB",Condo,3897,3,2,1982,"Pool,Security,Parking,WiFi",1425772
Premium Apartment in Mumbai,"Mumbai, MH",Apartment,2736,4,3,2024,"Gym,WiFi,Pool",2111109
Premium Apartment in Chennai,"Chennai, TN",Apartment,3226,1,4,2011,"Gym,Garden,Parking,Pool,WiFi",1207157
Premium Villa in Kolkata,"Kolkata, WB",Villa,747,4,2,2011,"Parking,Security",720673
Premium Condo in Ahmedabad,"Ahmedabad, GJ",Condo,2191,3,3,1988,"Garden,Security",888063
Premium Townhouse in Mumbai,"Mumbai, MH",Townhouse,4134,5,3,1980,"Parking,WiFi",3226936
Premium Villa in Bangalore,"Bangalore, KA",Villa,4894,2,3,2023,"Security,Parking,Pool",3323938
Premium Townhouse in Hyderabad,"Hyderabad, TS",Townhouse,1096,6,3,2017,Parking,691292
Premium Apartment in Delhi,"Delhi, DL",Apartment,1185,3,1,2023,"Garden,WiFi",901069
Premium Apartment in Delhi,"Delhi, DL",Apartment,618,5,2,1990,Parking,778986
Premium Condo in Bangalore,"Bangalore, KA",Condo,4066,4,3,2014,"Gym,Parking,Pool",2414710
Premium Villa in Delhi,"Delhi, DL",Villa,3497,3,1,2009,Parking,2966437
Premium Penthouse in Delhi,"Delhi, DL",Penthouse,2163,5,2,1990,Garden,3196761
Premium Townhouse in Kolkata,"Kolkata, WB",Townhouse,2638,5,2,2012,Garden,1031743
Premium Penthouse in Ahmedabad,"Ahmedabad, GJ",Penthouse,1240,1,1,1994,"Security,Parking,WiFi,Garden,Gym",855758
Premium Apartment in Mumbai,"Mumbai, MH",Apartment,531,2,3,1996,"Gym,WiFi,Pool,Garden",618543
Premium Condo in Bangalore,"Bangalore, KA",Condo,1110,2,3,1998,"Security,Gym,Parking,Pool,Garden",679658
Premium Townhouse in Hyderabad,"Hyderabad, TS",Townhouse,3305,3,3,2003,"WiFi,Garden,Gym,Security,Pool",1279597
Premium Condo in Ahmedabad,"Ahmedabad, GJ",Condo,3567,3,3,2008,Garden,1328987
Premium Condo in Hyderabad,"Hyderabad, TS",Condo,3201,1,1,1985,"Garden,WiFi,Parking",935490
Premium Condo in Chennai,"Chennai, TN",Condo,4626,6,4,2005,"Garden,Parking,Pool,Security",1764041
Premium Villa in Chennai,"Chennai, TN",Villa,3393,6,3,2007,"Garden,Gym",2236053
Premium Penthouse in Hyderabad,"Hyderabad, TS",Penthouse,921,5,2,2018,WiFi,1125172
Premium Penthouse in Chennai,"Chennai, TN",Penthouse,897,4,4,1983,"Garden,Security,Pool",1175100
Premium Penthouse in Chennai,"Chennai, TN",Penthouse,1565,6,3,1983,Parking,1615012
Premium Condo in Ahmedabad,"Ahmedabad, GJ",Condo,3987,4,1,1994,"WiFi,Gym,Security,Pool,Parking",1300642
Premium Townhouse in Delhi,"Delhi, DL",Townhouse,3739,4,4,2012,"Garden,Gym,Parking,WiFi",2600209
Premium Condo in Delhi,"Delhi, DL",Condo,1196,3,4,1980,"Security,Pool,Parking",1147647
Premium Apartment in Hyderabad,"Hyderabad, TS",Apartment,506,5,1,2000,"Gym,Pool,WiFi",431079
Premium Condo in Pune,"Pune, MH",Condo,4226,3,1,1982,"WiFi,Security",1366792
Premium Townhouse in Pune,"Pune, MH",Townhouse,2417,5,4,1984,Garden,964485
Premium Villa in Delhi,"Delhi, DL",Villa,3111,6,3,1997,"Parking,Pool,Garden",3816915
Premium Townhouse in Mumbai,"Mumbai, MH",Townhouse,3626,4,4,2020,Parking,2970484
Premium Condo in Chennai,"Chennai, TN",Condo,4776,2,2,2006,Garden,1665336
Premium Villa in Chennai,"Chennai, TN",Villa,748,4,4,1986,"Garden,Security,Gym,Pool,WiFi",717846
Premium Townhouse in Bangalore,"Bangalore, KA",Townhouse,1377,2,1,1990,"Pool,Parking,Security,Gym,Garden",771232
Premium Condo in Mumbai,"Mumbai, MH",Condo,2932,3,3,2022,Pool,2096161
Premium Condo in Kolkata,"Kolkata, WB",Condo,664,3,3,1980,"Pool,WiFi,Gym,Parking,Security",370822
Premium Villa in Kolkata,"Kolkata, WB",Villa,4508,6,1,2020,"Garden,Gym,Pool",2621125
Premium Condo in Pune,"Pune, MH",Condo,2989,6,3,1988,"WiFi,Garden,Gym,Pool,Security",1324883
Premium Apartment in Delhi,"Delhi, DL",Apartment,2813,2,1,2024,Gym,1661522
Premium Penthouse in Hyderabad,"Hyderabad, TS",Penthouse,4369,5,1,1989,"Garden,Security",3448430
Premium Condo in Delhi,"Delhi, DL",Condo,2744,1,2,1995,"Security,Garden,Gym,Parking,Pool",1539426
Premium Condo in Kolkata,"Kolkata, WB",Condo,3610,5,3,2015,Security,1472608
Premium Townhouse in Delhi,"Delhi, DL",Townhouse,4949,3,3,1984,"Pool,WiFi",3130656
Premium Condo in Bangalore,"Bangalore, KA",Condo,3440,5,3,2009,"Security,Pool,WiFi",1814292
Premium Apartment in Pune,"Pune, MH",Apartment,3806,2,2,1982,Garden,1264015
Premium Penthouse in Bangalore,"Bangalore, KA",Penthouse,794,4,4,1981,Security,1570600
Premium Penthouse in Pune,"Pune, MH",Penthouse,3366,4,3,1995,"Security,Parking,WiFi,Pool",2397550
Premium Villa in Hyderabad,"Hyderabad, TS",Villa,4475,1,1,2017,Parking,2096746
Premium Apartment in Ahmedabad,"Ahmedabad, GJ",Apartment,4877,3,3,2007,"Pool,Parking,Gym,Garden,WiFi",1665806
Premium Apartment in Hyderabad,"Hyderabad, TS",Apartment,2386,4,2,1983,"Parking,Gym,WiFi,Pool,Garden",1018768
Premium Townhouse in Hyderabad,"Hyderabad, TS",Townhouse,2410,5,1,2002,"Gym,WiFi,Security,Garden,Parking",901676
Premium Townhouse in Ahmedabad,"Ahmedabad, GJ",Townhouse,2080,1,4,2015,"Garden,Parking",760610
Premium Penthouse in Chennai,"Chennai, TN",Penthouse,4843,3,4,1984,Gym,3093410
Premium Villa in Pune,"Pune, MH",Villa,3668,1,3,1988,"Parking,Garden",1930382
Premium Villa in Ahmedabad,"Ahmedabad, GJ",Villa,1192,1,1,2014,Garden,638710
Premium Apartment in Pune,"Pune, MH",Apartment,4566,6,1,1999,"Gym,Security,Garden,Parking",1688643
Premium Condo in Bangalore,"Bangalore, KA",Condo,1391,6,2,2022,"Pool,WiFi,Parking,Garden,Security",1050676
Premium Penthouse in Hyderabad,"Hyderabad, TS",Penthouse,2272,2,1,2006,"Garden,Parking",1450761
Premium Townhouse in Hyderabad,"Hyderabad, TS",Townhouse,1042,6,1,1990,"Security,Garden,Parking",603747
Premium Apartment in Mumbai,"Mumbai, MH",Apartment,1449,2,2,1980,"Gym,Security,Parking,Garden",1055222
Premium Townhouse in Pune,"Pune, MH",Townhouse,2630,5,2,2002,"Gym,Parking,WiFi,Pool,Garden",1023949
Premium Villa in Hyderabad,"Hyderabad, TS",Villa,4203,5,4,1981,"Pool,Gym,Parking,Garden",2589190
Premium Apartment in Delhi,"Delhi, DL",Apartment,4947,5,4,2020,Security,2984419
Premium Apartment in Mumbai,"Mumbai, MH",Apartment,1099,1,4,1993,"Parking,WiFi,Pool,Gym",972345
Premium Condo in Mumbai,"Mumbai, MH",Condo,1896,1,3,1984,"Security,Pool",1258761
Premium Condo in Kolkata,"Kolkata, WB",Condo,2792,3,3,2022,"Parking,Gym,WiFi,Garden",972168
Premium Condo in Mumbai,"Mumbai, MH",Condo,2662,4,4,1994,"Parking,Garden,WiFi,Gym,Pool",1966560
Premium Penthouse in Pune,"Pune, MH",Penthouse,4993,5,1,2022,"Security,Gym,Pool,WiFi,Garden",3338844
Premium Penthouse in Pune,"Pune, MH",Penthouse,2996,2,1,1984,"Garden,Parking,Security,WiFi,Gym",2136888
Premium Condo in Delhi,"Delhi, DL",Condo,2680,2,2,2002,WiFi,1530629
Premium Condo in Kolkata,"Kolkata, WB",Condo,4073,3,3,2001,"Pool,WiFi,Gym",1481110
Premium Townhouse in Delhi,"Delhi, DL",Townhouse,3247,3,3,2002,"Pool,Parking,WiFi,Gym,Security",2305275
Premium Villa in Bangalore,"Bangalore, KA",Villa,558,5,4,1997,"Garden,Parking,WiFi,Gym",1104048
Premium Penthouse in Hyderabad,"Hyderabad, TS",Penthouse,2784,5,3,1996,"Garden,Gym,Pool",2294028
Premium Condo in Hyderabad,"Hyderabad, TS",Condo,3092,4,1,1987,"Pool,WiFi,Security,Gym,Garden",1178680
Premium Apartment in Ahmedabad,"Ahmedabad, GJ",Apartment,2806,5,3,1994,"Security,Garden,Gym,Parking,WiFi",1081914
Premium Villa in Pune,"Pune, MH",Villa,2709,3,3,2013,WiFi,1455312
Premium Penthouse in Ahmedabad,"Ahmedabad, GJ",Penthouse,2626,6,3,1990,Gym,2397484
Premium Penthouse in Hyderabad,"Hyderabad, TS",Penthouse,3459,1,1,1994,"WiFi,Garden,Security,Parking,Pool",2035352
Premium Penthouse in Delhi,"Delhi, DL",Penthouse,1921,3,4,2014,"Pool,Gym",2835458
Premium Villa in Bangalore,"Bangalore, KA",Villa,1528,4,2,1997,Garden,1528221
Premium Condo in Chennai,"Chennai, TN",Condo,4094,2,2,1983,Parking,1311479
Premium Apartment in Chennai,"Chennai, TN",Apartment,4582,4,1,2015,"Security,Parking",1675747
Premium Villa in Chennai,"Chennai, TN",Villa,4699,6,1,2022,"Parking,Garden,Gym,Security,WiFi",2687747
Premium Condo in Chennai,"Chennai, TN",Condo,1296,2,2,2007,"Security,Gym,WiFi,Parking,Pool",574076
Premium Condo in Kolkata,"Kolkata, WB",Condo,2133,3,4,2002,Gym,861578
Premium Penthouse in Delhi,"Delhi, DL",Penthouse,668,2,3,2013,Security,1405203
Premium Villa in Pune,"Pune, MH",Villa,2732,2,2,1988,WiFi,1390146
Premium Townhouse in Chennai,"Chennai, TN",Townhouse,2764,3,1,2021,"Gym,Parking,WiFi,Pool",932759
Premium Penthouse in Ahmedabad,"Ahmedabad, GJ",Penthouse,1204,6,1,1995,Pool,1488807
Premium Apartment in Bangalore,"Bangalore, KA",Apartment,1868,5,1,1995,"WiFi,Parking,Gym,Pool",1201572
Premium Apartment in Pune,"Pune, MH",Apartment,4083,6,1,2013,"Security,Pool,Gym,Garden",1580493
Premium Apartment in Delhi,"Delhi, DL",Apartment,2739,5,1,2021,"Gym,Parking,WiFi,Pool,Garden",2122715
Premium Townhouse in Bangalore,"Bangalore, KA",Townhouse,3684,2,1,1999,"Gym,Security,Pool",1816212
Premium Villa in Hyderabad,"Hyderabad, TS",Villa,1585,1,4,1980,"Garden,Pool",851222
Premium Townhouse in Pune,"Pune, MH",Townhouse,704,4,4,1994,"Garden,WiFi,Pool,Security,Parking",496217
Premium Townhouse in Ahmedabad,"Ahmedabad, GJ",Townhouse,2753,6,2,1986,"WiFi,Pool",1268240
Premium Townhouse in Chennai,"Chennai, TN",Townhouse,1908,3,3,2005,WiFi,745186
Premium Villa in Bangalore,"Bangalore, KA",Villa,659,3,1,1997,"Garden,Security,Gym,Parking,Pool",830806
Premium Apartment in Bangalore,"Bangalore, KA",Apartment,3227,2,1,2017,"Pool,Security,Parking",1518624
Premium Apartment in Kolkata,"Kolkata, WB",Apartment,677,5,1,1998,"Pool,Garden,Gym",468923
Premium Townhouse in Hyderabad,"Hyderabad, TS",Townhouse,4190,6,1,2005,"Parking,Gym,Garden",1551637
Premium Penthouse in Chennai,"Chennai, TN",Penthouse,2711,1,3,2002,"Garden,WiFi,Security,Pool",1969003
Premium Penthouse in Bangalore,"Bangalore, KA",Penthouse,2017,6,1,2015,"Gym,Security,WiFi",2779667
Premium Penthouse in Kolkata,"Kolkata, WB",Penthouse,3096,3,3,1993,"Security,Gym,Garden",2080784
Premium Villa in Mumbai,"Mumbai, MH",Villa,4975,5,1,1999,Parking,5487364
Premium Penthouse in Pune,"Pune, MH",Penthouse,2883,2,1,2018,Garden,2045563
Premium Townhouse in Bangalore,"Bangalore, KA",Townhouse,3972,4,2,2015,"WiFi,Garden,Gym,Parking",2258304
Premium Condo in Pune,"Pune, MH",Condo,2730,6,2,1991,"Garden,Gym,Security,Parking,WiFi",1086711
Premium Townhouse in Hyderabad,"Hyderabad, TS",Townhouse,3169,5,4,1993,"WiFi,Garden,Pool,Gym",1389082
Premium Townhouse in Bangalore,"Bangalore, KA",Townhouse,1620,4,1,2017,"Pool,Gym,Garden,Parking",1078455
Premium Townhouse in Hyderabad,"Hyderabad, TS",Townhouse,1354,3,2,1984,"WiFi,Garden",582581
Premium Apartment in Chennai,"Chennai, TN",Apartment,1548,6,3,1996,Gym,751023
Premium Condo in Kolkata,"Kolkata, WB",Condo,2874,6,4,1987,"Gym,WiFi,Garden,Security",1347735
Premium Villa in Ahmedabad,"Ahmedabad, GJ",Villa,1623,1,1,2005,Gym,784081
Premium Townhouse in Delhi,"Delhi, DL",Townhouse,3696,5,1,2010,Pool,2309487
Premium Condo in Ahmedabad,"Ahmedabad, GJ",Condo,4841,1,1,1996,"Garden,Parking,Security,WiFi",1527688
Premium Villa in Chennai,"Chennai, TN",Villa,1087,2,2,2011,Security,679911
Premium Villa in Mumbai,"Mumbai, MH",Villa,2421,3,1,2022,"WiFi,Security",2575271
Premium Condo in Mumbai,"Mumbai, MH",Condo,2693,3,2,1987,"Security,Gym",1833677
Premium Apartment in Hyderabad,"Hyderabad, TS",Apartment,3862,4,4,1994,"Security,Gym,WiFi",1536204
Premium Apartment in Mumbai,"Mumbai, MH",Apartment,1111,2,2,1989,"Garden,WiFi",951642
Premium Condo in Pune,"Pune, MH",Condo,1198,2,4,2000,Pool,590312
Premium Apartment in Mumbai,"Mumbai, MH",Apartment,846,2,3,1987,"Parking,Gym,Security,WiFi,Pool",793635
Premium Villa in Bangalore,"Bangalore, KA",Villa,4994,1,3,2021,"Gym,Garden,Security",3482054
Premium Townhouse in Ahmedabad,"Ahmedabad, GJ",Townhouse,1452,4,4,1993,"Parking,WiFi,Security",764566
Premium Townhouse in Mumbai,"Mumbai, MH",Townhouse,823,5,2,2000,"Garden,WiFi,Parking,Security,Pool",1165929
Premium Villa in Hyderabad,"Hyderabad, TS",Villa,2708,3,1,2007,WiFi,1542952
Premium Condo in Kolkata,"Kolkata, WB",Condo,3604,6,4,2024,"Pool,Garden,Security,WiFi,Gym",1320658
Premium Condo in Hyderabad,"Hyderabad, TS",Condo,4604,3,2,1989,"WiFi,Pool,Garden,Security",1485180
Premium Condo in Kolkata,"Kolkata, WB",Condo,3275,3,1,1991,"Gym,Security,WiFi,Parking,Garden",1258186
Premium Townhouse in Ahmedabad,"Ahmedabad, GJ",Townhouse,2176,1,1,1994,"Security,Garden,Parking,Pool,WiFi",652194
Premium Villa in Delhi,"Delhi, DL",Villa,3328,1,2,2022,"WiFi,Security,Gym,Garden",2731984
Premium Penthouse in Kolkata,"Kolkata, WB",Penthouse,576,1,1,2003,Garden,475920
Premium Villa in Delhi,"Delhi, DL",Villa,1516,3,4,2014,"WiFi,Pool,Parking,Gym",1922341
Premium Villa in Mumbai,"Mumbai, MH",Villa,2646,5,1,1989,"Parking,Security,Gym,Pool,Garden",3138864
Premium Penthouse in Pune,"Pune, MH",Penthouse,3897,1,1,1990,"Security,WiFi",2519173
Premium Apartment in Bangalore,"Bangalore, KA",Apartment,1606,5,1,2013,"Garden,Pool,Parking,WiFi,Security",1224541
Premium Townhouse in Pune,"Pune, MH",Townhouse,4067,2,3,2021,"Gym,Parking,WiFi,Garden,Security",1246918
Premium Townhouse in Ahmedabad,"Ahmedabad, GJ",Townhouse,4801,2,4,1995,"Parking,WiFi,Security,Gym",1499844
Premium Penthouse in Pune,"Pune, MH",Penthouse,640,2,3,1989,"Gym,Pool,Parking,WiFi,Garden",727058
Premium Penthouse in Pune,"Pune, MH",Penthouse,3043,2,1,1991,"WiFi,Parking,Garden,Security,Gym",2148625
Premium Townhouse in Delhi,"Delhi, DL",Townhouse,1034,2,3,2004,"Pool,Security,Gym",849174
Premium Condo in Ahmedabad,"Ahmedabad, GJ",Condo,4065,2,3,2005,"Parking,WiFi",1471505
Premium Apartment in Ahmedabad,"Ahmedabad, GJ",Apartment,4410,3,1,2017,Gym,1626001
Premium Townhouse in Pune,"Pune, MH",Townhouse,2978,2,3,2020,WiFi,963668
Premium Apartment in Kolkata,"Kolkata, WB",Apartment,3073,6,2,1982,"Pool,WiFi,Security,Parking",1311463
Premium Villa in Mumbai,"Mumbai, MH",Villa,2236,4,2,2017,"Garden,Parking,WiFi",2745074
Premium Townhouse in Hyderabad,"Hyderabad, TS",Townhouse,2690,1,3,1994,"Garden,WiFi,Gym",989544
Premium Townhouse in Delhi,"Delhi, DL",Townhouse,4669,4,3,2010,Garden,3044484
Premium Apartment in Ahmedabad,"Ahmedabad, GJ",Apartment,2049,6,2,1996,"Security,Pool,Parking,WiFi",995835
Premium Villa in Bangalore,"Bangalore, KA",Villa,3872,2,3,2017,"WiFi,Security,Parking,Gym",2694572
Premium Apartment in Hyderabad,"Hyderabad, TS",Apartment,2712,3,1,2012,"WiFi,Gym,Garden,Security,Parking",928612
Premium Villa in Mumbai,"Mumbai, MH",Villa,4018,5,3,1988,Gym,4344515
Premium Townhouse in Kolkata,"Kolkata, WB",Townhouse,3917,1,2,2006,"Parking,Garden,Gym",1163511
Premium Apartment in Kolkata,"Kolkata, WB",Apartment,1474,4,4,1986,"Garden,Gym",671678
Premium Townhouse in Kolkata,"Kolkata, WB",Townhouse,4275,1,3,1989,"Pool,Parking,Gym,Security,WiFi",1346198
Premium Villa in Pune,"Pune, MH",Villa,3135,5,2,1993,"WiFi,Gym,Parking,Pool",1700206
Premium Penthouse in Kolkata,"Kolkata, WB",Penthouse,1925,1,2,1997,"Garden,Security,Parking,Gym,Pool",1281843
Premium Townhouse in Delhi,"Delhi, DL",Townhouse,1521,2,1,1983,"Gym,Parking,WiFi",1135324
Premium Apartment in Delhi,"Delhi, DL",Apartment,4424,6,4,1983,Gym,3185438
Premium Apartment in Chennai,"Chennai, TN",Apartment,4256,6,4,1981,"Pool,Parking",1645127
Premium Penthouse in Ahmedabad,"Ahmedabad, GJ",Penthouse,4432,3,2,1991,"Security,Pool,Garden",3107876
Premium Villa in Ahmedabad,"Ahmedabad, GJ",Villa,2595,1,1,1990,"Pool,Security,WiFi",1356643
Premium Penthouse in Chennai,"Chennai, TN",Penthouse,2548,3,2,1999,Garden,1955199
Premium Villa in Ahmedabad,"Ahmedabad, GJ",Villa,4742,3,2,2000,Parking,2373674
Premium Apartment in Mumbai,"Mumbai, MH",Apartment,961,1,4,2010,"Garden,WiFi,Parking,Security",858039
Premium Penthouse in Kolkata,"Kolkata, WB",Penthouse,4515,6,2,2007,"WiFi,Gym,Parking,Garden,Pool",3551135
Premium Villa in Pune,"Pune, MH",Villa,4396,6,1,1983,"WiFi,Pool",2621037
Premium Villa in Kolkata,"Kolkata, WB",Villa,3553,5,2,1989,"Gym,WiFi,Pool,Parking",1881946
Premium Penthouse in Mumbai,"Mumbai, MH",Penthouse,2007,1,3,2007,"Garden,Gym,WiFi,Parking",2637051
Premium Apartment in Mumbai,"Mumbai, MH",Apartment,664,2,3,1981,"Security,Gym",691024
Premium Townhouse in Bangalore,"Bangalore, KA",Townhouse,1713,4,1,2019,"Garden,Gym",1183448
Premium Townhouse in Ahmedabad,"Ahmedabad, GJ",Townhouse,630,1,3,1999,"Pool,WiFi",298748
Premium Townhouse in Kolkata,"Kolkata, WB",Townhouse,4617,3,1,2019,"WiFi,Gym,Garden,Pool",1559554
Premium Condo in Pune,"Pune, MH",Condo,1214,5,2,1986,"Pool,Security",642756
Premium Apartment in Pune,"Pune, MH",Apartment,4248,3,1,1985,WiFi,1534673
Premium Apartment in Delhi,"Delhi, DL",Apartment,2008,5,4,2002,Garden,1525389
Premium Townhouse in Mumbai,"Mumbai, MH",Townhouse,4947,2,1,1989,Security,3353642
Premium Villa in Hyderabad,"Hyderabad, TS",Villa,1520,6,2,2011,Garden,1266926
Premium Condo in Chennai,"Chennai, TN",Condo,2333,6,2,2005,"Garden,Pool",937317
Premium Villa in Kolkata,"Kolkata, WB",Villa,1691,3,3,2005,"Garden,Security,Gym,WiFi,Pool",1050142
Premium Condo in Bangalore,"Bangalore, KA",Condo,1627,6,4,1981,Security,1262747
Premium Penthouse in Mumbai,"Mumbai, MH",Penthouse,1473,3,4,1992,"Pool,Security",2690311
Premium Villa in Hyderabad,"Hyderabad, TS",Villa,3590,5,4,1994,"Pool,Parking",2010793
Premium Penthouse in Chennai,"Chennai, TN",Penthouse,4241,5,3,2011,"Parking,Security,Garden",3428663
Premium Penthouse in Chennai,"Chennai, TN",Penthouse,3227,3,4,2014,"Gym,Security",2578885
Premium Townhouse in Pune,"Pune, MH",Townhouse,3341,1,2,2004,"WiFi,Gym,Garden,Security",1081625
Premium Apartment in Ahmedabad,"Ahmedabad, GJ",Apartment,3377,4,3,1987,"Gym,Security,Parking,Pool,WiFi",1377100
Premium Villa in Pune,"Pune, MH",Villa,4694,3,1,2009,"Garden,Security",2278052
Premium Condo in Chennai,"Chennai, TN",Condo,4315,5,4,2022,Pool,1561709
Premium Villa in Chennai,"Chennai, TN",Villa,932,1,2,1986,WiFi,606273
Premium Apartment in Kolkata,"Kolkata, WB",Apartment,4548,5,2,2011,Pool,1785376
Premium Condo in Kolkata,"Kolkata, WB",Condo,3942,2,2,2014,"Garden,WiFi",1435576
Premium Penthouse in Pune,"Pune, MH",Penthouse,2928,2,3,2005,"WiFi,Gym,Security,Pool",2179576
Premium Condo in Ahmedabad,"Ahmedabad, GJ",Condo,3653,6,3,2000,WiFi,1539998
Premium Townhouse in Pune,"Pune, MH",Townhouse,2901,2,4,2016,"WiFi,Gym,Security,Garden,Pool",1048462
Premium Penthouse in Hyderabad,"Hyderabad, TS",Penthouse,1507,1,4,2016,"Parking,Security",1162598
Premium Apartment in Ahmedabad,"Ahmedabad, GJ",Apartment,596,5,3,2012,"Security,Garden,Pool,Gym,Parking",487027
Premium Villa in Kolkata,"Kolkata, WB",Villa,1529,3,4,1995,"Pool,Garden,Parking,Security",1070329
Premium Apartment in Mumbai,"Mumbai, MH",Apartment,3048,3,2,2007,Pool,2020375
Premium Apartment in Chennai,"Chennai, TN",Apartment,2974,6,1,2003,"Parking,WiFi",1109081
Premium Apartment in Bangalore,"Bangalore, KA",Apartment,4773,6,4,2006,"Pool,Parking,Garden,WiFi",2573726
Premium Villa in Ahmedabad,"Ahmedabad, GJ",Villa,4428,3,1,1991,Gym,2106445
Premium Villa in Kolkata,"Kolkata, WB",Villa,3239,4,4,1982,Pool,1804197
Premium Apartment in Kolkata,"Kolkata, WB",Apartment,4323,4,4,1987,"Garden,Security,WiFi,Pool,Gym",1463774
Premium Condo in Bangalore,"Bangalore, KA",Condo,3719,6,1,2016,"Garden,Parking,Pool,Security",2235398
Premium Penthouse in Mumbai,"Mumbai, MH",Penthouse,3480,4,3,1988,"Gym,Garden,Pool,Parking",4931546
Premium Townhouse in Kolkata,"Kolkata, WB",Townhouse,2705,1,1,1988,"Pool,WiFi,Gym",864695
Premium Condo in Hyderabad,"Hyderabad, TS",Condo,3381,5,2,2006,"WiFi,Parking,Pool,Garden",1416379
Premium Townhouse in Ahmedabad,"Ahmedabad, GJ",Townhouse,1195,2,2,1980,"Parking,WiFi,Gym,Pool",450026
Premium Villa in Kolkata,"Kolkata, WB",Villa,1265,4,3,1983,Garden,1037374
Premium Villa in Kolkata,"Kolkata, WB",Villa,1707,1,2,2013,"Gym,Garden,Security,Pool",886003
Premium Condo in Mumbai,"Mumbai, MH",Condo,1795,1,4,1991,Pool,1455570
Premium Apartment in Bangalore,"Bangalore, KA",Apartment,1842,4,4,1983,"Gym,Pool,WiFi,Security,Parking",1199357
Premium Penthouse in Chennai,"Chennai, TN",Penthouse,3293,1,4,2010,"Security,Garden,Parking",2446790
Premium Apartment in Bangalore,"Bangalore, KA",Apartment,4908,6,2,2003,"Pool,Garden,WiFi,Security,Parking",2796691
Premium Condo in Mumbai,"Mumbai, MH",Condo,3831,2,1,1980,"Security,WiFi,Pool",2672905
Premium Townhouse in Mumbai,"Mumbai, MH",Townhouse,3404,4,3,2024,"Pool,Garden,Parking,WiFi",2438259
Premium Penthouse in Kolkata,"Kolkata, WB",Penthouse,1185,3,4,2013,"Gym,WiFi,Garden",1114508
Premium Villa in Kolkata,"Kolkata, WB",Villa,2812,4,3,2020,"Security,Garden",1555493
Premium Apartment in Delhi,"Delhi, DL",Apartment,3434,5,2,2006,Pool,2589549
Premium Villa in Kolkata,"Kolkata, WB",Villa,712,3,1,1994,Garden,539753
Premium Townhouse in Bangalore,"Bangalore, KA",Townhouse,3451,1,3,1990,"Garden,WiFi,Security,Pool,Parking",1557796
Premium Townhouse in Ahmedabad,"Ahmedabad, GJ",Townhouse,1775,2,4,1985,WiFi,724232
Premium Villa in Kolkata,"Kolkata, WB",Villa,1572,2,4,2019,"Gym,Parking",1034653
Premium Townhouse in Chennai,"Chennai, TN",Townhouse,2108,4,4,1998,"Gym,Pool,Garden",903092
Premium Villa in Bangalore,"Bangalore, KA",Villa,1444,4,2,2017,"Pool,Security,Parking,WiFi",1528150
Premium Penthouse in Chennai,"Chennai, TN",Penthouse,1967,6,1,1990,WiFi,1839099
Premium Townhouse in Delhi,"Delhi, DL",Townhouse,3853,2,2,2008,"WiFi,Security",2473965
Premium Condo in Ahmedabad,"Ahmedabad, GJ",Condo,3730,6,1,2007,"WiFi,Pool,Garden,Gym,Parking",1324051
Premium Penthouse in Hyderabad,"Hyderabad, TS",Penthouse,4935,2,1,2012,"Garden,Parking,Pool,WiFi",3169845
Premium Condo in Chennai,"Chennai, TN",Condo,3653,6,1,1999,"Parking,Pool",1449965
Premium Penthouse in Kolkata,"Kolkata, WB",Penthouse,1620,6,4,1986,Security,1804489
Premium Penthouse in Chennai,"Chennai, TN",Penthouse,1660,5,2,2003,"Gym,Security,Pool,Parking",1711508
Premium Villa in Bangalore,"Bangalore, KA",Villa,4374,4,4,2000,"Pool,Gym,Security,Garden",3903893
Premium Penthouse in Delhi,"Delhi, DL",Penthouse,2900,3,4,2007,"Garden,Parking,Pool,Gym,Security",3788729
Premium Condo in Hyderabad,"Hyderabad, TS",Condo,4507,6,3,2013,"WiFi,Parking,Pool",1629703
Premium Condo in Ahmedabad,"Ahmedabad, GJ",Condo,3438,4,3,2017,"Garden,Pool",1412877
Premium Townhouse in Pune,"Pune, MH",Townhouse,3705,5,3,1996,"Security,Gym,Parking,Pool",1307537
Premium Condo in Mumbai,"Mumbai, MH",Condo,3912,6,3,2014,"WiFi,Security,Parking,Garden,Gym",2905727
Premium Apartment in Kolkata,"Kolkata, WB",Apartment,4332,5,4,2024,Gym,1719348
Premium Apartment in Ahmedabad,"Ahmedabad, GJ",Apartment,3977,5,4,2008,"Security,Parking,Gym",1475536
Premium Condo in Bangalore,"Bangalore, KA",Condo,2267,3,1,2020,"Parking,WiFi,Security,Gym,Garden",1336896
Premium Penthouse in Bangalore,"Bangalore, KA",Penthouse,904,6,1,1981,"Gym,WiFi",1611899
Premium Penthouse in Bangalore,"Bangalore, KA",Penthouse,4860,1,3,2017,"Parking,Gym,Pool",4284085
Premium Townhouse in Bangalore,"Bangalore, KA",Townhouse,4728,4,4,2008,WiFi,2540758
Premium Apartment in Kolkata,"Kolkata, WB",Apartment,2926,6,2,1985,"Parking,Gym,WiFi,Pool,Garden",1138238
Premium Townhouse in Chennai,"Chennai, TN",Townhouse,2380,4,4,1990,"Parking,Garden",924127
Premium Condo in Mumbai,"Mumbai, MH",Condo,1984,2,3,2023,"Security,WiFi",1656591
Premium Condo in Ahmedabad,"Ahmedabad, GJ",Condo,3949,2,2,2005,Parking,1402869
Premium Penthouse in Bangalore,"Bangalore, KA",Penthouse,1987,6,3,1988,"Parking,Pool",3102384
Premium Townhouse in Hyderabad,"Hyderabad, TS",Townhouse,2684,4,3,1993,"Parking,Garden,WiFi",1167370
Premium Condo in Kolkata,"Kolkata, WB",Condo,637,2,2,2000,"Security,Pool",363279
Premium Penthouse in Mumbai,"Mumbai, MH",Penthouse,4080,3,1,2002,"Pool,Gym,Parking",5327560
Premium Villa in Bangalore,"Bangalore, KA",Villa,3226,2,4,2003,"Parking,Gym,WiFi",2730210
Premium Villa in Ahmedabad,"Ahmedabad, GJ",Villa,4243,3,2,2000,"Pool,Parking",2288158
Premium Condo in Pune,"Pune, MH",Condo,755,6,1,1982,Pool,599368
Premium Penthouse in Bangalore,"Bangalore, KA",Penthouse,4603,6,2,1982,"Gym,Security",5207422
Premium Condo in Ahmedabad,"Ahmedabad, GJ",Condo,1000,5,4,1988,"Security,Parking,WiFi,Pool,Gym",623028
Premium Villa in Mumbai,"Mumbai, MH",Villa,4770,4,4,1987,"Gym,Parking,Security,WiFi,Pool",4717178
Premium Villa in Bangalore,"Bangalore, KA",Villa,2670,2,2,2001,"WiFi,Pool",2301972
Premium Townhouse in Delhi,"Delhi, DL",Townhouse,2706,4,4,1987,"Parking,Pool,Security",1945251
Premium Condo in Chennai,"Chennai, TN",Condo,931,6,1,1980,"Gym,Security,Pool,WiFi",577487
Premium Apartment in Kolkata,"Kolkata, WB",Apartment,5000,4,3,1992,"Parking,WiFi,Gym,Pool",1915570
Premium Penthouse in Hyderabad,"Hyderabad, TS",Penthouse,4417,5,4,2006,"Garden,Pool,Security,WiFi,Gym",3152280
Premium Condo in Kolkata,"Kolkata, WB",Condo,1133,3,2,1999,Garden,564988
Premium Condo in Pune,"Pune, MH",Condo,2350,4,1,1984,"Pool,Parking,Security,WiFi",917573
Premium Condo in Kolkata,"Kolkata, WB",Condo,2855,5,1,2016,Garden,1204367
Premium Townhouse in Chennai,"Chennai, TN",Townhouse,566,4,4,2016,"Garden,Pool,Parking,WiFi",413302
Premium Apartment in Mumbai,"Mumbai, MH",Apartment,3205,1,2,1983,"Garden,Parking,Gym,Pool,WiFi",2297165
Premium Villa in Bangalore,"Bangalore, KA",Villa,626,1,3,1991,Security,731215
Premium Townhouse in Hyderabad,"Hyderabad, TS",Townhouse,905,1,3,1982,"Parking,Security,Gym",398033
Premium Apartment in Kolkata,"Kolkata, WB",Apartment,2187,6,2,1980,"Pool,Security,Garden,Parking,Gym",1076684
Premium Townhouse in Delhi,"Delhi, DL",Townhouse,3920,5,3,2010,"Garden,Gym,Security,WiFi,Parking",2488290
Premium Condo in Ahmedabad,"Ahmedabad, GJ",Condo,2183,3,3,2004,"Parking,Pool,WiFi,Security,Gym",866116
Premium Apartment in Ahmedabad,"Ahmedabad, GJ",Apartment,1464,5,3,1991,"WiFi,Pool,Gym",807093
Premium Townhouse in Mumbai,"Mumbai, MH",Townhouse,2627,2,2,1994,"Garden,Pool,Security",2004218
Premium Apartment in Mumbai,"Mumbai, MH",Apartment,808,2,3,2002,Gym,794511
Premium Condo in Hyderabad,"Hyderabad, TS",Condo,3570,2,2,2009,"Security,Parking",1236026
Premium Penthouse in Mumbai,"Mumbai, MH",Penthouse,1462,2,2,2006,"WiFi,Gym,Pool",2324541
Premium Villa in Chennai,"Chennai, TN",Villa,4466,2,4,1981,"Pool,Security,WiFi",2338470
Premium Villa in Kolkata,"Kolkata, WB",Villa,3282,4,2,1987,"Security,Gym",1825476
Premium Townhouse in Chennai,"Chennai, TN",Townhouse,4798,3,4,1999,"Security,Gym",1651567
Premium Apartment in Pune,"Pune, MH",Apartment,4559,2,4,2010,"Pool,Garden",1599461
Premium Condo in Pune,"Pune, MH",Condo,905,4,1,2023,"Parking,Garden,WiFi,Security,Gym",492824
Premium Apartment in Pune,"Pune, MH",Apartment,2107,6,1,1995,"Garden,WiFi,Parking,Gym,Pool",892388
Premium Penthouse in Mumbai,"Mumbai, MH",Penthouse,664,6,3,2001,"Parking,Garden,Gym,WiFi,Pool",2075980
Premium Apartment in Bangalore,"Bangalore, KA",Apartment,1715,4,4,1980,"Parking,WiFi,Garden,Gym",1150490
Premium Villa in Mumbai,"Mumbai, MH",Villa,3475,3,2,1999,Gym,3551477
Premium Townhouse in Chennai,"Chennai, TN",Townhouse,1938,6,4,2009,"Parking,Garden,Pool,WiFi",900278
Premium Penthouse in Pune,"Pune, MH",Penthouse,3892,5,2,1996,"Gym,WiFi",2760815
Premium Condo in Chennai,"Chennai, TN",Condo,4621,1,1,1987,WiFi,1518658
Premium Villa in Kolkata,"Kolkata, WB",Villa,2800,4,3,2013,Security,1712077
Premium Townhouse in Kolkata,"Kolkata, WB",Townhouse,3675,3,3,2020,"Pool,Gym,Parking,WiFi,Security",1260221
Premium Penthouse in Hyderabad,"Hyderabad, TS",Penthouse,1192,6,2,2019,"Security,Gym,Pool",1378746
Premium Penthouse in Hyderabad,"Hyderabad, TS",Penthouse,2293,6,3,2009,"Security,Garden,Gym,Parking",2045098
Premium Penthouse in Chennai,"Chennai, TN",Penthouse,4342,5,3,2014,"Pool,Security,Gym,Garden,WiFi",3316856
Premium Condo in Kolkata,"Kolkata, WB",Condo,2498,3,1,1993,Gym,1008877
Premium Villa in Pune,"Pune, MH",Villa,3797,3,1,2023,"Gym,Garden",2051630
Premium Apartment in Pune,"Pune, MH",Apartment,1173,3,4,2013,"Garden,Parking,Gym",556226
Premium Apartment in Delhi,"Delhi, DL",Apartment,4039,1,3,1994,Garden,2610285
Premium Townhouse in Ahmedabad,"Ahmedabad, GJ",Townhouse,1575,4,2,1985,Garden,651725
Premium Condo in Delhi,"Delhi, DL",Condo,3918,2,2,1990,"Parking,Security,Pool",2548591
Premium Villa in Bangalore,"Bangalore, KA",Villa,1151,2,3,1993,"WiFi,Garden",1039065
Premium Villa in Bangalore,"Bangalore, KA",Villa,3972,6,2,2020,Pool,3571701
Premium Apartment in Delhi,"Delhi, DL",Apartment,4410,6,2,1998,Pool,3070160
Premium Villa in Bangalore,"Bangalore, KA",Villa,4986,3,2,2011,"Security,Pool",3840778
Premium Villa in Kolkata,"Kolkata, WB",Villa,3009,2,3,2013,"WiFi,Parking",1749860
Premium Penthouse in Kolkata,"Kolkata, WB",Penthouse,2199,5,4,2003,"Gym,Security",2077952
Premium Apartment in Ahmedabad,"Ahmedabad, GJ",Apartment,4427,2,4,2014,"WiFi,Parking,Garden,Security,Gym",1363852
Premium Condo in Kolkata,"Kolkata, WB",Condo,4925,1,2,1981,"Security,Pool,Gym",1508823
Premium Penthouse in Delhi,"Delhi, DL",Penthouse,2786,5,4,2016,WiFi,4311404
Premium Villa in Ahmedabad,"Ahmedabad, GJ",Villa,1909,5,1,2013,"Pool,Security,Parking,Garden",1160657
Premium Townhouse in Hyderabad,"Hyderabad, TS",Townhouse,634,4,4,1983,Gym,425320
Premium Condo in Bangalore,"Bangalore, KA",Condo,911,5,1,2022,"Pool,Gym,Security,WiFi,Garden",859530
Premium Penthouse in Pune,"Pune, MH",Penthouse,3198,4,3,2020,WiFi,2374505
Premium Villa in Kolkata,"Kolkata, WB",Villa,1472,2,4,1991,"Gym,Garden,WiFi",846983
Premium Penthouse in Delhi,"Delhi, DL",Penthouse,1136,3,3,2006,"Security,Garden",1904856
Premium Condo in Delhi,"Delhi, DL",Condo,776,1,4,2018,"Parking,Gym,Garden,Security",646242
Premium Condo in Ahmedabad,"Ahmedabad, GJ",Condo,4251,3,1,2013,"Pool,Parking,Security,WiFi,Garden",1442127
Premium Condo in Pune,"Pune, MH",Condo,3774,4,4,2020,Pool,1498757
Premium Apartment in Bangalore,"Bangalore, KA",Apartment,3893,5,3,1982,"Security,Gym",2041064
Premium Townhouse in Ahmedabad,"Ahmedabad, GJ",Townhouse,3722,2,1,2018,"Parking,WiFi,Security",1154632
Premium Villa in Kolkata,"Kolkata, WB",Villa,2471,1,4,1980,Gym,1344826
Premium Apartment in Bangalore,"Bangalore, KA",Apartment,4107,3,4,2010,"WiFi,Garden,Pool",2275307
Premium Townhouse in Mumbai,"Mumbai, MH",Townhouse,976,3,2,1992,"Garden,Gym",938876
Premium Townhouse in Ahmedabad,"Ahmedabad, GJ",Townhouse,793,5,1,1986,"WiFi,Pool,Gym,Garden",557969
Premium Apartment in Bangalore,"Bangalore, KA",Apartment,1314,1,4,1990,"WiFi,Parking,Pool",772427
Premium Apartment in Delhi,"Delhi, DL",Apartment,1471,6,2,2000,"Garden,Security,Gym,WiFi",1499013
Premium Villa in Chennai,"Chennai, TN",Villa,4700,4,4,1992,"Garden,Parking,Pool",2526783
Premium Townhouse in Chennai,"Chennai, TN",Townhouse,773,1,1,1981,"Parking,Pool,Garden",284408
Premium Apartment in Hyderabad,"Hyderabad, TS",Apartment,1015,6,2,2011,"Gym,Parking,Garden",677759
Premium Condo in Kolkata,"Kolkata, WB",Condo,3995,6,3,2009,"WiFi,Pool",1459419
Premium Apartment in Bangalore,"Bangalore, KA",Apartment,566,6,3,1995,"Security,Garden",802909
Premium Townhouse in Ahmedabad,"Ahmedabad, GJ",Townhouse,1789,1,4,2008,"Parking,Security,Pool,WiFi",678596
Premium Penthouse in Delhi,"Delhi, DL",Penthouse,3738,6,2,1985,"Gym,Garden,Parking,Security,WiFi",4794353
Premium Condo in Mumbai,"Mumbai, MH",Condo,4084,3,1,1996,"Parking,Garden,Security",2550927
Premium Townhouse in Ahmedabad,"Ahmedabad, GJ",Townhouse,3754,4,4,1989,"Security,Garden,Gym,Pool,Parking",1337997
Premium Townhouse in Kolkata,"Kolkata, WB",Townhouse,4148,6,1,1996,"Pool,Parking,Gym,Security",1574487
Premium Townhouse in Chennai,"Chennai, TN",Townhouse,1925,5,1,1995,Garden,895298
Premium Apartment in Chennai,"Chennai, TN",Apartment,837,5,3,2016,"Gym,Garden,Parking,Pool",540655
Premium Condo in Pune,"Pune, MH",Condo,4197,4,4,1983,"Garden,Parking,Security,WiFi,Gym",1405208
Premium Penthouse in Pune,"Pune, MH",Penthouse,764,1,1,1980,"Pool,Parking,Security,Garden",590025
Premium Penthouse in Ahmedabad,"Ahmedabad, GJ",Penthouse,2898,1,2,2019,Gym,2079431
Premium Apartment in Chennai,"Chennai, TN",Apartment,3676,6,4,2022,"Security,Pool,Gym",1579803
Premium Penthouse in Kolkata,"Kolkata, WB",Penthouse,856,5,4,2020,"Security,WiFi,Parking",1179800
Premium Villa in Mumbai,"Mumbai, MH",Villa,3148,6,1,1996,"Gym,Security,Pool",3800260
Premium Villa in Ahmedabad,"Ahmedabad, GJ",Villa,4301,3,1,2019,"Security,Pool,Parking,Gym",2013689
Premium Villa in Ahmedabad,"Ahmedabad, GJ",Villa,4552,2,1,2015,"Security,Gym",2294388
Premium Apartment in Bangalore,"Bangalore, KA",Apartment,2591,3,4,1981,"WiFi,Security,Parking,Garden",1592494
Premium Condo in Mumbai,"Mumbai, MH",Condo,1147,6,4,2010,Gym,1557498
Premium Townhouse in Chennai,"Chennai, TN",Townhouse,4813,1,4,1999,"Pool,Garden,Security,WiFi",1574695
Premium Apartment in Kolkata,"Kolkata, WB",Apartment,2512,1,3,2020,Garden,828425
Premium Condo in Bangalore,"Bangalore, KA",Condo,4552,4,1,2010,"Pool,WiFi,Security",2330978
Premium Villa in Mumbai,"Mumbai, MH",Villa,794,3,1,2001,"Garden,Parking,Pool",1304872
Premium Townhouse in Chennai,"Chennai, TN",Townhouse,2891,1,1,2007,"Security,Garden,Parking",1020408
Premium Townhouse in Kolkata,"Kolkata, WB",Townhouse,1701,6,1,2021,"Pool,Gym,Security,WiFi,Garden",787049
Premium Apartment in Delhi,"Delhi, DL",Apartment,2213,5,2,2022,"Pool,WiFi",1784321
Premium Villa in Pune,"Pune, MH",Villa,1580,6,2,2024,"Parking,Security,Gym",1305746
Premium Townhouse in Ahmedabad,"Ahmedabad, GJ",Townhouse,2232,1,4,1996,"Gym,Garden,WiFi,Pool",854677
Premium Townhouse in Bangalore,"Bangalore, KA",Townhouse,736,3,4,2010,"Garden,Parking,Pool,Security,WiFi",631596
Premium Penthouse in Hyderabad,"Hyderabad, TS",Penthouse,1968,6,4,1994,"Garden,Gym,WiFi,Parking,Pool",1750145
Premium Condo in Kolkata,"Kolkata, WB",Condo,4718,4,3,2003,"Security,Garden,Parking",1829577
Premium Apartment in Kolkata,"Kolkata, WB",Apartment,2057,3,3,2012,WiFi,861698
Premium Townhouse in Hyderabad,"Hyderabad, TS",Townhouse,3360,5,4,1993,"Security,Garden",1393126
Premium Condo in Chennai,"Chennai, TN",Condo,2908,2,3,1983,"WiFi,Garden,Security,Parking,Pool",1085050
Premium Villa in Hyderabad,"Hyderabad, TS",Villa,3867,6,2,2007,"Parking,Pool",2359068
Premium Apartment in Kolkata,"Kolkata, WB",Apartment,2736,6,1,1989,"WiFi,Parking,Security,Pool",1037580
Premium Penthouse in Delhi,"Delhi, DL",Penthouse,1403,1,4,2011,"Garden,Security,Gym,WiFi",2163650
Premium Townhouse in Ahmedabad,"Ahmedabad, GJ",Townhouse,4781,6,2,1993,Security,1609961
Premium Villa in Chennai,"Chennai, TN",Villa,776,6,2,2023,"Gym,Parking",824282
Premium Penthouse in Kolkata,"Kolkata, WB",Penthouse,3902,4,4,1999,"Security,Parking",2709862
Premium Penthouse in Chennai,"Chennai, TN",Penthouse,1755,5,2,2015,"Garden,Security,WiFi,Pool,Gym",1721551
Premium Condo in Kolkata,"Kolkata, WB",Condo,3790,2,2,2000,Parking,1345382
Premium Condo in Ahmedabad,"Ahmedabad, GJ",Condo,4390,3,3,2021,"Security,Parking,Gym,WiFi",1565487
Premium Condo in Bangalore,"Bangalore, KA",Condo,1995,3,4,2007,"Garden,Parking",1124356
Premium Villa in Ahmedabad,"Ahmedabad, GJ",Villa,2419,2,3,1983,"Garden,WiFi,Security,Pool",1282718
Premium Townhouse in Delhi,"Delhi, DL",Townhouse,4183,2,1,2006,"WiFi,Parking",2420016
Premium Townhouse in Chennai,"Chennai, TN",Townhouse,1104,5,2,2001,"Gym,Pool,Parking,Garden",620887
Premium Apartment in Mumbai,"Mumbai, MH",Apartment,1894,2,3,1988,"Security,Pool,Garden,WiFi,Parking",1377395
Premium Villa in Hyderabad,"Hyderabad, TS",Villa,2067,4,1,1982,"Pool,Garden,Gym,WiFi,Parking",1278945
Premium Condo in Mumbai,"Mumbai, MH",Condo,1994,4,4,2005,"WiFi,Gym,Garden",1764321
Premium Penthouse in Kolkata,"Kolkata, WB",Penthouse,3280,3,4,1983,"WiFi,Parking,Pool,Garden",2640260
Premium Apartment in Kolkata,"Kolkata, WB",Apartment,2330,3,4,2022,"Parking,Pool",846292
Premium Penthouse in Ahmedabad,"Ahmedabad, GJ",Penthouse,2284,3,3,2010,"Security,Garden",1673696
Premium Villa in Ahmedabad,"Ahmedabad, GJ",Villa,4838,6,2,1986,"WiFi,Gym,Garden,Security,Pool",2556589
Premium Apartment in Ahmedabad,"Ahmedabad, GJ",Apartment,4566,5,4,1990,"Parking,Pool",1754012
Premium Villa in Bangalore,"Bangalore, KA",Villa,3798,2,2,1986,"Security,Parking,WiFi,Gym,Pool",2846484
Premium Penthouse in Kolkata,"Kolkata, WB",Penthouse,663,2,1,1989,"Security,Garden,Gym,WiFi,Parking",575450
Premium Condo in Mumbai,"Mumbai, MH",Condo,2799,6,4,1999,"WiFi,Security,Pool,Gym,Garden",2320009
Premium Villa in Bangalore,"Bangalore, KA",Villa,4727,2,2,2011,"Pool,Parking,Gym,WiFi",3169878
Premium Apartment in Ahmedabad,"Ahmedabad, GJ",Apartment,4022,4,3,1982,"Gym,Pool,WiFi,Parking,Garden",1607529
Premium Apartment in Hyderabad,"Hyderabad, TS",Apartment,4989,6,2,1992,"Parking,WiFi",1919646
Premium Townhouse in Bangalore,"Bangalore, KA",Townhouse,4729,4,2,2011,"Parking,Security",2521694
Premium Apartment in Delhi,"Delhi, DL",Apartment,3929,6,2,1981,WiFi,2662584
Premium Apartment in Hyderabad,"Hyderabad, TS",Apartment,4367,6,1,1994,"Security,Gym,Garden",1762011
Premium Apartment in Bangalore,"Bangalore, KA",Apartment,4747,5,2,2019,"WiFi,Parking,Garden,Gym,Security",2623211
Premium Apartment in Ahmedabad,"Ahmedabad, GJ",Apartment,1597,5,4,1984,Security,868678
Premium Apartment in Bangalore,"Bangalore, KA",Apartment,1043,5,4,2020,Parking,881377
Premium Apartment in Mumbai,"Mumbai, MH",Apartment,2106,5,2,1992,"Garden,Security,Pool,Gym,WiFi",1711608
Premium Villa in Delhi,"Delhi, DL",Villa,4945,6,1,1983,"Garden,Parking",4906154
Premium Townhouse in Pune,"Pune, MH",Townhouse,4127,6,4,1987,Gym,1538659
Premium Villa in Ahmedabad,"Ahmedabad, GJ",Villa,1630,6,3,2003,"Security,WiFi,Gym",1150394
Premium Penthouse in Bangalore,"Bangalore, KA",Penthouse,862,5,2,1994,"Security,Gym,WiFi,Garden",1574527
Premium Apartment in Mumbai,"Mumbai, MH",Apartment,2118,5,4,1991,Parking,1811333
Premium Apartment in Mumbai,"Mumbai, MH",Apartment,3980,4,4,1983,Garden,2901706
Premium Villa in Kolkata,"Kolkata, WB",Villa,786,4,3,1987,"Gym,Garden,Security,Pool,Parking",716334
Premium Townhouse in Hyderabad,"Hyderabad, TS",Townhouse,1956,5,1,1982,"Parking,Garden,Pool,Gym",884149
Premium Townhouse in Pune,"Pune, MH",Townhouse,1124,2,2,1998,"Garden,WiFi",446041
Premium Condo in Chennai,"Chennai, TN",Condo,2141,4,1,2014,"Gym,Parking,WiFi,Pool,Garden",914622
Premium Townhouse in Mumbai,"Mumbai, MH",Townhouse,4635,2,3,2008,"WiFi,Parking,Security",3269009
Premium Condo in Pune,"Pune, MH",Condo,4642,2,1,2007,"Garden,Gym",1461147
Premium Penthouse in Delhi,"Delhi, DL",Penthouse,2558,5,2,2019,"Gym,Garden,Parking,WiFi",3970506
Premium Apartment in Ahmedabad,"Ahmedabad, GJ",Apartment,2812,2,4,1992,"Parking,Gym",951990
Premium Townhouse in Pune,"Pune, MH",Townhouse,1067,1,1,1980,"Garden,Pool,Gym,Parking",395751
Premium Townhouse in Chennai,"Chennai, TN",Townhouse,1345,2,2,1991,"Garden,Gym,Pool,Security,Parking",587796
Premium Penthouse in Ahmedabad,"Ahmedabad, GJ",Penthouse,3734,2,3,1998,Pool,2729328
Premium Townhouse in Hyderabad,"Hyderabad, TS",Townhouse,4832,1,4,1993,"Security,Pool",1431852
Premium Townhouse in Ahmedabad,"Ahmedabad, GJ",Townhouse,4727,5,2,2010,"Gym,Pool,WiFi,Garden",1785297
Premium Villa in Ahmedabad,"Ahmedabad, GJ",Villa,4621,5,1,2001,Garden,2592430
Premium Townhouse in Delhi,"Delhi, DL",Townhouse,696,5,1,1993,"Parking,WiFi,Gym",806865
Premium Penthouse in Delhi,"Delhi, DL",Penthouse,3025,6,2,2004,"Pool,Garden,Security,Gym,Parking",4597364
Premium Villa in Hyderabad,"Hyderabad, TS",Villa,2261,6,3,1981,"Garden,Gym,WiFi",1667025
Premium Apartment in Bangalore,"Bangalore, KA",Apartment,2378,3,1,1997,"Parking,Gym,Garden,Security",1412925
Premium Penthouse in Hyderabad,"Hyderabad, TS",Penthouse,4005,3,1,2002,Garden,2796069
Premium Townhouse in Mumbai,"Mumbai, MH",Townhouse,4547,5,1,1996,"Security,Parking",2982287
Premium Villa in Hyderabad,"Hyderabad, TS",Villa,4435,4,4,2023,"Gym,Pool,WiFi",2205373
Premium Apartment in Chennai,"Chennai, TN",Apartment,1030,4,1,1999,"Parking,Pool,Security,Gym",561163
Premium Penthouse in Delhi,"Delhi, DL",Penthouse,2942,1,1,2019,"WiFi,Pool,Garden",3705881
Premium Townhouse in Bangalore,"Bangalore, KA",Townhouse,1646,6,1,1988,"Parking,WiFi",1328123
Premium Townhouse in Hyderabad,"Hyderabad, TS",Townhouse,3090,4,4,2011,"Pool,Parking",1093188
Premium Townhouse in Mumbai,"Mumbai, MH",Townhouse,2134,2,2,1991,"Garden,Pool",1418028
Premium Townhouse in Delhi,"Delhi, DL",Townhouse,3767,4,1,1996,Security,2571028
Premium Penthouse in Delhi,"Delhi, DL",Penthouse,4382,1,4,1998,"Pool,Garden,Gym,WiFi",5701452
Premium Penthouse in Delhi,"Delhi, DL",Penthouse,1409,6,4,2009,"Garden,Gym,WiFi",2831636
Premium Villa in Chennai,"Chennai, TN",Villa,3800,1,3,1999,"Garden,Security,WiFi,Gym,Pool",1893992
Premium Apartment in Kolkata,"Kolkata, WB",Apartment,4129,1,4,2008,"Parking,Garden,Gym,WiFi,Pool",1331535
Premium Penthouse in Mumbai,"Mumbai, MH",Penthouse,1487,4,3,1993,"WiFi,Garden,Security,Pool",2901011
Premium Townhouse in Hyderabad,"Hyderabad, TS",Townhouse,2642,3,4,2003,"Gym,Parking,Pool,WiFi,Garden",1005825
Premium Penthouse in Mumbai,"Mumbai, MH",Penthouse,2342,6,2,1996,"Security,Parking,Gym,WiFi",4510449
Premium Condo in Bangalore,"Bangalore, KA",Condo,3974,3,1,1999,"Parking,WiFi,Security,Garden,Pool",1905588
Premium Townhouse in Hyderabad,"Hyderabad, TS",Townhouse,2137,5,4,1998,"Parking,Pool,Garden,Gym",904365
Premium Townhouse in Mumbai,"Mumbai, MH",Townhouse,4319,5,1,2021,"Parking,Gym",2978134
Premium Villa in Chennai,"Chennai, TN",Villa,4959,6,1,2009,"WiFi,Security,Pool,Garden,Parking",2446006
Premium Townhouse in Mumbai,"Mumbai, MH",Townhouse,4776,4,4,2002,Garden,3478534
Premium Villa in Ahmedabad,"Ahmedabad, GJ",Villa,4317,1,4,1981,"Garden,Security,Pool,Parking,Gym",2132449
Premium Villa in Ahmedabad,"Ahmedabad, GJ",Villa,755,6,1,1986,"Pool,WiFi",765275
Premium Villa in Mumbai,"Mumbai, MH",Villa,1171,3,3,2017,"Gym,WiFi",1742247
Premium Condo in Chennai,"Chennai, TN",Condo,4771,2,1,1999,"Security,Pool",1671015
Premium Condo in Delhi,"Delhi, DL",Condo,4158,6,4,2019,Pool,3044727
Premium Townhouse in Hyderabad,"Hyderabad, TS",Townhouse,1268,3,4,1997,"WiFi,Gym,Security,Pool,Garden",585086
Premium Apartment in Ahmedabad,"Ahmedabad, GJ",Apartment,4718,5,1,1991,"Security,Garden,Parking,Gym",1624411
Premium Condo in Mumbai,"Mumbai, MH",Condo,4623,1,2,2017,"Pool,WiFi,Garden,Gym,Security",3128780
Premium Townhouse in Kolkata,"Kolkata, WB",Townhouse,3370,4,1,2000,"WiFi,Pool,Parking,Security,Garden",1186995
Premium Townhouse in Hyderabad,"Hyderabad, TS",Townhouse,500,5,4,1992,"Garden,WiFi,Security,Gym",506378
Premium Penthouse in Pune,"Pune, MH",Penthouse,3867,6,4,1984,"Pool,Parking,WiFi",3321160
Premium Condo in Pune,"Pune, MH",Condo,1737,3,3,1987,Pool,658662
Premium Townhouse in Pune,"Pune, MH",Townhouse,672,5,1,2013,Parking,472827
Premium Penthouse in Hyderabad,"Hyderabad, TS",Penthouse,3772,2,1,1980,Security,2563309
Premium Condo in Delhi,"Delhi, DL",Condo,1861,5,3,1996,"WiFi,Pool,Garden,Parking,Security",1551680
Premium Townhouse in Bangalore,"Bangalore, KA",Townhouse,4161,5,3,2020,"WiFi,Garden,Gym,Security,Pool",2526246
Premium Penthouse in Chennai,"Chennai, TN",Penthouse,1798,2,4,2006,Security,1467902
Premium Villa in Bangalore,"Bangalore, KA",Villa,4829,6,1,1986,"WiFi,Security,Parking",4330683
Premium Apartment in Hyderabad,"Hyderabad, TS",Apartment,3422,2,2,1987,Pool,1181453
Premium Penthouse in Delhi,"Delhi, DL",Penthouse,2394,2,2,1992,"WiFi,Pool,Parking,Security",3076942
Premium Townhouse in Hyderabad,"Hyderabad, TS",Townhouse,1179,1,3,2000,"Gym,WiFi,Pool,Garden",440056
Premium Apartment in Delhi,"Delhi, DL",Apartment,965,1,1,1984,"WiFi,Pool,Security",668727
Premium Townhouse in Chennai,"Chennai, TN",Townhouse,4273,4,2,2003,"WiFi,Garden,Security,Gym,Pool",1606907
Premium Apartment in Ahmedabad,"Ahmedabad, GJ",Apartment,1825,4,2,1987,"Pool,Security",790746
Premium Townhouse in Delhi,"Delhi, DL",Townhouse,2600,2,3,1980,"Gym,Garden,Parking,WiFi,Pool",1712946
Premium Apartment in Delhi,"Delhi, DL",Apartment,1736,2,3,2004,"Security,Garden,Pool,Gym,Parking",1157779
Premium Villa in Pune,"Pune, MH",Villa,610,5,1,1984,WiFi,685367
Premium Townhouse in Kolkata,"Kolkata, WB",Townhouse,4498,3,1,1997,"Gym,Garden,Pool",1605936
Premium Condo in Ahmedabad,"Ahmedabad, GJ",Condo,2916,1,1,1987,Pool,905135
Premium Townhouse in Chennai,"Chennai, TN",Townhouse,4218,1,3,2019,"WiFi,Pool,Garden,Security",1311331
Premium Condo in Ahmedabad,"Ahmedabad, GJ",Condo,3749,6,1,1984,"Gym,Garden,Pool,Parking,WiFi",1390060
Premium Penthouse in Delhi,"Delhi, DL",Penthouse,2376,5,4,2004,WiFi,3698252
Premium Townhouse in Kolkata,"Kolkata, WB",Townhouse,2244,4,2,2020,"Parking,Pool",844715
Premium Villa in Mumbai,"Mumbai, MH",Villa,2131,5,1,2023,"Gym,Pool",2514474
Premium Penthouse in Bangalore,"Bangalore, KA",Penthouse,1072,1,4,2020,Gym,1482530
Premium Penthouse in Mumbai,"Mumbai, MH",Penthouse,3922,4,4,2010,"Gym,Security",5851637
Premium Penthouse in Delhi,"Delhi, DL",Penthouse,2448,2,1,2014,"Gym,Security,Pool,WiFi",2804635
Premium Apartment in Hyderabad,"Hyderabad, TS",Apartment,4047,4,3,2004,"WiFi,Pool,Gym,Garden,Security",1609659
Premium Villa in Chennai,"Chennai, TN",Villa,1035,6,2,1999,"Gym,WiFi,Garden,Security",1010172
Premium Condo in Pune,"Pune, MH",Condo,3049,6,1,1997,"WiFi,Gym,Parking,Pool,Garden",1124808
Premium Penthouse in Kolkata,"Kolkata, WB",Penthouse,1728,4,3,2018,"WiFi,Garden,Parking,Pool",1702254
Premium Villa in Chennai,"Chennai, TN",Villa,3581,2,1,1998,"Gym,Pool,WiFi,Parking",1892761
Premium Townhouse in Chennai,"Chennai, TN",Townhouse,1760,6,4,1992,Garden,826900
Premium Penthouse in Ahmedabad,"Ahmedabad, GJ",Penthouse,3901,4,2,1990,"Gym,Parking,Pool,Garden",2838084
Premium Apartment in Kolkata,"Kolkata, WB",Apartment,4569,4,3,2013,"Garden,Pool",1792510
Premium Villa in Bangalore,"Bangalore, KA",Villa,4373,1,1,2006,"Security,Gym,WiFi,Pool,Garden",3328552
Premium Condo in Delhi,"Delhi, DL",Condo,2939,5,4,1987,Garden,2323915
Premium Apartment in Bangalore,"Bangalore, KA",Apartment,3900,1,2,2017,"Garden,Security,Pool,WiFi,Parking",1867698
Premium Condo in Pune,"Pune, MH",Condo,884,3,4,2010,"Gym,Pool",480540
Premium Penthouse in Mumbai,"Mumbai, MH",Penthouse,1377,1,2,1990,"WiFi,Garden,Gym",2127529
Premium Villa in Bangalore,"Bangalore, KA",Villa,3644,5,4,2002,Gym,2921441
Premium Penthouse in Hyderabad,"Hyderabad, TS",Penthouse,3224,4,2,2011,"Parking,Security,Garden,Pool,Gym",2389024
Premium Apartment in Bangalore,"Bangalore, KA",Apartment,1844,3,1,1994,"Parking,Gym",1002969
Premium Condo in Bangalore,"Bangalore, KA",Condo,1817,5,1,1989,"WiFi,Security,Garden",1191006
Premium Condo in Hyderabad,"Hyderabad, TS",Condo,3017,1,3,2003,WiFi,941053
Premium Apartment in Bangalore,"Bangalore, KA",Apartment,2139,3,1,2004,Parking,1144922
Premium Villa in Pune,"Pune, MH",Villa,1773,4,1,2018,"Pool,Gym",1126155
Premium Penthouse in Bangalore,"Bangalore, KA",Penthouse,3332,2,3,2009,"Gym,Security,Parking,Garden",3562213
Premium Townhouse in Hyderabad,"Hyderabad, TS",Townhouse,1029,1,2,2004,Security,385276
Premium Townhouse in Pune,"Pune, MH",Townhouse,1169,3,1,1990,"Pool,Parking,Garden",484349
Premium Condo in Pune,"Pune, MH",Condo,1622,5,3,2021,"WiFi,Parking,Garden,Gym,Pool",771876
Premium Penthouse in Pune,"Pune, MH",Penthouse,3273,1,2,1987,Security,2092802
Premium Condo in Hyderabad,"Hyderabad, TS",Condo,3160,6,4,2016,Security,1353655
Premium Penthouse in Kolkata,"Kolkata, WB",Penthouse,4362,6,2,2021,"Security,Parking,Gym,Garden",3022223
Premium Apartment in Hyderabad,"Hyderabad, TS",Apartment,1898,2,2,1982,Gym,688060
Premium Penthouse in Kolkata,"Kolkata, WB",Penthouse,4277,1,2,2023,"Gym,WiFi,Pool,Security",2960845
Premium Townhouse in Ahmedabad,"Ahmedabad, GJ",Townhouse,1461,5,1,2018,"Parking,Garden,WiFi,Pool",674001
Premium Villa in Pune,"Pune, MH",Villa,943,3,1,1982,"Gym,Security,WiFi,Parking,Garden",612234
Premium Condo in Mumbai,"Mumbai, MH",Condo,2090,5,4,1985,"Security,Garden,Gym,WiFi,Pool",1831406
Premium Apartment in Chennai,"Chennai, TN",Apartment,2627,3,1,2014,Gym,972567
Premium Condo in Ahmedabad,"Ahmedabad, GJ",Condo,3816,2,1,1996,WiFi,1311310
Premium Townhouse in Hyderabad,"Hyderabad, TS",Townhouse,2060,3,4,2001,Security,919848
Premium Villa in Chennai,"Chennai, TN",Villa,3706,4,1,1998,Parking,1975352
Premium Penthouse in Chennai,"Chennai, TN",Penthouse,3542,5,2,2002,"Security,Gym,WiFi,Pool,Garden",2640946
Premium Condo in Hyderabad,"Hyderabad, TS",Condo,2596,4,3,1991,"Gym,Security,Garden,WiFi,Parking",1098734
Premium Penthouse in Delhi,"Delhi, DL",Penthouse,4323,6,4,2018,"Parking,Garden,WiFi",5633562
Premium Townhouse in Ahmedabad,"Ahmedabad, GJ",Townhouse,4983,2,3,2020,"Parking,Security",1638581
Premium Apartment in Bangalore,"Bangalore, KA",Apartment,4721,5,3,2005,"Garden,Pool,Parking",2793677
Premium Townhouse in Kolkata,"Kolkata, WB",Townhouse,4608,6,2,2000,"WiFi,Gym",1832283
Premium Apartment in Mumbai,"Mumbai, MH",Apartment,4246,1,2,2017,Parking,2986809
Premium Condo in Bangalore,"Bangalore, KA",Condo,4894,3,2,2021,"Parking,Gym,Security",2694877
Premium Penthouse in Pune,"Pune, MH",Penthouse,845,5,3,2003,Pool,1015947
Premium Condo in Ahmedabad,"Ahmedabad, GJ",Condo,3047,5,4,2019,Security,1299543
Premium Villa in Chennai,"Chennai, TN",Villa,3554,2,1,1995,"WiFi,Pool,Security,Parking",1671508
Premium Condo in Kolkata,"Kolkata, WB",Condo,3967,2,2,1997,Security,1403029
Premium Apartment in Pune,"Pune, MH",Apartment,3585,5,1,2020,"Parking,WiFi,Gym,Pool",1215331
Premium Condo in Mumbai,"Mumbai, MH",Condo,1082,6,2,1995,"Garden,Security",1328307
Premium Townhouse in Chennai,"Chennai, TN",Townhouse,3307,5,1,1994,WiFi,1226324
Premium Townhouse in Mumbai,"Mumbai, MH",Townhouse,1024,5,1,2012,Security,1086060
Premium Apartment in Chennai,"Chennai, TN",Apartment,1629,4,4,2023,"Security,Pool",777049
Premium Villa in Mumbai,"Mumbai, MH",Villa,542,3,4,1983,"Gym,Garden",1188417
Premium Townhouse in Hyderabad,"Hyderabad, TS",Townhouse,3916,4,2,2017,"Pool,Security,Parking,Gym",1528390
Premium Penthouse in Mumbai,"Mumbai, MH",Penthouse,4133,2,2,2014,"Parking,WiFi,Security",5757932
Premium Villa in Mumbai,"Mumbai, MH",Villa,4996,3,4,2007,"Security,WiFi,Parking,Garden,Pool",5243013
Premium Condo in Mumbai,"Mumbai, MH",Condo,1902,1,3,2003,"WiFi,Gym,Garden,Pool",1416267
Premium Townhouse in Hyderabad,"Hyderabad, TS",Townhouse,4715,1,2,2012,WiFi,1426770
Premium Apartment in Kolkata,"Kolkata, WB",Apartment,4880,4,2,2007,"Parking,Garden,WiFi,Pool,Gym",1784455
Premium Condo in Kolkata,"Kolkata, WB",Condo,1565,5,3,2016,"Garden,Gym,Pool,Parking",748102
Premium Condo in Delhi,"Delhi, DL",Condo,749,5,3,2007,"Pool,Security",913963
Premium Penthouse in Pune,"Pune, MH",Penthouse,4022,3,3,1994,"WiFi,Garden,Security,Parking,Pool",2942382
Premium Penthouse in Mumbai,"Mumbai, MH",Penthouse,3847,5,4,1993,"Parking,Garden,Gym,Pool",6517186
Premium Penthouse in Hyderabad,"Hyderabad, TS",Penthouse,2720,3,2,2002,"Pool,Security,WiFi",1895587
Premium Apartment in Kolkata,"Kolkata, WB",Apartment,2984,5,4,1997,"Parking,Gym",1300838
Premium Condo in Bangalore,"Bangalore, KA",Condo,1797,1,3,1986,Security,995978
Premium Penthouse in Ahmedabad,"Ahmedabad, GJ",Penthouse,1558,3,3,2005,"Gym,Garden,WiFi,Pool",1468645
Premium Apartment in Bangalore,"Bangalore, KA",Apartment,1512,3,1,2008,"WiFi,Security,Gym",866170
Premium Penthouse in Bangalore,"Bangalore, KA",Penthouse,3957,6,4,1987,"Gym,Parking,Security,Garden,WiFi",4539830
Premium Condo in Chennai,"Chennai, TN",Condo,4122,1,4,1980,"Parking,Garden,Gym,WiFi",1397095
Premium Townhouse in Bangalore,"Bangalore, KA",Townhouse,3046,3,3,2002,"Security,WiFi",1845143
Premium Villa in Kolkata,"Kolkata, WB",Villa,3652,2,4,1987,"Gym,Parking,Security,Garden",1893265
Premium Apartment in Bangalore,"Bangalore, KA",Apartment,2867,1,4,1982,"Security,Pool,WiFi",1599427
Premium Condo in Mumbai,"Mumbai, MH",Condo,3354,5,4,2010,"Gym,Parking,Pool",2670126
Premium Townhouse in Delhi,"Delhi, DL",Townhouse,4079,1,4,2019,Gym,2630819
Premium Villa in Hyderabad,"Hyderabad, TS",Villa,2749,6,4,2019,"Parking,WiFi,Security,Gym",1864030
Premium Townhouse in Pune,"Pune, MH",Townhouse,3157,6,4,2018,"Pool,Garden,Parking",1417645
Premium Penthouse in Chennai,"Chennai, TN",Penthouse,4774,5,1,1989,"Pool,Parking,Security",3700020
Premium Condo in Hyderabad,"Hyderabad, TS",Condo,1152,1,3,1994,"Security,Gym,Pool,WiFi,Garden",497161
Premium Penthouse in Bangalore,"Bangalore, KA",Penthouse,4562,5,4,1982,"Garden,Pool,WiFi",5015606
Premium Apartment in Ahmedabad,"Ahmedabad, GJ",Apartment,4758,5,2,2006,"WiFi,Gym",1875852
Premium Apartment in Mumbai,"Mumbai, MH",Apartment,2698,6,2,1996,"Parking,Garden,Pool,WiFi,Security",2479697
Premium Villa in Chennai,"Chennai, TN",Villa,4547,6,4,2008,"Pool,WiFi,Parking,Garden,Gym",2843257
Premium Apartment in Bangalore,"Bangalore, KA",Apartment,2562,5,2,1995,"Parking,Pool,WiFi,Garden,Gym",1643711
Premium Condo in Delhi,"Delhi, DL",Condo,3337,4,3,1987,"Pool,Garden,Parking",2152557
Premium Villa in Pune,"Pune, MH",Villa,3131,6,1,1996,"Gym,Pool,Parking,WiFi",1804988
Premium Penthouse in Bangalore,"Bangalore, KA",Penthouse,3694,2,2,1986,Garden,3456136
Premium Villa in Bangalore,"Bangalore, KA",Villa,4275,2,1,1993,"Pool,WiFi",3232797
Premium Condo in Mumbai,"Mumbai, MH",Condo,928,5,3,2006,"Security,Gym",1243277
Premium Apartment in Hyderabad,"Hyderabad, TS",Apartment,1783,2,1,2015,"Parking,Pool,WiFi",621517
Premium Villa in Hyderabad,"Hyderabad, TS",Villa,3721,1,2,2001,"Garden,Pool",1706013
Premium Apartment in Delhi,"Delhi, DL",Apartment,1239,4,4,2002,"Parking,WiFi,Pool,Garden",1268991
Premium Condo in Ahmedabad,"Ahmedabad, GJ",Condo,4442,6,4,2010,"WiFi,Garden,Pool,Parking,Security",1615835
Premium Villa in Chennai,"Chennai, TN",Villa,3813,5,2,1983,"WiFi,Gym,Parking,Garden,Security",2348640
Premium Condo in Ahmedabad,"Ahmedabad, GJ",Condo,3858,3,2,1980,"Gym,Parking",1284678
Premium Apartment in Bangalore,"Bangalore, KA",Apartment,1719,2,1,2019,"Gym,WiFi,Pool,Security,Garden",962295
Premium Penthouse in Mumbai,"Mumbai, MH",Penthouse,3300,6,2,1989,"WiFi,Parking,Security,Garden,Pool",5220248
Premium Townhouse in Hyderabad,"Hyderabad, TS",Townhouse,547,4,2,2021,"WiFi,Garden,Pool",415078
Premium Condo in Hyderabad,"Hyderabad, TS",Condo,4468,1,4,2014,"Pool,Parking,Security",1426178
Premium Villa in Bangalore,"Bangalore, KA",Villa,3935,3,2,2018,Garden,3191705
Premium Penthouse in Hyderabad,"Hyderabad, TS",Penthouse,4295,1,3,1989,"Pool,Gym,Parking",2918116
Premium Townhouse in Bangalore,"Bangalore, KA",Townhouse,3726,5,4,2023,"WiFi,Garden,Security",2261476
Premium Condo in Chennai,"Chennai, TN",Condo,2440,5,3,2008,Garden,961141
Premium Penthouse in Chennai,"Chennai, TN",Penthouse,3928,2,2,1990,WiFi,2834863
Premium Apartment in Ahmedabad,"Ahmedabad, GJ",Apartment,3448,3,2,1983,"Gym,Parking,Pool,Garden,Security",1177549
Premium Villa in Delhi,"Delhi, DL",Villa,1749,2,1,2005,"Security,Garden,Gym,WiFi",1606112
Premium Condo in Hyderabad,"Hyderabad, TS",Condo,4945,1,1,2018,"Parking,WiFi",1426165
Premium Penthouse in Delhi,"Delhi, DL",Penthouse,3342,3,3,2005,"Pool,Gym,Parking",4225081
Premium Villa in Hyderabad,"Hyderabad, TS",Villa,3584,6,4,1999,"Garden,Parking",2094190
Premium Apartment in Delhi,"Delhi, DL",Apartment,1953,4,1,2000,Security,1404992
Premium Villa in Hyderabad,"Hyderabad, TS",Villa,3365,3,1,2013,"Garden,Gym,Pool,WiFi",1743869
Premium Townhouse in Chennai,"Chennai, TN",Townhouse,2121,5,3,2003,"Gym,Parking",917706
Premium Villa in Chennai,"Chennai, TN",Villa,4156,3,3,1980,"Gym,Pool,Parking,Security",2376161
Premium Townhouse in Delhi,"Delhi, DL",Townhouse,1170,2,1,2022,"Garden,Security,Parking",906989
Premium Villa in Kolkata,"Kolkata, WB",Villa,3330,6,4,1988,"Gym,Security,Garden,WiFi",1919369
Premium Condo in Pune,"Pune, MH",Condo,3140,4,2,2012,"Pool,WiFi",1110061
Premium Condo in Bangalore,"Bangalore, KA",Condo,3929,4,4,1995,"WiFi,Gym,Security,Pool,Parking",2138497
Premium Townhouse in Pune,"Pune, MH",Townhouse,803,1,3,2007,"WiFi,Parking,Security,Gym",361875
Premium Townhouse in Bangalore,"Bangalore, KA",Townhouse,4874,3,2,1984,"Garden,Gym",2460739
Premium Condo in Hyderabad,"Hyderabad, TS",Condo,1621,4,4,2004,"Pool,Garden",724104
Premium Penthouse in Chennai,"Chennai, TN",Penthouse,4378,2,4,1996,"Parking,WiFi,Garden,Gym,Security",2968145
Premium Penthouse in Delhi,"Delhi, DL",Penthouse,1238,1,3,2016,Garden,1773861
Premium Penthouse in Pune,"Pune, MH",Penthouse,834,6,1,2012,Pool,1038092
Premium Condo in Pune,"Pune, MH",Condo,515,6,2,2006,WiFi,515972
Premium Condo in Delhi,"Delhi, DL",Condo,1587,6,3,1994,"Pool,Parking,Gym,WiFi,Garden",1639394
Premium Townhouse in Delhi,"Delhi, DL",Townhouse,739,4,4,2022,"Parking,Pool",883281
Premium Penthouse in Pune,"Pune, MH",Penthouse,2862,4,3,2004,"Security,Pool,Garden",2246668
Premium Townhouse in Chennai,"Chennai, TN",Townhouse,1961,5,3,1981,Parking,862803
Premium Villa in Kolkata,"Kolkata, WB",Villa,1735,6,4,2004,"WiFi,Gym,Parking,Pool,Security",1223503
Premium Penthouse in Pune,"Pune, MH",Penthouse,633,4,1,2000,"Parking,WiFi,Garden,Gym",762452
Premium Penthouse in Pune,"Pune, MH",Penthouse,2295,3,2,1984,"Parking,Pool",1587170
Premium Penthouse in Bangalore,"Bangalore, KA",Penthouse,1259,6,1,1998,"Security,Parking,Gym,Pool,Garden",2234954
Premium Penthouse in Kolkata,"Kolkata, WB",Penthouse,3913,1,1,2000,"Pool,Security,Garden,Gym",2240229
Premium Condo in Chennai,"Chennai, TN",Condo,562,2,2,2014,Gym,329988
Premium Condo in Hyderabad,"Hyderabad, TS",Condo,3103,5,1,2013,Gym,1302571
Premium Penthouse in Pune,"Pune, MH",Penthouse,3946,6,3,1984,"WiFi,Pool,Garden,Gym,Parking",2867508
Premium Condo in Hyderabad,"Hyderabad, TS",Condo,3171,5,2,2003,Garden,1214274
Premium Apartment in Hyderabad,"Hyderabad, TS",Apartment,1119,3,2,2007,"Garden,Pool,Gym,WiFi",514732
Premium Apartment in Pune,"Pune, MH",Apartment,1839,1,3,2020,"WiFi,Security,Parking",715865
Premium Condo in Pune,"Pune, MH",Condo,3808,4,2,2011,"Security,Parking,Garden,Pool,Gym",1469004
Premium Apartment in Mumbai,"Mumbai, MH",Apartment,3470,2,1,2013,Garden,2148860
Premium Townhouse in Ahmedabad,"Ahmedabad, GJ",Townhouse,1582,2,3,2012,"Pool,Garden",692753
Premium Condo in Ahmedabad,"Ahmedabad, GJ",Condo,3987,2,4,2023,"Security,Parking,Pool,Garden",1448017
Premium Villa in Kolkata,"Kolkata, WB",Villa,4424,2,2,1987,"WiFi,Garden,Pool,Gym,Parking",2122935
Premium Townhouse in Chennai,"Chennai, TN",Townhouse,1289,5,2,1991,"Gym,Security,Parking",680829
Premium Apartment in Kolkata,"Kolkata, WB",Apartment,3645,1,3,2005,"Garden,Parking,Security,Gym",1111851
Premium Villa in Kolkata,"Kolkata, WB",Villa,525,6,3,1981,"Security,WiFi,Pool,Gym,Parking",767800
Premium Apartment in Pune,"Pune, MH",Apartment,1794,4,3,2002,"Parking,Pool,Garden",802400
Premium Villa in Hyderabad,"Hyderabad, TS",Villa,2917,6,4,1999,Parking,1928454
Premium Condo in Bangalore,"Bangalore, KA",Condo,4204,4,2,2020,"Garden,Security,Gym",2100739
Premium Apartment in Chennai,"Chennai, TN",Apartment,3261,4,3,2021,"Garden,Pool,Gym,Parking,WiFi",1206270
Premium Townhouse in Chennai,"Chennai, TN",Townhouse,3597,5,4,2004,"Gym,Parking",1320931
Premium Apartment in Pune,"Pune, MH",Apartment,4355,3,3,2021,"Security,WiFi",1589580
Premium Townhouse in Mumbai,"Mumbai, MH",Townhouse,3396,5,3,2003,"Gym,Pool,Garden",2556121
Premium Condo in Bangalore,"Bangalore, KA",Condo,3643,4,4,2009,"Parking,WiFi,Pool",1924106
Premium Villa in Chennai,"Chennai, TN",Villa,1314,6,2,1984,"Parking,WiFi,Gym",1019301
Premium Villa in Hyderabad,"Hyderabad, TS",Villa,2240,6,4,1997,Pool,1517552
Premium Condo in Chennai,"Chennai, TN",Condo,4409,6,4,1987,"Parking,Security,Gym,WiFi",1670303
Premium Penthouse in Pune,"Pune, MH",Penthouse,3859,5,4,1987,"Parking,Gym",3262076
Premium Penthouse in Kolkata,"Kolkata, WB",Penthouse,4731,1,3,1997,"Gym,Parking,WiFi",2942043
Premium Villa in Pune,"Pune, MH",Villa,4887,1,4,1986,"WiFi,Gym,Pool,Parking",2319005
Premium Apartment in Kolkata,"Kolkata, WB",Apartment,3400,4,3,2012,"Security,WiFi",1241449
Premium Condo in Pune,"Pune, MH",Condo,4729,1,3,1995,"WiFi,Parking",1611826
Premium Apartment in Kolkata,"Kolkata, WB",Apartment,1456,4,4,1996,"Pool,Garden,Gym,Parking",733390
Premium Condo in Hyderabad,"Hyderabad, TS",Condo,1874,1,3,1992,"WiFi,Parking,Garden,Gym",637065
Premium Penthouse in Mumbai,"Mumbai, MH",Penthouse,3151,3,4,2017,"Security,Garden,Pool,Parking",4722783
Premium Condo in Ahmedabad,"Ahmedabad, GJ",Condo,4052,1,3,2007,"Parking,Garden,WiFi",1354150
Premium Townhouse in Pune,"Pune, MH",Townhouse,3078,3,4,2000,"Security,Parking,WiFi,Gym,Garden",1062597
Premium Villa in Pune,"Pune, MH",Villa,3229,6,4,2013,WiFi,1827861
Premium Apartment in Kolkata,"Kolkata, WB",Apartment,616,1,3,2012,"Gym,Garden,Parking",288574
Premium Penthouse in Mumbai,"Mumbai, MH",Penthouse,1829,1,3,1999,"Pool,WiFi,Security",2744947
Premium Condo in Ahmedabad,"Ahmedabad, GJ",Condo,4866,1,4,2012,"Security,WiFi,Garden",1485114
Premium Condo in Delhi,"Delhi, DL",Condo,2622,4,4,2013,"Security,Pool,Parking,Garden",2108724
Premium Villa in Pune,"Pune, MH",Villa,2399,5,1,2007,"Pool,Gym,Parking,WiFi,Security",1514247
Premium Apartment in Pune,"Pune, MH",Apartment,821,4,1,1981,"Garden,Gym,WiFi,Security,Pool",492651
Premium Penthouse in Mumbai,"Mumbai, MH",Penthouse,3893,5,1,2018,"Garden,Parking,Security,Gym,WiFi",5918452
Premium Penthouse in Ahmedabad,"Ahmedabad, GJ",Penthouse,3451,6,4,2022,"Parking,Pool,Security,Garden,Gym",3017091
Premium Condo in Delhi,"Delhi, DL",Condo,4016,1,2,2004,Parking,2310531
Premium Penthouse in Kolkata,"Kolkata, WB",Penthouse,3968,3,1,1988,"Pool,WiFi,Security",2639079
Premium Penthouse in Chennai,"Chennai, TN",Penthouse,2361,1,3,1997,"Pool,Security",1497205
Premium Penthouse in Delhi,"Delhi, DL",Penthouse,890,1,4,2024,"Gym,WiFi,Security,Pool",1530796
Premium Condo in Hyderabad,"Hyderabad, TS",Condo,680,4,4,1990,Security,475443
Premium Condo in Hyderabad,"Hyderabad, TS",Condo,1497,2,4,2000,"WiFi,Parking",592879
Premium Condo in Bangalore,"Bangalore, KA",Condo,1337,4,2,1984,"Gym,Security,Garden,Parking",875989
Premium Townhouse in Hyderabad,"Hyderabad, TS",Townhouse,1351,3,3,2000,"Parking,Pool",637031
Premium Villa in Kolkata,"Kolkata, WB",Villa,914,5,2,1993,"Pool,WiFi,Parking,Gym",897320
Premium Penthouse in Ahmedabad,"Ahmedabad, GJ",Penthouse,1671,5,1,1984,"Parking,Gym,Pool,WiFi",1476431
Premium Villa in Chennai,"Chennai, TN",Villa,4734,3,4,1988,"Garden,Gym,WiFi",2366845
Premium Villa in Hyderabad,"Hyderabad, TS",Villa,3326,3,3,1999,"Security,Parking,Garden",1662001
Premium Townhouse in Delhi,"Delhi, DL",Townhouse,1999,6,1,2020,"Parking,Gym,Pool,Garden",1798927
Premium Villa in Chennai,"Chennai, TN",Villa,961,2,4,2023,"Gym,Garden,Security",730365
Premium Apartment in Bangalore,"Bangalore, KA",Apartment,3986,3,3,1980,"Parking,Garden",2235172
Premium Condo in Kolkata,"Kolkata, WB",Condo,2810,4,4,2010,"Parking,Garden,Pool",1096009
Premium Townhouse in Hyderabad,"Hyderabad, TS",Townhouse,1439,6,1,2003,"WiFi,Security",720296
Premium Penthouse in Hyderabad,"Hyderabad, TS",Penthouse,1237,1,1,2019,"Garden,Pool,Parking,WiFi,Security",835653
Premium Apartment in Hyderabad,"Hyderabad, TS",Apartment,2792,5,2,1990,"Pool,Garden,Security,Gym,WiFi",1133393
Premium Penthouse in Bangalore,"Bangalore, KA",Penthouse,1656,1,4,2024,"Gym,Security,Garden",1899040
Premium Condo in Ahmedabad,"Ahmedabad, GJ",Condo,1170,6,2,1982,"Garden,Pool,Parking,Gym,Security",713418
Premium Townhouse in Mumbai,"Mumbai, MH",Townhouse,2388,3,1,1991,"Security,Garden,Parking,Gym",1696942
Premium Condo in Bangalore,"Bangalore, KA",Condo,918,3,1,2002,"Parking,WiFi,Security",699911
Premium Apartment in Hyderabad,"Hyderabad, TS",Apartment,4499,2,3,1992,Gym,1430778
Premium Penthouse in Hyderabad,"Hyderabad, TS",Penthouse,4128,5,4,2003,"Pool,WiFi,Garden,Parking",3389327
Premium Villa in Bangalore,"Bangalore, KA",Villa,1125,4,2,2001,"Garden,Gym,Pool,Security",1356958
Premium Condo in Kolkata,"Kolkata, WB",Condo,2551,4,2,1996,WiFi,930902
Premium Penthouse in Kolkata,"Kolkata, WB",Penthouse,4059,4,4,1994,Security,2813003
Premium Penthouse in Kolkata,"Kolkata, WB",Penthouse,4524,3,2,2008,"Gym,Parking,Security,WiFi,Garden",2986740
Premium Villa in Hyderabad,"Hyderabad, TS",Villa,1900,1,1,2009,"Security,WiFi,Pool,Parking,Gym",900637
Premium Penthouse in Ahmedabad,"Ahmedabad, GJ",Penthouse,2040,4,3,1996,"Parking,Gym",1807221
Premium Condo in Delhi,"Delhi, DL",Condo,3903,1,1,1988,"WiFi,Pool",2065901
Premium Townhouse in Ahmedabad,"Ahmedabad, GJ",Townhouse,3674,4,3,1980,"Parking,Security",1271179
Premium Townhouse in Mumbai,"Mumbai, MH",Townhouse,1187,3,4,2024,"Garden,Gym",1160329
Premium Villa in Delhi,"Delhi, DL",Villa,4844,1,3,1994,"WiFi,Garden,Security,Pool",4263180
Premium Apartment in Delhi,"Delhi, DL",Apartment,503,3,2,2006,"Security,Pool",555583
Premium Villa in Delhi,"Delhi, DL",Villa,2476,4,3,2008,"Security,WiFi,Parking,Pool",2685186
Premium Apartment in Bangalore,"Bangalore, KA",Apartment,2693,1,3,2022,"WiFi,Gym,Security,Parking",1453432
Premium Penthouse in Chennai,"Chennai, TN",Penthouse,3353,3,3,2015,"WiFi,Pool",2464164
Premium Condo in Mumbai,"Mumbai, MH",Condo,4518,3,1,2011,"Garden,Gym,Pool,WiFi",3346795
Premium Villa in Mumbai,"Mumbai, MH",Villa,4003,3,3,2005,"Garden,Parking",4129970
Premium Villa in Ahmedabad,"Ahmedabad, GJ",Villa,3521,2,4,1995,"WiFi,Pool",1677337
Premium Apartment in Kolkata,"Kolkata, WB",Apartment,4704,5,1,1993,"Security,Garden,Gym,WiFi",1583816
Premium Condo in Bangalore,"Bangalore, KA",Condo,4309,6,1,1986,"Security,Parking,Gym,Garden,Pool",2256496
Premium Penthouse in Bangalore,"Bangalore, KA",Penthouse,521,4,4,2019,"Security,Garden",1229734
Premium Townhouse in Chennai,"Chennai, TN",Townhouse,1394,1,3,2021,Gym,579717
Premium Penthouse in Mumbai,"Mumbai, MH",Penthouse,2281,2,1,2015,WiFi,3221657
Premium Apartment in Hyderabad,"Hyderabad, TS",Apartment,1779,5,3,1988,Garden,878863
Premium Townhouse in Chennai,"Chennai, TN",Townhouse,1985,3,4,2012,WiFi,831178
Premium Penthouse in Bangalore,"Bangalore, KA",Penthouse,657,5,3,2007,"Security,WiFi,Pool,Garden,Gym",1511287
Premium Apartment in Bangalore,"Bangalore, KA",Apartment,3780,5,3,1984,WiFi,2229490
Premium Townhouse in Pune,"Pune, MH",Townhouse,4571,6,1,1999,"Gym,Parking,Security,WiFi",1710042
Premium Villa in Delhi,"Delhi, DL",Villa,2194,5,4,1993,WiFi,2467686
Premium Penthouse in Kolkata,"Kolkata, WB",Penthouse,1934,5,4,2022,"Gym,Parking,Garden",1956473
Premium Apartment in Hyderabad,"Hyderabad, TS",Apartment,2503,3,1,1996,"WiFi,Security,Parking",976808
Premium Villa in Pune,"Pune, MH",Villa,2549,4,2,1993,"Parking,WiFi,Security,Gym,Garden",1416875
Premium Condo in Hyderabad,"Hyderabad, TS",Condo,4856,5,1,2001,"WiFi,Garden,Gym",1762304
Premium Penthouse in Bangalore,"Bangalore, KA",Penthouse,1093,2,2,1986,"Gym,WiFi,Pool,Parking,Security",1527746
Premium Apartment in Ahmedabad,"Ahmedabad, GJ",Apartment,4118,6,2,2021,"Parking,Garden,Gym,Security",1508780
Premium Condo in Ahmedabad,"Ahmedabad, GJ",Condo,1298,6,2,2019,"Parking,Gym,Pool,Security",734938
Premium Villa in Pune,"Pune, MH",Villa,1918,2,3,2000,"Security,Garden",1102446
Premium Penthouse in Mumbai,"Mumbai, MH",Penthouse,2164,3,2,1990,"Security,WiFi,Parking,Garden,Gym",3331507
Premium Condo in Mumbai,"Mumbai, MH",Condo,1208,5,1,2016,"Security,WiFi,Gym,Parking",1142091
Premium Villa in Chennai,"Chennai, TN",Villa,1544,1,2,2020,"WiFi,Security,Pool",836868
Premium Townhouse in Pune,"Pune, MH",Townhouse,2538,5,3,1994,Parking,1175151
Premium Apartment in Kolkata,"Kolkata, WB",Apartment,2993,5,1,1985,Pool,1081622
Premium Townhouse in Bangalore,"Bangalore, KA",Townhouse,1985,1,2,1980,"Security,Garden,Parking",1117897
Premium Villa in Mumbai,"Mumbai, MH",Villa,1020,6,2,2007,"Parking,Gym,Security,WiFi",2036375
Premium Villa in Mumbai,"Mumbai, MH",Villa,1998,2,2,2009,"Garden,Security,WiFi",2327075
Premium Apartment in Hyderabad,"Hyderabad, TS",Apartment,3042,3,2,1987,"Pool,Gym,Security,Parking,WiFi",1079187
Premium Apartment in Bangalore,"Bangalore, KA",Apartment,3490,4,1,1990,WiFi,1810829
Premium Townhouse in Mumbai,"Mumbai, MH",Townhouse,2384,6,3,1981,"WiFi,Garden,Gym,Pool",2216971
Premium Townhouse in Hyderabad,"Hyderabad, TS",Townhouse,3657,2,1,2010,WiFi,1262311
Premium Condo in Mumbai,"Mumbai, MH",Condo,3750,4,1,2021,"WiFi,Pool",2884314
Premium Penthouse in Delhi,"Delhi, DL",Penthouse,3765,4,4,2019,Garden,5233990
Premium Penthouse in Mumbai,"Mumbai, MH",Penthouse,2070,3,1,2024,"Garden,Security",3147148
Premium Apartment in Pune,"Pune, MH",Apartment,881,3,2,1988,"Security,Parking,Garden,Gym,Pool",490274
Premium Villa in Mumbai,"Mumbai, MH",Villa,1766,1,1,2012,"Garden,Security,Pool,WiFi",1643029
Premium Apartment in Bangalore,"Bangalore, KA",Apartment,4314,2,2,2008,"Gym,Parking,Garden,Pool",2193864
Premium Penthouse in Pune,"Pune, MH",Penthouse,680,4,2,2015,Garden,943446
Premium Apartment in Chennai,"Chennai, TN",Apartment,3169,3,2,1994,"Parking,WiFi",1137564
Premium Apartment in Chennai,"Chennai, TN",Apartment,2061,1,1,1980,"Pool,WiFi,Gym,Security,Garden",665501
Premium Apartment in Pune,"Pune, MH",Apartment,4421,3,4,1982,"Pool,Gym",1542997
Premium Penthouse in Kolkata,"Kolkata, WB",Penthouse,1299,1,1,1989,"Gym,Security",862345
Premium Condo in Bangalore,"Bangalore, KA",Condo,540,1,3,2013,"Security,Parking,Gym,Garden,WiFi",400239
Premium Penthouse in Mumbai,"Mumbai, MH",Penthouse,4505,4,4,2019,Gym,7082755
Premium Penthouse in Mumbai,"Mumbai, MH",Penthouse,4389,4,3,1985,"Pool,Parking,Security,Gym",6886758
Premium Villa in Pune,"Pune, MH",Villa,2568,6,3,2017,Security,1655838
Premium Penthouse in Ahmedabad,"Ahmedabad, GJ",Penthouse,3405,2,2,1988,"Parking,Pool",2415271
Premium Apartment in Chennai,"Chennai, TN",Apartment,2613,2,4,1995,Garden,970106
Premium Condo in Pune,"Pune, MH",Condo,4236,4,1,2002,WiFi,1378782
Premium Townhouse in Delhi,"Delhi, DL",Townhouse,2050,3,2,2019,"Pool,WiFi,Parking,Gym,Security",1564445
Premium Penthouse in Ahmedabad,"Ahmedabad, GJ",Penthouse,612,3,1,2012,"WiFi,Garden",692317
Premium Penthouse in Delhi,"Delhi, DL",Penthouse,3507,1,2,1992,Garden,3901088
Premium Townhouse in Mumbai,"Mumbai, MH",Townhouse,4599,3,3,2001,"Garden,Parking,WiFi,Security",3137169
Premium Villa in Mumbai,"Mumbai, MH",Villa,3578,3,3,1982,"WiFi,Garden,Security",3788090
Premium Villa in Delhi,"Delhi, DL",Villa,948,6,2,2002,"Security,Pool,Garden",1629104
Premium Apartment in Kolkata,"Kolkata, WB",Apartment,1577,4,1,1997,"WiFi,Gym,Pool",679882
Premium Townhouse in Ahmedabad,"Ahmedabad, GJ",Townhouse,1192,4,4,1998,"WiFi,Gym,Garden,Security",607084
Premium Villa in Delhi,"Delhi, DL",Villa,3235,6,4,1997,"Security,Garden,WiFi,Gym,Parking",3690770
Premium Penthouse in Mumbai,"Mumbai, MH",Penthouse,2069,3,1,2008,WiFi,3109649
Premium Penthouse in Delhi,"Delhi, DL",Penthouse,852,4,2,2023,"Garden,Security,Gym,Pool,Parking",1645433
Premium Condo in Kolkata,"Kolkata, WB",Condo,3186,2,1,2014,"Gym,Security,Garden",972485
Premium Townhouse in Chennai,"Chennai, TN",Townhouse,4150,4,1,1995,"Gym,Security,Parking,Garden",1371463
Premium Apartment in Bangalore,"Bangalore, KA",Apartment,3645,3,1,2017,Parking,1798617
Premium Apartment in Bangalore,"Bangalore, KA",Apartment,1429,4,2,2024,"WiFi,Gym",1083140
Premium Villa in Mumbai,"Mumbai, MH",Villa,991,3,2,1985,"Gym,Garden,WiFi",1602305
Premium Condo in Hyderabad,"Hyderabad, TS",Condo,1797,4,2,2017,"WiFi,Pool,Security,Garden",835354
Premium Townhouse in Ahmedabad,"Ahmedabad, GJ",Townhouse,1576,6,4,2016,"Security,WiFi",887725
Premium Villa in Hyderabad,"Hyderabad, TS",Villa,4317,3,3,1994,Parking,2382964
Premium Penthouse in Ahmedabad,"Ahmedabad, GJ",Penthouse,4647,4,2,1996,"Parking,Pool,WiFi,Security,Gym",3136615
Premium Apartment in Delhi,"Delhi, DL",Apartment,4185,6,3,2022,WiFi,3034057
Premium Penthouse in Ahmedabad,"Ahmedabad, GJ",Penthouse,3465,1,2,2014,Garden,2377760
Premium Townhouse in Delhi,"Delhi, DL",Townhouse,4890,1,4,2021,"Gym,Pool,Security,Parking",3015684
Premium Penthouse in Mumbai,"Mumbai, MH",Penthouse,3609,6,2,2004,Parking,5207155
Premium Penthouse in Pune,"Pune, MH",Penthouse,1783,1,3,2023,"Gym,Pool,Parking,Security,Garden",1372418
Premium Villa in Ahmedabad,"Ahmedabad, GJ",Villa,592,2,4,1998,"Parking,Pool,Gym,WiFi,Security",566600
Premium Penthouse in Kolkata,"Kolkata, WB",Penthouse,4995,2,4,2002,"Garden,Pool,Gym,Parking,WiFi",3208837
Premium Apartment in Chennai,"Chennai, TN",Apartment,4887,3,3,2009,"Gym,Pool",1690112
Premium Apartment in Kolkata,"Kolkata, WB",Apartment,3514,6,3,2021,"WiFi,Security",1507981
Premium Apartment in Delhi,"Delhi, DL",Apartment,1451,6,2,1986,"Gym,Security,Garden,WiFi",1315254
Premium Penthouse in Hyderabad,"Hyderabad, TS",Penthouse,1009,4,4,2002,Parking,1214722
Premium Condo in Kolkata,"Kolkata, WB",Condo,1135,4,2,2009,Garden,597244
Premium Villa in Bangalore,"Bangalore, KA",Villa,3805,3,2,2013,"Security,Parking,Gym",3240212
Premium Apartment in Mumbai,"Mumbai, MH",Apartment,2221,2,2,2000,"Parking,Gym,Pool,Garden",1724348
Premium Penthouse in Pune,"Pune, MH",Penthouse,3027,3,3,2005,"Parking,Security,Pool,Gym,WiFi",2093966
Premium Villa in Chennai,"Chennai, TN",Villa,4147,2,1,2009,"WiFi,Garden,Pool,Gym",1984082
Premium Condo in Mumbai,"Mumbai, MH",Condo,2854,1,1,1993,"Gym,Parking,Security",2028526
Premium Condo in Ahmedabad,"Ahmedabad, GJ",Condo,2906,1,2,2005,"Gym,Parking,WiFi,Pool,Garden",872335
Premium Apartment in Delhi,"Delhi, DL",Apartment,2419,2,3,2015,Pool,1487725
Premium Penthouse in Mumbai,"Mumbai, MH",Penthouse,1171,5,3,2011,"Security,Pool",2854235
Premium Condo in Mumbai,"Mumbai, MH",Condo,2126,4,1,1992,"Parking,Pool,WiFi,Garden",1859633
Premium Villa in Pune,"Pune, MH",Villa,2868,4,3,2023,"Gym,WiFi,Pool",1681039
Premium Villa in Mumbai,"Mumbai, MH",Villa,863,1,3,1999,"Security,Garden,Gym,Pool,Parking",1066772
Premium Villa in Ahmedabad,"Ahmedabad, GJ",Villa,1727,4,4,2022,"Gym,Security,Parking,Garden",1194818
Premium Villa in Pune,"Pune, MH",Villa,4611,1,2,1998,Gym,2419500
Premium Penthouse in Pune,"Pune, MH",Penthouse,3690,5,2,1991,"WiFi,Garden,Security",2998790
Premium Condo in Hyderabad,"Hyderabad, TS",Condo,2261,3,3,2008,"Security,Pool,Parking",906354
Premium Townhouse in Ahmedabad,"Ahmedabad, GJ",Townhouse,2726,5,2,1991,"Parking,WiFi,Security,Gym",1152816
Premium Townhouse in Hyderabad,"Hyderabad, TS",Townhouse,3446,4,4,2014,Garden,1190376
Premium Villa in Chennai,"Chennai, TN",Villa,3501,2,2,2014,"Garden,Gym,Parking,WiFi",1809411
Premium Villa in Pune,"Pune, MH",Villa,664,4,3,2012,"Garden,WiFi,Gym",661204
Premium Penthouse in Delhi,"Delhi, DL",Penthouse,2386,4,4,1983,"Gym,WiFi,Garden,Pool,Security",3235226
Premium Townhouse in Bangalore,"Bangalore, KA",Townhouse,4306,1,4,1996,WiFi,2171543
Premium Apartment in Delhi,"Delhi, DL",Apartment,936,4,3,2017,"Pool,WiFi,Garden",933096
Premium Apartment in Mumbai,"Mumbai, MH",Apartment,3069,6,1,1983,"Gym,WiFi,Parking,Garden,Security",2586050
Premium Townhouse in Chennai,"Chennai, TN",Townhouse,3635,3,1,2015,Security,1265276
Premium Villa in Mumbai,"Mumbai, MH",Villa,2565,4,1,2011,"Security,Pool,Gym",2918404
Premium Apartment in Chennai,"Chennai, TN",Apartment,561,3,3,2009,Pool,395290
Premium Condo in Pune,"Pune, MH",Condo,1910,3,2,2023,"WiFi,Pool,Security,Garden",710368
Premium Townhouse in Ahmedabad,"Ahmedabad, GJ",Townhouse,4367,4,2,2010,Parking,1455018
Premium Condo in Kolkata,"Kolkata, WB",Condo,3068,6,1,2024,Parking,1242522
Premium Villa in Pune,"Pune, MH",Villa,1289,6,4,1990,"Parking,Gym,WiFi,Pool",1224225
Premium Villa in Ahmedabad,"Ahmedabad, GJ",Villa,513,5,3,1994,"Security,Pool,Gym,WiFi",708690
Premium Penthouse in Chennai,"Chennai, TN",Penthouse,4289,3,1,2005,"Parking,Garden",2951173
Premium Penthouse in Pune,"Pune, MH",Penthouse,2234,1,2,1988,"WiFi,Garden",1480881
Premium Villa in Mumbai,"Mumbai, MH",Villa,2509,5,1,2022,Garden,2930094
Premium Apartment in Bangalore,"Bangalore, KA",Apartment,2361,3,4,2007,"Parking,WiFi,Gym,Security",1445584
Premium Condo in Bangalore,"Bangalore, KA",Condo,3729,4,3,2018,"Garden,Gym,Security,Parking",1916559
Premium Villa in Kolkata,"Kolkata, WB",Villa,2465,5,2,1987,"Security,Garden,WiFi",1390059
Premium Apartment in Mumbai,"Mumbai, MH",Apartment,3703,6,4,1998,"WiFi,Gym",2764410
Premium Apartment in Bangalore,"Bangalore, KA",Apartment,875,2,2,2022,"Security,Gym,Parking,Pool",632246
Premium Townhouse in Mumbai,"Mumbai, MH",Townhouse,3805,2,2,2023,"Parking,Garden,WiFi,Gym,Security",2510191
Premium Villa in Ahmedabad,"Ahmedabad, GJ",Villa,3184,4,3,1984,"WiFi,Gym,Pool",1956479
Premium Townhouse in Bangalore,"Bangalore, KA",Townhouse,4706,4,3,1993,"Parking,Security,Garden",2464904
Premium Villa in Kolkata,"Kolkata, WB",Villa,1321,3,2,2010,"Parking,Security,Pool",833572
Premium Apartment in Kolkata,"Kolkata, WB",Apartment,1346,2,3,2011,"Parking,Gym",593748
Premium Penthouse in Pune,"Pune, MH",Penthouse,3974,1,3,1981,"Garden,Security,WiFi",2403340
Premium Apartment in Mumbai,"Mumbai, MH",Apartment,789,2,4,1982,"Pool,Gym",759458
Premium Penthouse in Hyderabad,"Hyderabad, TS",Penthouse,3851,4,4,2024,Gym,2602347
Premium Condo in Chennai,"Chennai, TN",Condo,4345,3,2,1981,Gym,1611653
Premium Condo in Delhi,"Delhi, DL",Condo,2032,3,2,2000,"Garden,Pool,Parking",1365969
Premium Penthouse in Ahmedabad,"Ahmedabad, GJ",Penthouse,1610,4,3,2024,"WiFi,Security,Garden,Gym,Pool",1420044
Premium Apartment in Hyderabad,"Hyderabad, TS",Apartment,1373,1,4,2021,"Pool,Security,Garden,Gym,WiFi",547043
Premium Apartment in Mumbai,"Mumbai, MH",Apartment,4736,1,4,2023,"Garden,Security,WiFi,Parking",3234841
Premium Apartment in Ahmedabad,"Ahmedabad, GJ",Apartment,882,4,4,1989,"Pool,WiFi,Gym,Garden",504913
Premium Condo in Hyderabad,"Hyderabad, TS",Condo,3091,4,2,2012,"Gym,Parking,Garden",1281745
Premium Townhouse in Kolkata,"Kolkata, WB",Townhouse,1178,5,3,2012,Security,632640
Premium Villa in Hyderabad,"Hyderabad, TS",Villa,3996,6,3,1988,"Pool,Gym",2118804
Premium Penthouse in Mumbai,"Mumbai, MH",Penthouse,2640,3,2,1990,"WiFi,Pool,Security",4090485
Premium Apartment in Kolkata,"Kolkata, WB",Apartment,748,3,2,1989,"Pool,Garden,Gym,WiFi",455195
Premium Townhouse in Delhi,"Delhi, DL",Townhouse,2661,6,2,1988,Gym,1926377
Premium Condo in Delhi,"Delhi, DL",Condo,3015,5,2,2016,WiFi,2238541
Premium Condo in Pune,"Pune, MH",Condo,3909,2,1,1987,"Garden,Security",1243761
Premium Apartment in Delhi,"Delhi, DL",Apartment,803,5,2,2009,"Pool,WiFi,Security,Garden",980613
Premium Villa in Chennai,"Chennai, TN",Villa,3277,3,2,2022,"WiFi,Pool,Gym,Parking,Garden",1884612
Premium Apartment in Mumbai,"Mumbai, MH",Apartment,2352,3,2,2003,Garden,1832765
Premium Penthouse in Mumbai,"Mumbai, MH",Penthouse,3441,2,2,1982,"Parking,Garden",4862823
Premium Apartment in Ahmedabad,"Ahmedabad, GJ",Apartment,4049,4,4,2007,"Security,Pool,Gym,Garden,WiFi",1589980
Premium Penthouse in Ahmedabad,"Ahmedabad, GJ",Penthouse,3076,6,2,2003,WiFi,2692169
Premium Villa in Ahmedabad,"Ahmedabad, GJ",Villa,1572,5,4,2015,"Gym,Parking",1270084
Premium Villa in Delhi,"Delhi, DL",Villa,3813,4,1,1997,"Gym,WiFi",3474583
Premium Villa in Pune,"Pune, MH",Villa,2154,3,4,2008,"WiFi,Parking,Security",1198724
Premium Villa in Pune,"Pune, MH",Villa,3834,6,2,1995,"Gym,Garden,Security",2313287
Premium Villa in Chennai,"Chennai, TN",Villa,2778,6,3,2006,WiFi,1675130
Premium Penthouse in Ahmedabad,"Ahmedabad, GJ",Penthouse,3164,6,4,1987,"Parking,Pool,Garden,WiFi",2572277
Premium Condo in Mumbai,"Mumbai, MH",Condo,2574,3,3,2021,"Parking,WiFi,Gym,Garden,Security",2047631
Premium Condo in Chennai,"Chennai, TN",Condo,4044,5,4,2021,"Gym,Security",1432192
Premium Townhouse in Mumbai,"Mumbai, MH",Townhouse,966,6,2,2012,"Pool,Security,Garden",1174680
Premium Apartment in Pune,"Pune, MH",Apartment,1728,1,1,1984,Garden,594272
Premium Penthouse in Kolkata,"Kolkata, WB",Penthouse,1846,3,1,1989,"Garden,WiFi,Gym,Security",1507686
Premium Condo in Mumbai,"Mumbai, MH",Condo,1046,5,2,2019,"WiFi,Gym,Garden",1219077
Premium Condo in Mumbai,"Mumbai, MH",Condo,3456,2,2,2014,"WiFi,Pool",2286989
Premium Condo in Delhi,"Delhi, DL",Condo,1447,6,4,2016,Pool,1377193
Premium Apartment in Hyderabad,"Hyderabad, TS",Apartment,2922,2,3,1984,"Pool,Parking,WiFi,Garden",1139271
Premium Villa in Hyderabad,"Hyderabad, TS",Villa,4905,5,1,2019,Pool,2485060
Premium Apartment in Mumbai,"Mumbai, MH",Apartment,4187,4,4,2020,"Pool,WiFi,Garden",3158205
Premium Condo in Kolkata,"Kolkata, WB",Condo,3304,3,4,2007,"Gym,Parking,WiFi,Pool,Garden",1298683
Premium Apartment in Hyderabad,"Hyderabad, TS",Apartment,2304,2,2,2023,"Garden,WiFi,Parking",872095
Premium Penthouse in Mumbai,"Mumbai, MH",Penthouse,2789,2,3,1998,Garden,3684511
Premium Penthouse in Delhi,"Delhi, DL",Penthouse,2484,6,4,1982,"Parking,Security,Pool,Garden",3969807
Premium Apartment in Pune,"Pune, MH",Apartment,1110,1,3,2019,WiFi,455628
Premium Villa in Hyderabad,"Hyderabad, TS",Villa,4316,3,4,2021,"Gym,Parking,Pool,Security,WiFi",2423146
Premium Apartment in Mumbai,"Mumbai, MH",Apartment,3686,5,2,1994,Gym,3037974
Premium Apartment in Delhi,"Delhi, DL",Apartment,1479,4,2,1983,"Pool,Garden,Gym,WiFi",1154129
Premium Townhouse in Ahmedabad,"Ahmedabad, GJ",Townhouse,529,2,3,2017,"Parking,Garden,Security,Gym",303117
Premium Villa in Bangalore,"Bangalore, KA",Villa,4871,6,4,1982,Gym,4531002
Premium Condo in Kolkata,"Kolkata, WB",Condo,569,6,2,2019,"Pool,WiFi,Security,Parking,Gym",517418
Premium Condo in Bangalore,"Bangalore, KA",Condo,4815,2,4,1981,"Parking,Pool,Security",2438545
Premium Condo in Hyderabad,"Hyderabad, TS",Condo,4504,5,2,2005,"Pool,Garden",1497203
Premium Penthouse in Pune,"Pune, MH",Penthouse,3261,4,2,1998,"Security,Garden,Parking,Gym,WiFi",2546318
Premium Condo in Kolkata,"Kolkata, WB",Condo,4484,6,3,2004,"Pool,Gym",1772684
Premium Condo in Kolkata,"Kolkata, WB",Condo,3916,6,1,1993,"Garden,Parking",1632112
Premium Condo in Bangalore,"Bangalore, KA",Condo,3730,6,4,1997,"Security,Gym,Garden,Parking,Pool",2192967
Premium Condo in Chennai,"Chennai, TN",Condo,4129,2,1,2011,Parking,1452391
Premium Townhouse in Delhi,"Delhi, DL",Townhouse,2632,5,2,2012,Parking,1892083
Premium Townhouse in Ahmedabad,"Ahmedabad, GJ",Townhouse,4742,1,2,1981,"Gym,Parking",1560343
Premium Condo in Chennai,"Chennai, TN",Condo,3398,4,4,2005,"Parking,Gym,Security",1417715
Premium Penthouse in Pune,"Pune, MH",Penthouse,684,5,1,2014,"Parking,WiFi",914229
Premium Townhouse in Kolkata,"Kolkata, WB",Townhouse,3837,1,1,2024,"Garden,Gym,Parking,Pool",1297042
Premium Penthouse in Bangalore,"Bangalore, KA",Penthouse,1151,2,2,2015,"Parking,Security,WiFi,Gym",1499804
Premium Penthouse in Ahmedabad,"Ahmedabad, GJ",Penthouse,4758,1,4,1994,"Garden,Parking,WiFi,Security,Gym",3138734
Premium Penthouse in Mumbai,"Mumbai, MH",Penthouse,3830,4,2,2017,"Pool,Garden",5273096
Premium Penthouse in Delhi,"Delhi, DL",Penthouse,1230,6,1,2003,"Garden,Gym,Parking,Security,WiFi",2314023
Premium Apartment in Chennai,"Chennai, TN",Apartment,4471,2,2,1984,"Gym,Security",1427614
Premium Villa in Pune,"Pune, MH",Villa,3590,5,2,1990,"Parking,Security,Garden",1915130
Premium Penthouse in Bangalore,"Bangalore, KA",Penthouse,1743,2,4,2004,"Pool,Gym,Parking,WiFi,Security",2054428
Premium Villa in Delhi,"Delhi, DL",Villa,3030,2,4,1988,"WiFi,Gym",3181272
Premium Penthouse in Ahmedabad,"Ahmedabad, GJ",Penthouse,4994,2,2,2008,"Security,Garden,WiFi",3116092
Premium Villa in Pune,"Pune, MH",Villa,738,2,2,1991,"Pool,Parking,WiFi,Security,Garden",595974
Premium Villa in Hyderabad,"Hyderabad, TS",Villa,3783,3,2,2016,"Garden,Security,WiFi,Pool",1975075
Premium Villa in Delhi,"Delhi, DL",Villa,2190,2,2,1982,"Gym,Security",2319236
Premium Apartment in Chennai,"Chennai, TN",Apartment,1895,1,2,2011,"Parking,Pool,Gym,Garden,Security",625268
Premium Penthouse in Bangalore,"Bangalore, KA",Penthouse,698,5,2,1980,"Parking,Security",1588772
Premium Villa in Pune,"Pune, MH",Villa,4165,1,4,2024,"Garden,Parking,Pool,Gym,WiFi",2061752
Premium Apartment in Chennai,"Chennai, TN",Apartment,4334,2,2,1991,"Pool,Security",1581736
Premium Townhouse in Chennai,"Chennai, TN",Townhouse,2277,4,2,2024,Pool,920931
Premium Townhouse in Hyderabad,"Hyderabad, TS",Townhouse,583,2,4,2016,Garden,341066
Premium Penthouse in Pune,"Pune, MH",Penthouse,3373,4,3,1982,"Gym,Security,WiFi,Garden",2550770
Premium Penthouse in Bangalore,"Bangalore, KA",Penthouse,1941,5,4,2021,"Garden,Security,Parking,Pool,WiFi",2613154
Premium Villa in Chennai,"Chennai, TN",Villa,3494,5,3,2022,"Pool,Parking,Security,Gym",1959620
Premium Townhouse in Ahmedabad,"Ahmedabad, GJ",Townhouse,4947,3,4,2022,"Security,WiFi,Garden,Parking,Pool",1864047
Premium Apartment in Bangalore,"Bangalore, KA",Apartment,3555,5,1,2015,WiFi,1958868
Premium Villa in Hyderabad,"Hyderabad, TS",Villa,4060,6,2,2005,"Parking,WiFi",2205224
Premium Apartment in Bangalore,"Bangalore, KA",Apartment,3202,1,2,2019,"Security,Parking,Pool,Gym",1543721
Premium Penthouse in Pune,"Pune, MH",Penthouse,2240,4,1,1986,"Garden,Pool,Parking",1637677
Premium Penthouse in Kolkata,"Kolkata, WB",Penthouse,1914,5,2,1981,WiFi,1889505
Premium Condo in Bangalore,"Bangalore, KA",Condo,4895,2,4,2023,"Pool,Garden,Security,WiFi,Gym",2274799
Premium Apartment in Ahmedabad,"Ahmedabad, GJ",Apartment,1048,4,2,2008,"Gym,WiFi,Parking,Garden,Security",566564
Premium Condo in Pune,"Pune, MH",Condo,2872,1,4,1983,WiFi,1023142
Premium Condo in Kolkata,"Kolkata, WB",Condo,1715,3,3,2000,"Parking,Pool",759108
Premium Penthouse in Ahmedabad,"Ahmedabad, GJ",Penthouse,4546,4,1,1989,"Security,WiFi,Gym,Parking",3088971
Premium Penthouse in Chennai,"Chennai, TN",Penthouse,2679,1,1,2017,"Garden,WiFi",1881805
Premium Condo in Ahmedabad,"Ahmedabad, GJ",Condo,4790,5,4,1981,"Gym,Garden,WiFi,Parking",1705734
Premium Townhouse in Delhi,"Delhi, DL",Townhouse,4297,3,1,2024,Parking,2532422
Premium Penthouse in Ahmedabad,"Ahmedabad, GJ",Penthouse,918,4,3,2008,"Pool,Gym,WiFi,Security",1042132
Premium Villa in Delhi,"Delhi, DL",Villa,3505,4,3,1986,"Parking,Gym,WiFi,Garden",3860334
Premium Townhouse in Delhi,"Delhi, DL",Townhouse,2503,5,2,1995,"Parking,Garden,Pool,Security,Gym",1887992
Premium Apartment in Chennai,"Chennai, TN",Apartment,4105,3,4,2013,Parking,1413331
Premium Apartment in Ahmedabad,"Ahmedabad, GJ",Apartment,4199,4,4,1993,"Gym,Security,Garden",1533307
Premium Villa in Pune,"Pune, MH",Villa,4919,3,4,2000,"Security,Garden,Parking",2480011
Premium Condo in Hyderabad,"Hyderabad, TS",Condo,2216,6,4,2018,"Pool,Security",1113903
Premium Condo in Hyderabad,"Hyderabad, TS",Condo,2570,2,4,1998,"Pool,Gym",995223
Premium Townhouse in Bangalore,"Bangalore, KA",Townhouse,1852,5,4,2005,"Garden,WiFi,Parking,Gym,Security",1288107
Premium Townhouse in Pune,"Pune, MH",Townhouse,1011,2,2,1995,"Security,Parking,Garden,Gym,Pool",445715
Premium Condo in Chennai,"Chennai, TN",Condo,1684,1,1,1992,"Parking,Garden,Pool,WiFi,Security",561768
Premium Penthouse in Mumbai,"Mumbai, MH",Penthouse,4358,6,1,2024,"Security,Parking,WiFi,Garden,Gym",6770520
Premium Penthouse in Chennai,"Chennai, TN",Penthouse,2101,4,3,1981,"Parking,Gym",1680993
Premium Penthouse in Mumbai,"Mumbai, MH",Penthouse,4090,5,4,1980,"Security,Pool",6435221
Premium Penthouse in Pune,"Pune, MH",Penthouse,1064,6,3,1997,"Pool,WiFi,Gym,Garden",1226647
Premium Townhouse in Mumbai,"Mumbai, MH",Townhouse,3112,2,2,2017,"Security,Pool",2115560
Premium Condo in Mumbai,"Mumbai, MH",Condo,2094,4,4,1991,"Garden,Parking",1644366
Premium Villa in Mumbai,"Mumbai, MH",Villa,4689,6,2,1987,Gym,4929348
Premium Townhouse in Bangalore,"Bangalore, KA",Townhouse,3073,4,1,1992,"Gym,Parking,Pool,Security",1592472
Premium Apartment in Delhi,"Delhi, DL",Apartment,3500,2,4,1984,"Garden,WiFi",2081657
Premium Condo in Bangalore,"Bangalore, KA",Condo,512,4,4,2004,"Garden,Gym,Parking,Pool,Security",695457
Premium Townhouse in Ahmedabad,"Ahmedabad, GJ",Townhouse,592,4,3,2008,"Gym,Parking,Garden",457054
Premium Penthouse in Mumbai,"Mumbai, MH",Penthouse,2880,6,3,2002,"Parking,Pool",5059570
Premium Penthouse in Delhi,"Delhi, DL",Penthouse,2021,6,2,1982,"WiFi,Parking,Security,Pool",3265575
Premium Condo in Pune,"Pune, MH",Condo,2440,1,1,2018,"Security,WiFi,Parking,Pool,Garden",811092
Premium Townhouse in Pune,"Pune, MH",Townhouse,3318,5,4,1990,"Garden,Parking,WiFi",1257796
Premium Villa in Delhi,"Delhi, DL",Villa,4969,1,2,2024,"Garden,Pool,WiFi,Gym,Security",4122146
Premium Condo in Delhi,"Delhi, DL",Condo,3532,6,2,1997,"Pool,Gym",2457432
Premium Villa in Hyderabad,"Hyderabad, TS",Villa,1471,3,3,2010,"Garden,Pool,Parking,Security",915663
Premium Condo in Pune,"Pune, MH",Condo,1997,1,2,1982,"Gym,Parking",710067
Premium Apartment in Bangalore,"Bangalore, KA",Apartment,1242,4,2,1980,"Security,Garden",981479
Premium Penthouse in Mumbai,"Mumbai, MH",Penthouse,2195,4,3,1988,Garden,3580734
Premium Penthouse in Ahmedabad,"Ahmedabad, GJ",Penthouse,1144,2,2,1982,"Pool,Security",929055
Premium Penthouse in Bangalore,"Bangalore, KA",Penthouse,1921,2,4,1989,"Garden,Gym,Parking,Pool",2092180
Premium Villa in Kolkata,"Kolkata, WB",Villa,1658,2,2,1981,"Pool,Parking",986206
Premium Townhouse in Chennai,"Chennai, TN",Townhouse,1205,2,3,2020,"Parking,WiFi,Security,Garden",504706
Premium Villa in Delhi,"Delhi, DL",Villa,1339,4,1,1983,Garden,1816893
Premium Penthouse in Kolkata,"Kolkata, WB",Penthouse,3295,1,3,2021,"Security,Garden,Gym,Pool",2254587
Premium Penthouse in Chennai,"Chennai, TN",Penthouse,1445,4,2,2015,"Parking,Pool,Security,Gym",1280620
Premium Apartment in Kolkata,"Kolkata, WB",Apartment,2735,4,2,2002,"Parking,WiFi,Pool,Garden,Security",1160447
Premium Condo in Pune,"Pune, MH",Condo,650,3,4,2002,"Pool,Gym",451893
Premium Townhouse in Hyderabad,"Hyderabad, TS",Townhouse,2926,4,4,2000,"WiFi,Security,Pool",1073437
Premium Townhouse in Ahmedabad,"Ahmedabad, GJ",Townhouse,2392,5,4,1996,Parking,1013930
Premium Condo in Ahmedabad,"Ahmedabad, GJ",Condo,1884,5,3,1997,"Garden,WiFi,Pool,Gym,Parking",921871
Premium Villa in Kolkata,"Kolkata, WB",Villa,780,2,3,2024,"Pool,Parking,Garden,Security",551247
Premium Villa in Mumbai,"Mumbai, MH",Villa,3404,2,2,1992,"Security,Parking,WiFi,Pool",3310656
Premium Villa in Chennai,"Chennai, TN",Villa,2125,1,2,1998,"Pool,Security",1109740
Premium Apartment in Kolkata,"Kolkata, WB",Apartment,1226,6,3,1984,"WiFi,Security,Gym",721686
Premium Condo in Hyderabad,"Hyderabad, TS",Condo,3415,4,2,1992,"WiFi,Garden,Gym,Parking,Pool",1146633
Premium Townhouse in Kolkata,"Kolkata, WB",Townhouse,2066,2,1,2014,"Parking,Garden,Pool,Gym,Security",676456
Premium Condo in Ahmedabad,"Ahmedabad, GJ",Condo,4820,6,1,1995,"Parking,Gym,Garden,Security",1641720
Premium Condo in Chennai,"Chennai, TN",Condo,979,4,1,2000,"Pool,Security,Garden,Parking,Gym",489826
Premium Townhouse in Pune,"Pune, MH",Townhouse,1752,2,4,1992,"Gym,Parking",680813
Premium Condo in Mumbai,"Mumbai, MH",Condo,2392,3,3,1999,"Garden,Security,Pool,Gym,Parking",2008139
Premium Apartment in Hyderabad,"Hyderabad, TS",Apartment,3141,5,4,1983,Security,1289164
Premium Penthouse in Pune,"Pune, MH",Penthouse,2607,5,1,2008,"Garden,Security,Pool",2144325
Premium Apartment in Kolkata,"Kolkata, WB",Apartment,2960,2,2,2003,"Pool,Security,WiFi,Parking,Garden",1067398
Premium Townhouse in Ahmedabad,"Ahmedabad, GJ",Townhouse,4812,4,3,1997,"Security,Parking,Garden,Pool",1764713
Premium Townhouse in Bangalore,"Bangalore, KA",Townhouse,4267,3,3,2016,"Gym,Pool,Parking,WiFi",2186975
Premium Condo in Mumbai,"Mumbai, MH",Condo,3276,2,4,2019,Garden,2114795
Premium Condo in Ahmedabad,"Ahmedabad, GJ",Condo,588,3,2,1984,"Garden,Parking",332158
Premium Apartment in Mumbai,"Mumbai, MH",Apartment,1284,3,1,1993,"Security,Gym,Parking,Garden,WiFi",1148377
Premium Villa in Delhi,"Delhi, DL",Villa,3363,4,4,2019,"Security,Parking,Garden,WiFi,Pool",3705828
Premium Apartment in Chennai,"Chennai, TN",Apartment,4704,6,1,2000,WiFi,1779801
Premium Penthouse in Bangalore,"Bangalore, KA",Penthouse,4174,5,4,1997,"Gym,Pool,WiFi",4693239
Premium Penthouse in Bangalore,"Bangalore, KA",Penthouse,3770,6,4,2002,Gym,4941418
Premium Villa in Mumbai,"Mumbai, MH",Villa,4748,1,3,1982,Security,4999023
Premium Townhouse in Hyderabad,"Hyderabad, TS",Townhouse,3453,1,1,2016,"Security,Garden,Gym,Parking",1117791
Premium Apartment in Chennai,"Chennai, TN",Apartment,3627,2,4,2009,"Parking,Garden,WiFi,Gym,Security",1223581
Premium Apartment in Mumbai,"Mumbai, MH",Apartment,2174,6,3,2015,"Pool,Garden,WiFi",2004485
Premium Condo in Hyderabad,"Hyderabad, TS",Condo,4330,5,3,1996,"WiFi,Garden",1658257
Premium Townhouse in Pune,"Pune, MH",Townhouse,586,2,1,2015,"Garden,WiFi,Pool,Security",323971
Premium Penthouse in Bangalore,"Bangalore, KA",Penthouse,711,3,2,1989,"Parking,Security,Gym,Pool,WiFi",1143949
Premium Villa in Chennai,"Chennai, TN",Villa,1354,4,3,2009,"Gym,Garden,Parking,Security,Pool",1042411
Premium Villa in Pune,"Pune, MH",Villa,4311,4,4,1998,"Garden,Pool,WiFi",2538482
Premium Apartment in Ahmedabad,"Ahmedabad, GJ",Apartment,1791,5,2,1983,Security,762156
Premium Townhouse in Pune,"Pune, MH",Townhouse,1018,5,1,2005,"Security,Gym",598890
Premium Villa in Pune,"Pune, MH",Villa,3086,4,3,2017,"WiFi,Gym",1822286
Premium Villa in Pune,"Pune, MH",Villa,4137,2,2,2024,"Security,WiFi,Gym,Garden",2207796
Premium Villa in Chennai,"Chennai, TN",Villa,631,3,2,2024,WiFi,521552
Premium Apartment in Delhi,"Delhi, DL",Apartment,4435,4,2,2012,Gym,2902313
Premium Condo in Hyderabad,"Hyderabad, TS",Condo,3404,1,3,2010,Pool,1065208
Premium Condo in Pune,"Pune, MH",Condo,2409,6,1,2020,"Gym,Pool,WiFi,Security,Parking",975997
Premium Townhouse in Kolkata,"Kolkata, WB",Townhouse,4360,1,1,2021,"Gym,Parking",1340881
Premium Apartment in Hyderabad,"Hyderabad, TS",Apartment,3344,4,4,1983,"WiFi,Parking,Gym,Security,Pool",1191008
Premium Penthouse in Chennai,"Chennai, TN",Penthouse,4955,6,4,2001,Security,4007258
Premium Villa in Pune,"Pune, MH",Villa,1086,5,4,1996,"Security,Gym,WiFi,Garden,Pool",917723
Premium Apartment in Delhi,"Delhi, DL",Apartment,1410,2,3,1999,WiFi,971506
Premium Apartment in Chennai,"Chennai, TN",Apartment,1202,4,3,1995,Garden,610630
Premium Penthouse in Kolkata,"Kolkata, WB",Penthouse,3098,1,3,1997,"Security,Pool,Parking,WiFi",1975354
Premium Villa in Kolkata,"Kolkata, WB",Villa,1911,2,2,2003,"WiFi,Security,Pool,Gym,Garden",1014756
Premium Penthouse in Kolkata,"Kolkata, WB",Penthouse,3049,2,1,2019,"Pool,Security,Gym,Garden,Parking",2047391
Premium Villa in Pune,"Pune, MH",Villa,4946,4,3,2014,"Security,Garden",2760628
Premium Apartment in Chennai,"Chennai, TN",Apartment,1729,3,2,1994,"Parking,Pool,Gym,Security",671416
Premium Villa in Pune,"Pune, MH",Villa,1216,1,2,1992,"Gym,Garden,WiFi",670881
Premium Condo in Kolkata,"Kolkata, WB",Condo,3417,5,3,1996,"Parking,WiFi",1391320
Premium Penthouse in Hyderabad,"Hyderabad, TS",Penthouse,4957,4,2,2017,"Gym,Parking,WiFi,Garden,Security",3121986
Premium Apartment in Delhi,"Delhi, DL",Apartment,1690,5,3,2021,"WiFi,Gym",1561966
Premium Penthouse in Kolkata,"Kolkata, WB",Penthouse,540,6,1,1985,"Garden,Parking",924240
Premium Condo in Hyderabad,"Hyderabad, TS",Condo,1753,4,1,1983,"WiFi,Gym,Security,Garden",726584
Premium Condo in Hyderabad,"Hyderabad, TS",Condo,3877,5,4,1994,"Pool,Security",1453042
Premium Villa in Ahmedabad,"Ahmedabad, GJ",Villa,3303,1,4,2020,Garden,1615521
Premium Villa in Pune,"Pune, MH",Villa,1908,4,3,2013,Security,1171933
Premium Apartment in Mumbai,"Mumbai, MH",Apartment,1147,6,1,1982,"Pool,Security,Garden,Gym,WiFi",1438826
Premium Penthouse in Mumbai,"Mumbai, MH",Penthouse,1084,6,1,1981,"Pool,Garden",2535871
Premium Condo in Delhi,"Delhi, DL",Condo,1952,5,3,1991,"Garden,WiFi",1540479
Premium Villa in Pune,"Pune, MH",Villa,1148,3,1,2022,"Gym,Garden,Security,WiFi",717177
Premium Condo in Delhi,"Delhi, DL",Condo,2588,3,1,2003,"WiFi,Parking,Pool,Gym",1658587
Premium Penthouse in Delhi,"Delhi, DL",Penthouse,949,1,4,2007,"Parking,Pool,Garden,Security,Gym",1381111
Premium Condo in Bangalore,"Bangalore, KA",Condo,2505,4,2,2000,Garden,1613207
Premium Apartment in Mumbai,"Mumbai, MH",Apartment,1016,6,2,1999,"Security,Pool,Gym,WiFi,Parking",1412849
Premium Villa in Mumbai,"Mumbai, MH",Villa,3809,2,4,1988,"Security,Garden,Pool,WiFi",3701853
Premium Townhouse in Pune,"Pune, MH",Townhouse,1109,4,2,2018,"WiFi,Garden,Pool,Security,Parking",580491
Premium Townhouse in Kolkata,"Kolkata, WB",Townhouse,972,6,4,1993,"Security,Pool",610641
Premium Penthouse in Kolkata,"Kolkata, WB",Penthouse,2211,2,4,1996,"Pool,WiFi,Security,Garden,Gym",1773334
Premium Villa in Delhi,"Delhi, DL",Villa,2295,6,2,1984,"Garden,Parking,Gym",2802955
Premium Apartment in Bangalore,"Bangalore, KA",Apartment,1206,6,4,2013,"WiFi,Gym,Pool",1045381
Premium Penthouse in Kolkata,"Kolkata, WB",Penthouse,755,1,2,2006,Parking,576356
Premium Villa in Kolkata,"Kolkata, WB",Villa,530,1,1,2010,"WiFi,Security",315130
Premium Condo in Bangalore,"Bangalore, KA",Condo,2482,4,2,1987,"Pool,WiFi,Security,Gym",1550701
Premium Apartment in Hyderabad,"Hyderabad, TS",Apartment,1755,6,3,2008,"Garden,Pool,Gym",802721
Premium Condo in Hyderabad,"Hyderabad, TS",Condo,3621,3,3,2020,"Parking,WiFi",1374366
Premium Penthouse in Mumbai,"Mumbai, MH",Penthouse,2721,2,3,2016,Garden,3944541
Premium Condo in Chennai,"Chennai, TN",Condo,1733,5,3,1983,"Parking,Security,Gym,WiFi",890614
Premium Condo in Delhi,"Delhi, DL",Condo,1989,5,1,2000,"Parking,Security,Gym",1493032
Premium Penthouse in Bangalore,"Bangalore, KA",Penthouse,4634,5,3,2004,Pool,4690870
Premium Penthouse in Ahmedabad,"Ahmedabad, GJ",Penthouse,1024,2,4,2013,"Garden,Gym",896249
Premium Condo in Mumbai,"Mumbai, MH",Condo,3651,6,3,1991,"WiFi,Gym,Parking",3096379
Premium Apartment in Mumbai,"Mumbai, MH",Apartment,583,2,3,1990,"Pool,Parking,Gym,WiFi",654188
Premium Apartment in Hyderabad,"Hyderabad, TS",Apartment,2831,6,2,2008,"Security,Garden,Parking,Pool,WiFi",1302452
Premium Apartment in Kolkata,"Kolkata, WB",Apartment,4929,1,4,2021,"Pool,Parking,Gym",1629597
Premium Apartment in Mumbai,"Mumbai, MH",Apartment,3467,2,1,2023,"Pool,Security,Gym,Parking,WiFi",2462395
Premium Penthouse in Ahmedabad,"Ahmedabad, GJ",Penthouse,4995,3,3,2009,"Garden,Security,Pool",3512966
Premium Penthouse in Delhi,"Delhi, DL",Penthouse,2153,2,1,1984,"Security,Garden",2811760
Premium Penthouse in Ahmedabad,"Ahmedabad, GJ",Penthouse,3703,3,3,1987,"WiFi,Pool",2377888
Premium Condo in Mumbai,"Mumbai, MH",Condo,1661,6,1,1997,"Gym,WiFi,Security",1785963
Premium Penthouse in Kolkata,"Kolkata, WB",Penthouse,4306,4,4,1998,Gym,3060113
Premium Apartment in Delhi,"Delhi, DL",Apartment,3933,5,3,1996,Security,2835932
Premium Villa in Hyderabad,"Hyderabad, TS",Villa,3717,5,2,2009,"Security,WiFi,Parking,Gym",1912740
Premium Apartment in Hyderabad,"Hyderabad, TS",Apartment,2305,5,3,2006,"WiFi,Gym,Garden,Pool",952980
Premium Penthouse in Ahmedabad,"Ahmedabad, GJ",Penthouse,2922,5,4,2013,"Parking,Security,Pool,Gym",2295529
Premium Townhouse in Mumbai,"Mumbai, MH",Townhouse,527,5,1,2007,"Security,WiFi",921427
Premium Villa in Mumbai,"Mumbai, MH",Villa,3856,1,1,2007,"Garden,WiFi,Pool,Gym",3790205
Premium Apartment in Delhi,"Delhi, DL",Apartment,1912,6,4,1997,"Pool,Parking,Garden,Security",1609529
Premium Condo in Bangalore,"Bangalore, KA",Condo,4899,1,3,2015,"Garden,Gym,Parking,WiFi,Pool",2464069
Premium Condo in Pune,"Pune, MH",Condo,1369,3,4,2024,"Garden,Parking",639598
Premium Penthouse in Ahmedabad,"Ahmedabad, GJ",Penthouse,3376,3,4,2014,"Garden,Security,WiFi,Pool",2508179
Premium Penthouse in Mumbai,"Mumbai, MH",Penthouse,3074,6,1,1989,"Parking,Security",5170568
Premium Condo in Chennai,"Chennai, TN",Condo,899,5,4,2024,Garden,624586
Premium Apartment in Bangalore,"Bangalore, KA",Apartment,2843,6,3,2015,"Pool,WiFi",1874706
Premium Villa in Ahmedabad,"Ahmedabad, GJ",Villa,4971,1,3,2012,"Security,Parking,WiFi,Gym",2311374
Premium Villa in Ahmedabad,"Ahmedabad, GJ",Villa,1027,6,2,1982,"WiFi,Garden",959634
Premium Townhouse in Delhi,"Delhi, DL",Townhouse,2152,4,1,1986,WiFi,1646672
Premium Townhouse in Mumbai,"Mumbai, MH",Townhouse,4809,6,1,1989,"Gym,Pool,Security,Parking",3752624
Premium Apartment in Hyderabad,"Hyderabad, TS",Apartment,3853,3,4,2022,Gym,1439301
Premium Penthouse in Hyderabad,"Hyderabad, TS",Penthouse,2764,4,1,1990,WiFi,1956822
Premium Penthouse in Ahmedabad,"Ahmedabad, GJ",Penthouse,2184,5,1,1993,"Parking,Gym,Garden",1773359
Premium Villa in Mumbai,"Mumbai, MH",Villa,1386,3,1,2011,"Security,Garden,WiFi",1600684
Premium Townhouse in Delhi,"Delhi, DL",Townhouse,2058,6,3,2005,"WiFi,Pool,Security",1907399
Premium Townhouse in Bangalore,"Bangalore, KA",Townhouse,615,2,3,1981,"Garden,Security,Pool,Parking,Gym",498211
Premium Condo in Kolkata,"Kolkata, WB",Condo,4625,2,4,2010,"WiFi,Pool",1588075
Premium Townhouse in Mumbai,"Mumbai, MH",Townhouse,1732,2,3,2008,"Garden,Parking",1303128
Premium Townhouse in Pune,"Pune, MH",Townhouse,1838,6,2,2019,"Pool,Garden,Parking,WiFi",963479
Premium Villa in Kolkata,"Kolkata, WB",Villa,2307,6,2,1982,"Parking,Gym",1672666
Premium Penthouse in Delhi,"Delhi, DL",Penthouse,1224,2,1,2003,"Gym,Garden,Pool,Parking,WiFi",1817574
Premium Villa in Ahmedabad,"Ahmedabad, GJ",Villa,3263,3,1,2005,"Garden,WiFi,Pool,Gym",1798193
Premium Condo in Chennai,"Chennai, TN",Condo,3050,3,3,2001,"WiFi,Gym",1234315
Premium Townhouse in Kolkata,"Kolkata, WB",Townhouse,1242,1,1,1988,"Garden,Security,Gym,Parking,Pool",420235
Premium Townhouse in Chennai,"Chennai, TN",Townhouse,4428,1,2,1980,"Parking,Gym,Security",1382224
Premium Condo in Chennai,"Chennai, TN",Condo,3382,1,4,2002,"Pool,WiFi,Garden,Parking,Gym",1247126
Premium Apartment in Delhi,"Delhi, DL",Apartment,2968,1,3,1994,"WiFi,Parking,Pool",1899323
Premium Apartment in Pune,"Pune, MH",Apartment,1410,3,2,2005,"Parking,Gym,Pool,Garden,WiFi",659041
Premium Condo in Hyderabad,"Hyderabad, TS",Condo,926,6,2,2009,"Pool,Security,Parking",655196
Premium Townhouse in Bangalore,"Bangalore, KA",Townhouse,3953,2,1,1993,"Garden,Gym,Pool,WiFi,Parking",2059558
Premium Penthouse in Mumbai,"Mumbai, MH",Penthouse,3887,6,2,2006,WiFi,6471794
Premium Townhouse in Chennai,"Chennai, TN",Townhouse,2053,3,1,1986,Parking,717488
Premium Penthouse in Mumbai,"Mumbai, MH",Penthouse,4073,2,3,2004,Gym,5748695
Premium Apartment in Delhi,"Delhi, DL",Apartment,3357,5,1,1987,"Garden,Parking,Gym,Security",2234601
Premium Penthouse in Delhi,"Delhi, DL",Penthouse,4382,3,2,2024,"Pool,Garden,WiFi,Parking,Security",5113531
Premium Villa in Delhi,"Delhi, DL",Villa,1823,6,1,2013,"Pool,Garden,WiFi",2176129
Premium Apartment in Kolkata,"Kolkata, WB",Apartment,2159,2,4,1984,"Gym,Parking,WiFi,Garden",850822
Premium Villa in Bangalore,"Bangalore, KA",Villa,2330,4,1,2001,"WiFi,Security,Gym,Pool,Parking",1906990
Premium Apartment in Chennai,"Chennai, TN",Apartment,1822,5,3,1981,"Security,Garden",857816
Premium Penthouse in Delhi,"Delhi, DL",Penthouse,3427,2,4,2007,"Garden,Parking,Pool,Security,WiFi",4501095
Premium Villa in Delhi,"Delhi, DL",Villa,600,6,2,1998,Pool,1317465
Premium Apartment in Ahmedabad,"Ahmedabad, GJ",Apartment,1209,6,4,1982,Security,763842
Premium Condo in Kolkata,"Kolkata, WB",Condo,2061,5,2,1992,"Pool,Gym,Security,Parking",964379
Premium Townhouse in Ahmedabad,"Ahmedabad, GJ",Townhouse,2663,5,2,2007,"Parking,WiFi,Gym,Security",1157134
Premium Condo in Pune,"Pune, MH",Condo,4907,5,3,1998,"WiFi,Pool,Security,Gym",1881632
Premium Penthouse in Chennai,"Chennai, TN",Penthouse,1091,4,1,1988,"Security,Garden,WiFi,Pool,Gym",1056338
Premium Villa in Bangalore,"Bangalore, KA",Villa,810,6,2,1990,"Security,Gym,Parking,WiFi",1314958
Premium Villa in Pune,"Pune, MH",Villa,920,6,2,2001,Gym,841455
Premium Penthouse in Bangalore,"Bangalore, KA",Penthouse,1737,5,2,2020,"Security,WiFi,Gym",2449183
Premium Townhouse in Pune,"Pune, MH",Townhouse,1983,5,3,1983,"Security,WiFi",946775
Premium Penthouse in Mumbai,"Mumbai, MH",Penthouse,1007,3,3,1991,"WiFi,Security,Parking,Garden",1976704
Premium Villa in Ahmedabad,"Ahmedabad, GJ",Villa,2099,5,1,2014,"Security,Garden,Gym,Pool,WiFi",1283919
Premium Apartment in Hyderabad,"Hyderabad, TS",Apartment,3416,2,4,2012,"Gym,WiFi",1293867
Premium Apartment in Kolkata,"Kolkata, WB",Apartment,901,3,1,2003,"Security,WiFi,Parking,Garden",436129
Premium Townhouse in Chennai,"Chennai, TN",Townhouse,501,6,3,2022,Pool,514914
Premium Villa in Ahmedabad,"Ahmedabad, GJ",Villa,608,2,3,2006,Gym,534447
Premium Villa in Hyderabad,"Hyderabad, TS",Villa,738,4,3,2007,Gym,739153
Premium Condo in Kolkata,"Kolkata, WB",Condo,4587,5,1,1985,"Parking,Security,WiFi",1512189
Premium Townhouse in Mumbai,"Mumbai, MH",Townhouse,1376,5,4,2006,"WiFi,Pool,Parking",1425624
Premium Penthouse in Delhi,"Delhi, DL",Penthouse,3112,4,2,2019,WiFi,4281257
Premium Villa in Bangalore,"Bangalore, KA",Villa,3484,1,2,2005,"Gym,WiFi,Security,Garden",2510891
Premium Penthouse in Delhi,"Delhi, DL",Penthouse,2935,3,4,2015,"Security,Pool,Gym,Parking,WiFi",4392545
Premium Penthouse in Chennai,"Chennai, TN",Penthouse,595,6,1,2006,"WiFi,Security,Pool,Garden",943984
Premium Villa in Mumbai,"Mumbai, MH",Villa,894,5,2,2021,"Pool,Parking,WiFi",1635493
Premium Condo in Kolkata,"Kolkata, WB",Condo,1475,6,2,2000,"Gym,Security,Pool",799335
Premium Townhouse in Pune,"Pune, MH",Townhouse,724,5,4,2012,Parking,533542
Premium Apartment in Delhi,"Delhi, DL",Apartment,3880,1,1,1990,"Gym,Security,Parking,Pool,Garden",2185044
Premium Condo in Kolkata,"Kolkata, WB",Condo,2193,3,4,2013,Parking,915355
Premium Villa in Hyderabad,"Hyderabad, TS",Villa,1859,4,2,1982,WiFi,1116341
Premium Condo in Mumbai,"Mumbai, MH",Condo,1582,6,3,2022,"Gym,Garden,WiFi,Security",1815412
Premium Villa in Delhi,"Delhi, DL",Villa,3989,4,1,1986,"Parking,Security",3959953
Premium Condo in Ahmedabad,"Ahmedabad, GJ",Condo,3345,6,2,2013,"WiFi,Security",1312602
Premium Penthouse in Delhi,"Delhi, DL",Penthouse,4314,3,1,1984,"Gym,Garden,WiFi,Pool",5670523
Premium Condo in Mumbai,"Mumbai, MH",Condo,1918,2,2,1992,"Garden,Gym,Security",1338953
Premium Villa in Bangalore,"Bangalore, KA",Villa,1657,6,1,1986,"Parking,WiFi",1796670
Premium Townhouse in Kolkata,"Kolkata, WB",Townhouse,2685,3,1,1991,"WiFi,Parking",1031112
Premium Townhouse in Mumbai,"Mumbai, MH",Townhouse,2658,2,4,1993,"Garden,WiFi,Gym,Security",1974842
Premium Townhouse in Hyderabad,"Hyderabad, TS",Townhouse,1365,1,2,1982,"Gym,Garden",485372
Premium Townhouse in Hyderabad,"Hyderabad, TS",Townhouse,1790,5,2,2020,"Security,Garden,Pool,Parking",903031
Premium Townhouse in Chennai,"Chennai, TN",Townhouse,3843,3,1,1989,Garden,1279753
Premium Villa in Bangalore,"Bangalore, KA",Villa,2134,2,4,1997,"Garden,Gym,Security",1769759
Premium Townhouse in Mumbai,"Mumbai, MH",Townhouse,1715,6,1,1982,"WiFi,Gym,Pool",1663843
Premium Townhouse in Ahmedabad,"Ahmedabad, GJ",Townhouse,3988,2,3,2001,Pool,1384060
Premium Penthouse in Mumbai,"Mumbai, MH",Penthouse,2841,4,1,2003,Security,4102778
Premium Penthouse in Kolkata,"Kolkata, WB",Penthouse,4151,4,1,2020,"Gym,Pool,Security",3199926
Premium Condo in Kolkata,"Kolkata, WB",Condo,1209,6,3,2017,"Security,Parking,Gym",788960
Premium Apartment in Mumbai,"Mumbai, MH",Apartment,3227,2,1,1989,"Security,Parking,Pool",2163940
Premium Villa in Delhi,"Delhi, DL",Villa,4353,4,2,2015,Pool,4386400
Premium Penthouse in Hyderabad,"Hyderabad, TS",Penthouse,3375,4,4,2000,"Garden,WiFi,Parking,Security",2607356
Premium Penthouse in Delhi,"Delhi, DL",Penthouse,1642,3,3,2019,WiFi,2394626
Premium Townhouse in Kolkata,"Kolkata, WB",Townhouse,2475,2,2,1998,"Gym,Parking,Security",967426
Premium Penthouse in Bangalore,"Bangalore, KA",Penthouse,2658,2,2,2007,"Gym,Garden,Pool",2556551
Premium Villa in Bangalore,"Bangalore, KA",Villa,2635,3,3,2007,Parking,2101698
Premium Villa in Ahmedabad,"Ahmedabad, GJ",Villa,4155,3,2,1980,Gym,2369391
Premium Penthouse in Hyderabad,"Hyderabad, TS",Penthouse,2356,2,4,1992,"Pool,Gym,WiFi",1678911
Premium Apartment in Ahmedabad,"Ahmedabad, GJ",Apartment,2993,6,3,1988,"Parking,Garden,Security",1152162
Premium Townhouse in Chennai,"Chennai, TN",Townhouse,4721,3,3,1981,"WiFi,Garden,Parking",1588445
Premium Townhouse in Bangalore,"Bangalore, KA",Townhouse,4685,3,4,2016,"Garden,Parking",2412735
Premium Apartment in Bangalore,"Bangalore, KA",Apartment,1802,2,4,1990,Security,1072181
Premium Condo in Chennai,"Chennai, TN",Condo,4998,5,2,2002,"Garden,WiFi",1758365
Premium Condo in Kolkata,"Kolkata, WB",Condo,4843,2,3,2002,"WiFi,Pool",1540058
Premium Villa in Mumbai,"Mumbai, MH",Villa,1092,2,3,1989,"WiFi,Pool,Parking",1459462
Premium Apartment in Chennai,"Chennai, TN",Apartment,4816,5,2,1986,"Gym,Security",1779685
Premium Villa in Hyderabad,"Hyderabad, TS",Villa,2380,3,3,2008,"Parking,Gym,Security",1448905
Premium Apartment in Bangalore,"Bangalore, KA",Apartment,1466,4,2,1980,Gym,1060200
Premium Penthouse in Ahmedabad,"Ahmedabad, GJ",Penthouse,3904,3,1,2015,"Security,Parking,Pool",2566328
Premium Townhouse in Pune,"Pune, MH",Townhouse,3373,6,1,2013,"WiFi,Security,Parking,Pool,Gym",1335297
Premium Penthouse in Mumbai,"Mumbai, MH",Penthouse,2328,6,2,2007,"Garden,Gym",3857968
Premium Villa in Pune,"Pune, MH",Villa,3950,1,2,1998,"Security,WiFi,Gym,Pool,Parking",1896115
Premium Townhouse in Delhi,"Delhi, DL",Townhouse,3735,1,3,2002,"Security,Pool,Parking",2380420
Premium Condo in Bangalore,"Bangalore, KA",Condo,3281,6,2,1985,"Garden,Pool",2151349
Premium Villa in Chennai,"Chennai, TN",Villa,1115,1,3,2017,WiFi,703218
Premium Apartment in Chennai,"Chennai, TN",Apartment,1051,6,2,2002,"Gym,Garden,Pool,Parking,Security",599692
Premium Villa in Mumbai,"Mumbai, MH",Villa,1530,6,2,2020,Pool,2247573
Premium Penthouse in Kolkata,"Kolkata, WB",Penthouse,4106,3,2,1995,"Gym,Pool,Parking",2818105
Premium Villa in Ahmedabad,"Ahmedabad, GJ",Villa,4701,4,1,2010,Garden,2452147
Premium Villa in Mumbai,"Mumbai, MH",Villa,4603,2,1,2020,"Garden,Gym",4264426
Premium Condo in Hyderabad,"Hyderabad, TS",Condo,2283,2,2,1987,"Gym,WiFi,Security,Pool",811290
Premium Apartment in Delhi,"Delhi, DL",Apartment,601,3,3,1987,"Security,Garden,Gym,WiFi",755830
Premium Penthouse in Ahmedabad,"Ahmedabad, GJ",Penthouse,753,1,1,1992,"Garden,Gym,Security",549792
Premium Villa in Delhi,"Delhi, DL",Villa,2647,1,1,1992,Security,2386350
Premium Townhouse in Kolkata,"Kolkata, WB",Townhouse,1148,6,3,1984,"Security,Gym,Parking,Pool",694738
Premium Villa in Bangalore,"Bangalore, KA",Villa,2103,2,3,1990,Gym,1654236
Premium Townhouse in Hyderabad,"Hyderabad, TS",Townhouse,4260,6,4,2010,"Garden,Parking,Security",1748102
Premium Apartment in Hyderabad,"Hyderabad, TS",Apartment,3528,3,3,1982,"Garden,Security",1151953
Premium Townhouse in Chennai,"Chennai, TN",Townhouse,3250,5,2,1999,WiFi,1247187
Premium Penthouse in Hyderabad,"Hyderabad, TS",Penthouse,3596,1,2,1999,"Security,Parking,Gym,Pool,Garden",2386054
Premium Apartment in Hyderabad,"Hyderabad, TS",Apartment,1313,5,3,2017,"Parking,Garden,Security,WiFi",637228
Premium Condo in Ahmedabad,"Ahmedabad, GJ",Condo,4061,1,4,2013,"Parking,Pool",1239779
Premium Condo in Pune,"Pune, MH",Condo,3134,1,2,2010,"Garden,Parking,Gym,Pool",927465
Premium Penthouse in Hyderabad,"Hyderabad, TS",Penthouse,1294,2,2,2023,"Pool,WiFi,Garden,Security",994701
Premium Apartment in Mumbai,"Mumbai, MH",Apartment,1592,2,3,2005,Security,1376861
Premium Penthouse in Pune,"Pune, MH",Penthouse,2186,5,3,2010,"Security,Pool,Gym,WiFi",2009522
Premium Condo in Ahmedabad,"Ahmedabad, GJ",Condo,2788,4,2,1990,WiFi,1030163
Premium Condo in Delhi,"Delhi, DL",Condo,1524,2,1,2014,"Parking,WiFi",1004815
Premium Condo in Kolkata,"Kolkata, WB",Condo,1544,5,4,2004,"Security,WiFi",813866
Premium Villa in Chennai,"Chennai, TN",Villa,554,3,1,1984,"Parking,Gym,Pool,Garden,Security",495983
Premium Townhouse in Delhi,"Delhi, DL",Townhouse,1728,2,1,1992,Gym,1184695
Premium Townhouse in Pune,"Pune, MH",Townhouse,2844,5,4,2018,"Parking,WiFi,Gym",1241570
Premium Townhouse in Delhi,"Delhi, DL",Townhouse,4722,6,1,2015,"Gym,Security,Parking,Garden",2952419
Premium Villa in Pune,"Pune, MH",Villa,3067,5,2,1983,"Security,Garden",1798736
Premium Villa in Hyderabad,"Hyderabad, TS",Villa,860,5,3,1987,"Pool,Gym",875189
Premium Townhouse in Chennai,"Chennai, TN",Townhouse,3428,5,4,2020,"Parking,Gym,Security",1234628
Premium Apartment in Bangalore,"Bangalore, KA",Apartment,4877,4,2,2007,"Pool,Security",2576979
Premium Townhouse in Ahmedabad,"Ahmedabad, GJ",Townhouse,1598,2,2,2024,"Parking,Gym,Garden,WiFi,Pool",571880
Premium Apartment in Pune,"Pune, MH",Apartment,2364,1,2,2019,"Garden,Parking,Security,Pool,Gym",729562
Premium Condo in Chennai,"Chennai, TN",Condo,4940,5,2,2006,"Security,WiFi,Parking,Pool,Garden",1806339
Premium Townhouse in Delhi,"Delhi, DL",Townhouse,4030,4,2,2016,"Pool,Gym,WiFi,Parking,Security",2745047
Premium Condo in Hyderabad,"Hyderabad, TS",Condo,4363,5,1,2014,Pool,1616460
Premium Apartment in Ahmedabad,"Ahmedabad, GJ",Apartment,4668,4,2,1980,Garden,1689888
Premium Villa in Kolkata,"Kolkata, WB",Villa,1485,1,3,2012,"Security,WiFi,Parking",873952
Premium Villa in Chennai,"Chennai, TN",Villa,4159,5,1,2019,"Pool,Gym,Security,Garden,WiFi",2202558
Premium Apartment in Ahmedabad,"Ahmedabad, GJ",Apartment,4110,4,1,1993,"Garden,Parking,WiFi,Pool,Gym",1351073
Premium Apartment in Bangalore,"Bangalore, KA",Apartment,3736,5,3,2005,Security,2256505
Premium Villa in Mumbai,"Mumbai, MH",Villa,3380,1,3,2019,"Parking,WiFi,Gym,Pool,Garden",3461495
Premium Villa in Kolkata,"Kolkata, WB",Villa,2842,3,3,1988,"WiFi,Garden",1695699
Premium Condo in Pune,"Pune, MH",Condo,4738,2,1,2004,"Pool,Garden,WiFi,Security",1692427
Premium Penthouse in Pune,"Pune, MH",Penthouse,2969,6,4,2001,"Garden,Parking,Pool,Gym",2705074
Premium Townhouse in Pune,"Pune, MH",Townhouse,823,6,3,1996,WiFi,555858
Premium Condo in Delhi,"Delhi, DL",Condo,2087,4,2,1987,"WiFi,Gym",1609723
Premium Condo in Hyderabad,"Hyderabad, TS",Condo,998,6,3,2018,Security,619354
Premium Condo in Kolkata,"Kolkata, WB",Condo,1175,1,4,1983,"Parking,Security,Gym",461931
Premium Villa in Ahmedabad,"Ahmedabad, GJ",Villa,1378,1,4,2023,"Parking,Garden",871405
Premium Villa in Chennai,"Chennai, TN",Villa,3366,3,3,2007,"Parking,Garden",1813862
Premium Penthouse in Kolkata,"Kolkata, WB",Penthouse,939,3,2,2019,"Gym,Pool,Parking",883656
Premium Condo in Hyderabad,"Hyderabad, TS",Condo,4204,3,4,1983,"Gym,Pool,Security",1553662
Premium Condo in Mumbai,"Mumbai, MH",Condo,2241,5,2,2001,"Garden,Pool,Parking,Gym,Security",1881932
Premium Apartment in Kolkata,"Kolkata, WB",Apartment,1377,1,2,1999,"Security,Pool",513383
Premium Townhouse in Hyderabad,"Hyderabad, TS",Townhouse,2635,5,2,1991,"Gym,Parking,WiFi,Garden",988507
Premium Townhouse in Ahmedabad,"Ahmedabad, GJ",Townhouse,705,1,3,2015,"WiFi,Security,Garden",315738
Premium Villa in Pune,"Pune, MH",Villa,2940,4,1,2021,"Pool,Gym,Parking",1581127
Premium Apartment in Delhi,"Delhi, DL",Apartment,1731,6,1,1997,"Gym,Pool,Security",1472008
Premium Villa in Hyderabad,"Hyderabad, TS",Villa,3856,1,3,1983,Garden,1736490
Premium Penthouse in Ahmedabad,"Ahmedabad, GJ",Penthouse,3779,6,3,1995,"Security,Pool,Parking,Garden",2819681
Premium Penthouse in Chennai,"Chennai, TN",Penthouse,566,5,4,1983,"Gym,Garden,Security",907848
Premium Condo in Bangalore,"Bangalore, KA",Condo,1115,2,2,2019,Security,731359
Premium Penthouse in Kolkata,"Kolkata, WB",Penthouse,2757,2,2,1983,"Pool,Security,Parking,WiFi,Garden",1841627
Premium Apartment in Pune,"Pune, MH",Apartment,953,1,4,2004,"WiFi,Gym",453529
Premium Townhouse in Ahmedabad,"Ahmedabad, GJ",Townhouse,2206,5,2,2009,"Security,Pool",982403
Premium Townhouse in Hyderabad,"Hyderabad, TS",Townhouse,1762,1,1,1992,Gym,612081
Premium Condo in Ahmedabad,"Ahmedabad, GJ",Condo,1184,5,3,2015,"Gym,Garden,Pool,Parking",660035
Premium Villa in Ahmedabad,"Ahmedabad, GJ",Villa,2769,4,3,1986,"Gym,Pool",1781424
Premium Penthouse in Bangalore,"Bangalore, KA",Penthouse,3008,5,1,1982,"Garden,WiFi,Parking",3702548
Premium Penthouse in Delhi,"Delhi, DL",Penthouse,4023,3,2,1991,Pool,4774873
Premium Townhouse in Pune,"Pune, MH",Townhouse,1380,6,1,2003,"Garden,WiFi,Pool",709604
Premium Townhouse in Ahmedabad,"Ahmedabad, GJ",Townhouse,1885,3,2,1980,"Pool,Security,WiFi,Parking",807937
Premium Townhouse in Pune,"Pune, MH",Townhouse,3121,3,3,1982,"Pool,Gym,Garden,Parking,WiFi",1063204
Premium Apartment in Mumbai,"Mumbai, MH",Apartment,1943,1,3,2013,"Parking,Pool,Gym",1474865
Premium Apartment in Delhi,"Delhi, DL",Apartment,711,1,4,2011,Security,562225
Premium Penthouse in Bangalore,"Bangalore, KA",Penthouse,846,5,3,1997,"Pool,Gym,WiFi,Security",1785614
Premium Penthouse in Kolkata,"Kolkata, WB",Penthouse,1468,4,4,1995,"Pool,Garden,Gym,WiFi",1491090
Premium Penthouse in Mumbai,"Mumbai, MH",Penthouse,724,6,4,2024,Garden,2379895
Premium Apartment in Hyderabad,"Hyderabad, TS",Apartment,2383,3,1,1994,"Pool,Security",972344
Premium Townhouse in Delhi,"Delhi, DL",Townhouse,1824,4,1,1999,Parking,1357663
Premium Apartment in Bangalore,"Bangalore, KA",Apartment,3486,2,4,2015,Security,1983707
Premium Apartment in Delhi,"Delhi, DL",Apartment,2861,6,4,1989,"Gym,WiFi,Security",2446737
Premium Condo in Pune,"Pune, MH",Condo,4457,5,1,1984,"Gym,Pool",1637016
Premium Townhouse in Ahmedabad,"Ahmedabad, GJ",Townhouse,1463,1,1,2023,"Pool,WiFi,Security,Garden,Gym",539104
Premium Villa in Chennai,"Chennai, TN",Villa,948,1,1,2007,Security,580019
Premium Penthouse in Ahmedabad,"Ahmedabad, GJ",Penthouse,4369,4,3,2016,"Security,WiFi",3180492
Premium Penthouse in Chennai,"Chennai, TN",Penthouse,604,6,4,1986,"WiFi,Parking,Pool,Security,Garden",1234575
Premium Apartment in Ahmedabad,"Ahmedabad, GJ",Apartment,2395,4,3,2006,"WiFi,Parking,Gym,Security,Pool",968650
Premium Apartment in Chennai,"Chennai, TN",Apartment,4597,6,2,1991,"Gym,WiFi,Garden,Parking",1687476
Premium Townhouse in Bangalore,"Bangalore, KA",Townhouse,2771,1,4,2013,"WiFi,Pool,Security,Garden",1580999
Premium Villa in Delhi,"Delhi, DL",Villa,4442,1,4,1987,Security,4234042
Premium Villa in Hyderabad,"Hyderabad, TS",Villa,4144,2,3,2011,"Parking,Gym,WiFi,Security,Garden",2104267
Premium Apartment in Ahmedabad,"Ahmedabad, GJ",Apartment,4152,5,4,2015,"Gym,Security",1671720
Premium Villa in Kolkata,"Kolkata, WB",Villa,1926,1,1,2007,"Parking,WiFi",963670
Premium Villa in Hyderabad,"Hyderabad, TS",Villa,2239,4,2,2001,"Pool,Security,WiFi,Garden,Parking",1305911
Premium Townhouse in Kolkata,"Kolkata, WB",Townhouse,4844,3,2,2009,"Pool,Security",1535277
Premium Penthouse in Ahmedabad,"Ahmedabad, GJ",Penthouse,3819,1,1,1987,Pool,2264029
Premium Villa in Hyderabad,"Hyderabad, TS",Villa,657,4,2,2016,"Parking,Security,Pool,Gym,Garden",699876
Premium Penthouse in Ahmedabad,"Ahmedabad, GJ",Penthouse,4005,2,4,2000,Garden,2840863
Premium Villa in Mumbai,"Mumbai, MH",Villa,2603,2,3,2006,Gym,3015875
Premium Apartment in Bangalore,"Bangalore, KA",Apartment,4200,5,1,2022,"WiFi,Parking,Pool,Garden",2471329
Premium Apartment in Ahmedabad,"Ahmedabad, GJ",Apartment,4087,2,3,2006,Garden,1372206
Premium Apartment in Bangalore,"Bangalore, KA",Apartment,3189,5,3,1990,"Gym,Parking",1854304
Premium Townhouse in Mumbai,"Mumbai, MH",Townhouse,2485,5,2,1995,"WiFi,Pool,Gym",1922300
Premium Apartment in Pune,"Pune, MH",Apartment,2397,5,3,2011,"Garden,Pool,Security,Gym",1078566
Premium Penthouse in Bangalore,"Bangalore, KA",Penthouse,3588,5,1,2015,WiFi,3916730
Premium Townhouse in Pune,"Pune, MH",Townhouse,3303,4,4,2003,"Garden,Security,Pool,Parking",1259920
Premium Apartment in Bangalore,"Bangalore, KA",Apartment,2083,4,4,1985,"WiFi,Parking,Pool,Gym",1454294
Premium Condo in Ahmedabad,"Ahmedabad, GJ",Condo,2459,5,1,2022,"WiFi,Pool,Security,Parking,Gym",1075358
Premium Townhouse in Ahmedabad,"Ahmedabad, GJ",Townhouse,2603,4,3,2009,"Security,Parking,Garden,WiFi",1017158
Premium Apartment in Chennai,"Chennai, TN",Apartment,3068,2,4,1987,"Pool,Security,WiFi,Parking,Gym",1071690
Premium Apartment in Pune,"Pune, MH",Apartment,1081,6,4,2020,"Security,WiFi",724247
Premium Townhouse in Mumbai,"Mumbai, MH",Townhouse,2322,1,1,2021,Security,1391140
Premium Apartment in Ahmedabad,"Ahmedabad, GJ",Apartment,3809,2,4,2004,Gym,1318895
Premium Apartment in Kolkata,"Kolkata, WB",Apartment,944,2,4,2010,Pool,504133
Premium Townhouse in Ahmedabad,"Ahmedabad, GJ",Townhouse,4003,1,3,2010,"WiFi,Gym,Pool,Security,Garden",1388565
Premium Penthouse in Kolkata,"Kolkata, WB",Penthouse,549,1,4,2007,WiFi,563710
Premium Townhouse in Pune,"Pune, MH",Townhouse,642,5,1,2024,Parking,444605
Premium Villa in Chennai,"Chennai, TN",Villa,2732,2,4,2006,"Garden,Security",1388450
Premium Villa in Delhi,"Delhi, DL",Villa,3697,6,3,2019,WiFi,3599163
Premium Penthouse in Ahmedabad,"Ahmedabad, GJ",Penthouse,1260,5,2,2010,"Security,Garden",1357941
Premium Penthouse in Chennai,"Chennai, TN",Penthouse,4766,5,4,2001,"Pool,Security,WiFi",3281175
Premium Apartment in Pune,"Pune, MH",Apartment,2229,5,2,1993,"Garden,Gym,Pool",963698
Premium Apartment in Hyderabad,"Hyderabad, TS",Apartment,2407,3,1,1989,"WiFi,Parking",804371
Premium Condo in Chennai,"Chennai, TN",Condo,4133,2,3,1995,"Garden,Gym,Pool,Security,WiFi",1444026
Premium Apartment in Bangalore,"Bangalore, KA",Apartment,582,6,2,1994,"Pool,Security",766345
Premium Townhouse in Chennai,"Chennai, TN",Townhouse,3508,1,1,1984,Garden,1052394
Premium Condo in Bangalore,"Bangalore, KA",Condo,2744,5,2,2016,Parking,1787774
Premium Villa in Kolkata,"Kolkata, WB",Villa,828,4,3,1989,Security,687668
Premium Townhouse in Pune,"Pune, MH",Townhouse,4969,5,2,1989,"WiFi,Pool,Security,Garden",1917192
Premium Condo in Bangalore,"Bangalore, KA",Condo,4198,1,4,1983,"Pool,Parking,WiFi,Security,Gym",1930675
Premium Apartment in Bangalore,"Bangalore, KA",Apartment,1051,1,2,1989,"WiFi,Parking,Gym,Security,Garden",618368
Premium Townhouse in Pune,"Pune, MH",Townhouse,2962,2,2,1992,"Security,Garden,Gym,Parking,WiFi",1090877
Premium Villa in Kolkata,"Kolkata, WB",Villa,2371,4,3,2020,"Security,Parking,Garden",1411859
Premium Townhouse in Chennai,"Chennai, TN",Townhouse,906,3,4,2002,Security,476822
Premium Villa in Pune,"Pune, MH",Villa,2373,5,1,2014,"Security,Gym,WiFi",1429561
Premium Apartment in Chennai,"Chennai, TN",Apartment,1425,2,3,2017,"Garden,WiFi,Pool,Parking",532316
Premium Villa in Ahmedabad,"Ahmedabad, GJ",Villa,633,6,3,2018,"Gym,Pool",854385
Premium Villa in Kolkata,"Kolkata, WB",Villa,3496,2,1,1998,Parking,1601381
Premium Penthouse in Chennai,"Chennai, TN",Penthouse,1428,3,1,2009,"WiFi,Gym,Parking,Pool",1303149
Premium Townhouse in Ahmedabad,"Ahmedabad, GJ",Townhouse,3237,4,1,1990,Garden,1231236
Premium Penthouse in Ahmedabad,"Ahmedabad, GJ",Penthouse,1476,6,3,1981,"Gym,WiFi",1459207
Premium Apartment in Ahmedabad,"Ahmedabad, GJ",Apartment,2079,3,2,2012,"WiFi,Parking",749726
Premium Apartment in Ahmedabad,"Ahmedabad, GJ",Apartment,2921,2,4,1998,"Security,Parking,Garden,Gym",1106024
Premium Apartment in Bangalore,"Bangalore, KA",Apartment,2904,4,3,2019,"Garden,Pool,WiFi,Parking,Gym",1784971
Premium Villa in Delhi,"Delhi, DL",Villa,2747,4,1,2020,"Garden,Parking,Security",2718509
Premium Townhouse in Delhi,"Delhi, DL",Townhouse,3277,6,2,2014,"Pool,Parking,WiFi,Garden",2435343
Premium Condo in Kolkata,"Kolkata, WB",Condo,2101,3,2,2003,"Garden,Parking,Gym",851145
Premium Villa in Ahmedabad,"Ahmedabad, GJ",Villa,3133,6,1,2008,Pool,1923595
Premium Condo in Pune,"Pune, MH",Condo,1891,5,3,2018,"Security,Parking,Garden,Pool",882925
Premium Townhouse in Mumbai,"Mumbai, MH",Townhouse,2201,3,4,2003,"Garden,Parking,WiFi",1745115
Premium Apartment in Delhi,"Delhi, DL",Apartment,1087,1,1,2000,Security,684633
Premium Penthouse in Mumbai,"Mumbai, MH",Penthouse,2393,5,2,2020,"Security,WiFi,Pool,Gym,Garden",3690493
Premium Townhouse in Hyderabad,"Hyderabad, TS",Townhouse,1213,1,1,2008,Parking,434131
Premium Penthouse in Mumbai,"Mumbai, MH",Penthouse,2422,4,3,2005,"Parking,WiFi",4182396
Premium Apartment in Chennai,"Chennai, TN",Apartment,4345,3,4,2013,"Pool,Garden",1457895
Premium Apartment in Ahmedabad,"Ahmedabad, GJ",Apartment,1714,2,3,2010,"Pool,WiFi",694622
Premium Penthouse in Bangalore,"Bangalore, KA",Penthouse,3882,6,3,2012,"Gym,Security,Pool",4125615
Premium Villa in Hyderabad,"Hyderabad, TS",Villa,1168,1,3,1999,"Parking,Security,Garden",720458
Premium Villa in Bangalore,"Bangalore, KA",Villa,1759,3,3,2008,"Gym,Garden,Parking,Security",1784677
Premium Condo in Pune,"Pune, MH",Condo,1898,2,3,1987,"Pool,Security,Parking",775512
Premium Penthouse in Hyderabad,"Hyderabad, TS",Penthouse,1919,5,1,1994,"Garden,Pool,Parking,Gym,Security",1623665
Premium Townhouse in Hyderabad,"Hyderabad, TS",Townhouse,941,1,4,2015,Gym,453047
Premium Condo in Kolkata,"Kolkata, WB",Condo,2431,4,2,1991,"Garden,Pool,Security,Parking",991191
Premium Townhouse in Hyderabad,"Hyderabad, TS",Townhouse,2924,2,4,1999,"Pool,Security,Parking,Gym",1162518
Premium Townhouse in Kolkata,"Kolkata, WB",Townhouse,1425,4,4,1980,WiFi,753682
Premium Villa in Chennai,"Chennai, TN",Villa,2103,4,1,2023,Security,1192740
Premium Villa in Pune,"Pune, MH",Villa,1492,1,4,1986,"Parking,Pool,Garden,Security,WiFi",780293
Premium Penthouse in Bangalore,"Bangalore, KA",Penthouse,2364,2,1,1987,"Gym,Garden",2282103
Premium Penthouse in Hyderabad,"Hyderabad, TS",Penthouse,4110,5,4,2009,"Pool,WiFi,Security,Garden,Parking",2899788
Premium Townhouse in Bangalore,"Bangalore, KA",Townhouse,932,2,4,1987,"Pool,Parking,Garden",658781
Premium Condo in Bangalore,"Bangalore, KA",Condo,2547,6,3,2017,Gym,1832566
Premium Villa in Mumbai,"Mumbai, MH",Villa,980,6,1,2019,"WiFi,Gym,Pool,Security",1822507
Premium Condo in Chennai,"Chennai, TN",Condo,3415,4,3,2020,"Pool,Security,Parking",1177327
Premium Villa in Pune,"Pune, MH",Villa,3379,3,1,1997,"WiFi,Pool,Security,Garden,Parking",1616343
Premium Townhouse in Hyderabad,"Hyderabad, TS",Townhouse,2446,2,1,1992,"Garden,Pool,WiFi",831326
Premium Townhouse in Ahmedabad,"Ahmedabad, GJ",Townhouse,4979,6,2,2018,"Parking,Garden,Gym,WiFi",1993914
Premium Penthouse in Ahmedabad,"Ahmedabad, GJ",Penthouse,1133,4,3,2024,"Pool,Gym,Parking,Security",1100043
Premium Townhouse in Bangalore,"Bangalore, KA",Townhouse,3492,1,4,2017,"Parking,Security,Pool,Gym,WiFi",1761561
Premium Villa in Delhi,"Delhi, DL",Villa,1644,2,4,2006,"Security,WiFi,Garden,Pool",1942268
Premium Apartment in Pune,"Pune, MH",Apartment,4791,6,1,2024,Parking,1754598
Premium Penthouse in Hyderabad,"Hyderabad, TS",Penthouse,4349,3,2,2017,WiFi,2906353
Premium Apartment in Pune,"Pune, MH",Apartment,4082,3,4,2019,"WiFi,Pool,Garden,Parking",1556910
Premium Penthouse in Mumbai,"Mumbai, MH",Penthouse,4161,4,2,2016,"Parking,Garden",5714177
Premium Condo in Bangalore,"Bangalore, KA",Condo,644,6,2,2022,"Parking,WiFi,Garden,Gym",762767
Premium Villa in Mumbai,"Mumbai, MH",Villa,865,3,2,2000,"Pool,WiFi,Garden,Gym",1301065
Premium Apartment in Mumbai,"Mumbai, MH",Apartment,3920,1,4,2018,"Garden,Security,WiFi,Pool,Gym",2596320
Premium Villa in Chennai,"Chennai, TN",Villa,693,4,2,2017,"Pool,Gym,WiFi",728884
Premium Penthouse in Chennai,"Chennai, TN",Penthouse,1383,5,4,2008,Security,1604178
Premium Condo in Mumbai,"Mumbai, MH",Condo,2619,4,1,2002,"Security,Parking,Garden",2122819
Premium Penthouse in Mumbai,"Mumbai, MH",Penthouse,545,3,4,2003,"Garden,Pool,Gym,WiFi,Security",1565232
Premium Apartment in Chennai,"Chennai, TN",Apartment,3827,4,1,1999,"Pool,Gym,Security,Garden,Parking",1491720
Premium Condo in Mumbai,"Mumbai, MH",Condo,1038,1,1,1983,"Parking,WiFi",763913
Premium Apartment in Delhi,"Delhi, DL",Apartment,2576,3,2,1989,"WiFi,Gym,Garden",1800838
Premium Penthouse in Hyderabad,"Hyderabad, TS",Penthouse,855,3,2,2013,Gym,978403
Premium Penthouse in Pune,"Pune, MH",Penthouse,2259,6,4,2006,"Garden,Gym",2084316
Premium Townhouse in Ahmedabad,"Ahmedabad, GJ",Townhouse,884,3,4,2019,Gym,464033
Premium Penthouse in Chennai,"Chennai, TN",Penthouse,2521,4,1,2017,"Parking,Gym",1938683
Premium Penthouse in Chennai,"Chennai, TN",Penthouse,2116,1,2,1982,"Parking,WiFi,Security,Gym",1523260
Premium Condo in Bangalore,"Bangalore, KA",Condo,1318,5,3,2004,"Garden,Pool,Security,Gym",1046056
Premium Condo in Ahmedabad,"Ahmedabad, GJ",Condo,1112,4,1,1994,"Parking,Pool,Gym,Garden,WiFi",518161
Premium Apartment in Hyderabad,"Hyderabad, TS",Apartment,1245,6,4,1982,"Security,Gym,Garden,Pool",756738
Premium Villa in Chennai,"Chennai, TN",Villa,1898,6,4,2000,"Parking,WiFi,Gym,Pool,Garden",1492578
Premium Condo in Hyderabad,"Hyderabad, TS",Condo,1292,3,1,2004,Gym,612616
Premium Villa in Chennai,"Chennai, TN",Villa,2367,2,2,1981,"Parking,Pool,WiFi,Security",1367082
Premium Condo in Pune,"Pune, MH",Condo,3012,5,4,2018,"Garden,Pool,Gym,WiFi,Security",1248293
Premium Penthouse in Mumbai,"Mumbai, MH",Penthouse,4015,3,3,1999,Gym,6168335
Premium Penthouse in Kolkata,"Kolkata, WB",Penthouse,3742,4,4,2005,"Parking,Garden,Pool,Gym,Security",2804860
Premium Penthouse in Delhi,"Delhi, DL",Penthouse,1507,4,4,2011,"Parking,Security,Garden,WiFi,Gym",2898910
Premium Apartment in Pune,"Pune, MH",Apartment,580,3,3,2007,"Gym,Security,Parking,Pool,WiFi",390001
Premium Townhouse in Mumbai,"Mumbai, MH",Townhouse,652,2,1,2009,WiFi,614336
Premium Condo in Kolkata,"Kolkata, WB",Condo,3484,5,1,2017,"Security,Gym,Garden,WiFi,Parking",1366433
Premium Penthouse in Mumbai,"Mumbai, MH",Penthouse,4300,4,4,1994,"Garden,Gym,Parking,Pool",6116278
Premium Penthouse in Ahmedabad,"Ahmedabad, GJ",Penthouse,1570,3,4,1990,"Pool,Security",1408209
Premium Penthouse in Pune,"Pune, MH",Penthouse,794,6,2,2016,"Garden,WiFi",1194719
Premium Apartment in Chennai,"Chennai, TN",Apartment,4752,2,3,1980,"Garden,Parking,Security",1490909
Premium Penthouse in Pune,"Pune, MH",Penthouse,3600,5,2,2014,"Pool,WiFi,Security,Garden,Gym",2773257
Premium Townhouse in Delhi,"Delhi, DL",Townhouse,1473,3,4,2005,"Gym,Security",1219871
Premium Villa in Chennai,"Chennai, TN",Villa,4833,6,1,2018,Parking,2743503
Premium Townhouse in Delhi,"Delhi, DL",Townhouse,675,4,2,2018,"WiFi,Gym,Pool",843619
Premium Condo in Bangalore,"Bangalore, KA",Condo,731,2,3,2016,"Gym,Security",601721
Premium Apartment in Pune,"Pune, MH",Apartment,996,1,3,1983,"Pool,Gym",421769
Premium Condo in Bangalore,"Bangalore, KA",Condo,1892,1,3,2007,"Gym,Pool,Parking,Security,WiFi",954479
Premium Apartment in Chennai,"Chennai, TN",Apartment,1444,1,3,2011,"WiFi,Security,Pool",522675
Premium Condo in Delhi,"Delhi, DL",Condo,1300,3,1,2010,"Gym,Security,Garden,WiFi",1034992
Premium Apartment in Hyderabad,"Hyderabad, TS",Apartment,3624,3,4,1990,Pool,1426838
Premium Penthouse in Kolkata,"Kolkata, WB",Penthouse,1682,2,4,2000,"WiFi,Security",1460082
Premium Apartment in Kolkata,"Kolkata, WB",Apartment,2524,1,3,2007,"Security,Gym,Parking,Garden",790213
Premium Townhouse in Hyderabad,"Hyderabad, TS",Townhouse,577,5,4,1996,Security,452846
Premium Apartment in Kolkata,"Kolkata, WB",Apartment,3255,6,2,2003,"Parking,Pool,Security,WiFi,Gym",1246129
Premium Apartment in Mumbai,"Mumbai, MH",Apartment,1435,4,2,2016,Parking,1302833
Premium Condo in Bangalore,"Bangalore, KA",Condo,2611,3,3,1988,"Garden,Gym",1543189
Premium Apartment in Mumbai,"Mumbai, MH",Apartment,571,1,4,1984,"WiFi,Gym,Garden,Security,Parking",571789
Premium Condo in Hyderabad,"Hyderabad, TS",Condo,3572,6,1,1991,Security,1468584
Premium Apartment in Bangalore,"Bangalore, KA",Apartment,1276,5,1,2000,Security,1006318
Premium Penthouse in Delhi,"Delhi, DL",Penthouse,4329,4,4,2022,Gym,5130404
Premium Villa in Ahmedabad,"Ahmedabad, GJ",Villa,3357,6,2,2020,"Gym,WiFi,Garden",1851211
Premium Apartment in Chennai,"Chennai, TN",Apartment,2343,5,1,2003,"WiFi,Pool",1047598
Premium Condo in Bangalore,"Bangalore, KA",Condo,1293,2,4,1994,"Garden,Gym,Security,Parking,WiFi",815182
Premium Townhouse in Kolkata,"Kolkata, WB",Townhouse,3326,6,1,2015,"WiFi,Gym,Pool,Garden",1335044
Premium Penthouse in Ahmedabad,"Ahmedabad, GJ",Penthouse,1619,5,1,1994,"Garden,Pool,Gym,Security,Parking",1579120
Premium Apartment in Hyderabad,"Hyderabad, TS",Apartment,2643,1,1,1986,"Security,Garden,WiFi,Pool,Gym",790443
Premium Condo in Kolkata,"Kolkata, WB",Condo,512,4,2,1996,Gym,382901
Premium Villa in Pune,"Pune, MH",Villa,2737,2,4,2011,Pool,1533008
Premium Condo in Bangalore,"Bangalore, KA",Condo,4500,3,3,1995,"Gym,Garden,Security,Pool,WiFi",2232209
Premium Villa in Ahmedabad,"Ahmedabad, GJ",Villa,1766,2,3,2011,"Garden,Pool,WiFi",1062987
Premium Penthouse in Mumbai,"Mumbai, MH",Penthouse,3352,4,1,1989,"Gym,WiFi,Garden,Security",5220462
Premium Penthouse in Kolkata,"Kolkata, WB",Penthouse,3725,4,2,2017,"Gym,WiFi,Pool,Parking",2614615
Premium Penthouse in Ahmedabad,"Ahmedabad, GJ",Penthouse,2047,1,4,2012,"Pool,WiFi",1489964
Premium Townhouse in Pune,"Pune, MH",Townhouse,4855,1,1,1996,"Garden,Security",1489337
Premium Villa in Mumbai,"Mumbai, MH",Villa,3635,3,1,1994,Parking,3707698
Premium Villa in Pune,"Pune, MH",Villa,4925,3,2,2020,"Garden,WiFi",2658769
Premium Townhouse in Chennai,"Chennai, TN",Townhouse,4934,4,2,2000,"WiFi,Gym,Parking",1755714
Premium Townhouse in Chennai,"Chennai, TN",Townhouse,4534,5,4,2004,Pool,1839734
Premium Penthouse in Chennai,"Chennai, TN",Penthouse,840,4,1,2018,"Security,WiFi,Pool",898827
Premium Apartment in Ahmedabad,"Ahmedabad, GJ",Apartment,960,4,3,1983,"Gym,Security",561435
Premium Condo in Bangalore,"Bangalore, KA",Condo,4897,1,4,1998,"Security,Parking,Garden",2338322
Premium Villa in Ahmedabad,"Ahmedabad, GJ",Villa,1550,4,4,1993,"Pool,Parking,Gym",1181928
Premium Townhouse in Ahmedabad,"Ahmedabad, GJ",Townhouse,671,4,1,1987,"Security,Pool",400106
Premium Penthouse in Kolkata,"Kolkata, WB",Penthouse,2616,5,2,2011,"Gym,WiFi",2210042
Premium Penthouse in Delhi,"Delhi, DL",Penthouse,1323,4,2,2020,Garden,2089010
Premium Townhouse in Pune,"Pune, MH",Townhouse,4414,5,3,2006,"Garden,Pool,Gym",1648763
Premium Apartment in Mumbai,"Mumbai, MH",Apartment,2543,1,1,1997,"Gym,Parking,Pool,WiFi",1534518
Premium Apartment in Kolkata,"Kolkata, WB",Apartment,1716,4,1,1993,"Parking,Gym,WiFi",781492
Premium Penthouse in Hyderabad,"Hyderabad, TS",Penthouse,3192,2,2,2023,"Pool,WiFi,Garden",2284827
Premium Townhouse in Delhi,"Delhi, DL",Townhouse,598,5,4,2019,"Garden,Gym,Security",913541
Premium Penthouse in Delhi,"Delhi, DL",Penthouse,2458,1,1,2007,"Security,WiFi,Gym,Parking,Pool",2755634
Premium Villa in Chennai,"Chennai, TN",Villa,1635,5,1,1993,"Parking,Garden,Gym",1158925
Premium Penthouse in Ahmedabad,"Ahmedabad, GJ",Penthouse,1838,5,1,2012,"Pool,WiFi,Parking,Security,Garden",1703061
Premium Penthouse in Ahmedabad,"Ahmedabad, GJ",Penthouse,882,5,4,1994,WiFi,1085345
Premium Apartment in Bangalore,"Bangalore, KA",Apartment,4289,1,3,2011,"WiFi,Pool,Parking,Security,Garden",1926016
Premium Penthouse in Kolkata,"Kolkata, WB",Penthouse,3056,3,2,1989,"Parking,Pool",2370901
Premium Townhouse in Kolkata,"Kolkata, WB",Townhouse,1619,5,3,2014,"Security,Garden,Pool",829720
Premium Villa in Mumbai,"Mumbai, MH",Villa,2959,5,3,1999,Garden,3928924
Premium Condo in Kolkata,"Kolkata, WB",Condo,2524,3,4,2016,"Pool,Gym",1051925
Premium Townhouse in Bangalore,"Bangalore, KA",Townhouse,4916,2,1,2011,"Garden,Security,Gym",2545506
Premium Villa in Mumbai,"Mumbai, MH",Villa,4283,4,4,2007,"WiFi,Garden",4666588
Premium Penthouse in Delhi,"Delhi, DL",Penthouse,4761,3,2,1997,Garden,6315086
Premium Villa in Hyderabad,"Hyderabad, TS",Villa,3782,4,1,2013,"Gym,Pool,Parking,Security",2024140
Premium Townhouse in Mumbai,"Mumbai, MH",Townhouse,3307,6,1,2002,"Pool,WiFi",2562018
Premium Villa in Mumbai,"Mumbai, MH",Villa,1974,2,4,2012,"Pool,WiFi,Garden",2377438
Premium Penthouse in Chennai,"Chennai, TN",Penthouse,3044,6,3,1983,"Security,WiFi,Garden,Pool",2551323
Premium Penthouse in Mumbai,"Mumbai, MH",Penthouse,3822,2,1,1996,WiFi,5421041
Premium Condo in Kolkata,"Kolkata, WB",Condo,3243,1,3,1998,"Security,WiFi,Garden",1074267
Premium Penthouse in Kolkata,"Kolkata, WB",Penthouse,1927,5,2,2007,"WiFi,Gym,Security,Garden,Parking",1722828
Premium Villa in Hyderabad,"Hyderabad, TS",Villa,2073,5,3,2003,"Parking,Security,Garden,Gym",1344159
Premium Condo in Mumbai,"Mumbai, MH",Condo,4561,1,1,2005,"WiFi,Pool,Parking",2618390
Premium Villa in Delhi,"Delhi, DL",Villa,4803,4,4,2000,"Pool,Gym,WiFi",4752106
Premium Condo in Hyderabad,"Hyderabad, TS",Condo,3334,1,4,2020,"Pool,Security,Garden,Parking",1080800
Premium Townhouse in Delhi,"Delhi, DL",Townhouse,3473,6,1,1996,"Garden,WiFi,Pool,Gym",2669722
Premium Condo in Mumbai,"Mumbai, MH",Condo,4784,2,4,2000,Garden,3151387
Premium Townhouse in Bangalore,"Bangalore, KA",Townhouse,1667,4,2,1999,"WiFi,Garden,Gym,Security",1129848
Premium Condo in Pune,"Pune, MH",Condo,3634,4,4,2008,"Gym,Parking,Garden,WiFi,Security",1238941
Premium Apartment in Chennai,"Chennai, TN",Apartment,3530,4,1,1999,Security,1309880
Premium Townhouse in Hyderabad,"Hyderabad, TS",Townhouse,2269,4,2,2018,Pool,1008640
Premium Penthouse in Chennai,"Chennai, TN",Penthouse,984,6,3,2008,Gym,1236278
Premium Townhouse in Hyderabad,"Hyderabad, TS",Townhouse,2628,1,4,2004,"Garden,Parking,Gym,WiFi",881530
Premium Villa in Bangalore,"Bangalore, KA",Villa,3236,5,1,1992,"Security,Pool,Gym,Parking",2946207
Premium Penthouse in Kolkata,"Kolkata, WB",Penthouse,2880,2,2,1997,"Garden,Security,Pool,WiFi,Gym",2104943
Premium Villa in Chennai,"Chennai, TN",Villa,3382,5,1,2008,"Gym,Pool,WiFi,Security,Parking",1784387
Premium Penthouse in Kolkata,"Kolkata, WB",Penthouse,1803,1,4,2010,WiFi,1421352
Premium Penthouse in Bangalore,"Bangalore, KA",Penthouse,2123,1,2,1999,"Security,Parking,Garden,WiFi",2134796
Premium Villa in Pune,"Pune, MH",Villa,1134,5,2,1986,"Security,Pool,WiFi,Parking,Garden",852500
Premium Penthouse in Hyderabad,"Hyderabad, TS",Penthouse,4136,2,1,1983,Pool,2921683
Premium Condo in Delhi,"Delhi, DL",Condo,2570,3,1,2022,"Pool,Gym,Parking,Garden,Security",1718234
Premium Villa in Pune,"Pune, MH",Villa,2080,2,1,2014,"WiFi,Garden,Pool",1103620
Premium Apartment in Pune,"Pune, MH",Apartment,2421,3,1,1980,"WiFi,Security,Gym,Parking,Pool",895998
Premium Condo in Ahmedabad,"Ahmedabad, GJ",Condo,2212,2,2,1994,"Gym,Security",833346
Premium Apartment in Ahmedabad,"Ahmedabad, GJ",Apartment,3883,1,1,2014,"Security,Garden,Pool,WiFi",1341671
Premium Apartment in Chennai,"Chennai, TN",Apartment,3264,6,3,2020,"Parking,WiFi,Pool,Security",1216368
Premium Penthouse in Hyderabad,"Hyderabad, TS",Penthouse,4001,3,3,1996,Parking,2618273
Premium Townhouse in Hyderabad,"Hyderabad, TS",Townhouse,2278,5,4,2020,"Parking,Gym,Garden",1052074
Premium Penthouse in Chennai,"Chennai, TN",Penthouse,970,1,1,2000,"WiFi,Pool,Parking,Garden,Gym",762550
Premium Condo in Chennai,"Chennai, TN",Condo,2321,5,4,2023,Pool,1020955
Premium Villa in Ahmedabad,"Ahmedabad, GJ",Villa,4674,5,3,1997,Pool,2395965
Premium Villa in Delhi,"Delhi, DL",Villa,4454,4,3,1980,"WiFi,Parking,Garden",4574782
Premium Condo in Hyderabad,"Hyderabad, TS",Condo,1824,2,3,2001,Garden,668182
Premium Townhouse in Hyderabad,"Hyderabad, TS",Townhouse,3967,2,2,2018,"Parking,Gym,Pool,WiFi",1461376
Premium Townhouse in Hyderabad,"Hyderabad, TS",Townhouse,2982,3,3,2013,"Pool,WiFi",1127222
Premium Condo in Mumbai,"Mumbai, MH",Condo,4828,4,4,1998,"Security,Garden,Gym,Parking,Pool",3293622
Premium Penthouse in Mumbai,"Mumbai, MH",Penthouse,4786,2,1,1992,Security,5866725
Premium Penthouse in Delhi,"Delhi, DL",Penthouse,2731,5,1,2007,"Gym,WiFi,Security",3630157
Premium Apartment in Delhi,"Delhi, DL",Apartment,1746,1,2,2024,"Gym,WiFi,Parking",1149519
Premium Apartment in Ahmedabad,"Ahmedabad, GJ",Apartment,1376,5,4,2003,"Garden,Security,Pool,WiFi",735152
Premium Penthouse in Pune,"Pune, MH",Penthouse,2424,4,3,2000,"Pool,WiFi,Gym,Garden",1971411
Premium Townhouse in Pune,"Pune, MH",Townhouse,4889,5,2,1998,"Gym,Parking,Pool,Security",1637997
Premium Penthouse in Mumbai,"Mumbai, MH",Penthouse,4964,2,4,1981,"Pool,Gym,Garden,WiFi",6993671
Premium Townhouse in Bangalore,"Bangalore, KA",Townhouse,2394,3,2,2022,Security,1286500
Premium Villa in Hyderabad,"Hyderabad, TS",Villa,4320,6,2,2016,"WiFi,Parking",2462920
Premium Townhouse in Mumbai,"Mumbai, MH",Townhouse,1358,3,1,2010,"WiFi,Garden,Gym,Pool",1123473
Premium Condo in Kolkata,"Kolkata, WB",Condo,1725,6,1,2001,"Garden,Security,Pool,Parking,WiFi",885131
Premium Townhouse in Mumbai,"Mumbai, MH",Townhouse,1511,2,4,2012,Garden,1158805
Premium Villa in Hyderabad,"Hyderabad, TS",Villa,4850,3,4,2002,"WiFi,Garden",2626792
Premium Villa in Delhi,"Delhi, DL",Villa,2897,5,1,1999,"WiFi,Parking",2892492
Premium Apartment in Mumbai,"Mumbai, MH",Apartment,2921,2,3,1985,"Pool,Parking",1957313
Premium Condo in Hyderabad,"Hyderabad, TS",Condo,4143,3,3,2013,"Garden,Pool",1374967
Premium Villa in Bangalore,"Bangalore, KA",Villa,2556,4,4,2001,"Garden,Pool,Security,WiFi",2263529
Premium Condo in Delhi,"Delhi, DL",Condo,1751,2,1,1987,WiFi,1079855
Premium Apartment in Bangalore,"Bangalore, KA",Apartment,1400,4,3,1992,"Gym,Garden,Security,Parking,WiFi",1100533
Premium Apartment in Delhi,"Delhi, DL",Apartment,4825,3,2,2022,"Gym,Parking",3231228
Premium Townhouse in Delhi,"Delhi, DL",Townhouse,2581,2,3,2019,"Security,WiFi",1719314
Premium Condo in Hyderabad,"Hyderabad, TS",Condo,1609,4,3,1991,"Gym,Security",753956
Premium Penthouse in Chennai,"Chennai, TN",Penthouse,2301,5,4,1990,"Gym,Pool,Garden,WiFi,Security",1858868
Premium Condo in Kolkata,"Kolkata, WB",Condo,4585,2,4,2001,"Pool,WiFi",1607035
Premium Apartment in Delhi,"Delhi, DL",Apartment,668,5,2,2022,"WiFi,Security,Parking",905604
Premium Condo in Hyderabad,"Hyderabad, TS",Condo,2845,1,3,2014,"Security,Parking,Pool,WiFi",929900
Premium Villa in Chennai,"Chennai, TN",Villa,3139,3,1,2022,Gym,1784817
Premium Apartment in Pune,"Pune, MH",Apartment,1653,5,2,2019,"Gym,Garden",847542
Premium Condo in Hyderabad,"Hyderabad, TS",Condo,1511,2,4,1980,"Pool,Gym",691990
Premium Apartment in Chennai,"Chennai, TN",Apartment,916,6,2,2022,"WiFi,Parking,Garden,Gym",587015
Premium Townhouse in Hyderabad,"Hyderabad, TS",Townhouse,1416,5,3,1992,"Pool,Gym",728232
Premium Villa in Mumbai,"Mumbai, MH",Villa,2333,5,2,2018,Gym,3232397
Premium Villa in Kolkata,"Kolkata, WB",Villa,4456,2,4,2001,"Gym,Pool,Parking,Garden",2337046
Premium Apartment in Ahmedabad,"Ahmedabad, GJ",Apartment,2872,4,1,1984,"WiFi,Security,Gym,Parking",977012
Premium Condo in Hyderabad,"Hyderabad, TS",Condo,1095,4,1,2009,"Pool,Security",546711
Premium Apartment in Hyderabad,"Hyderabad, TS",Apartment,3948,1,1,1997,"Parking,WiFi",1368277
Premium Villa in Bangalore,"Bangalore, KA",Villa,565,4,4,2020,"Gym,Pool,Security,Parking,WiFi",1042868
Premium Townhouse in Chennai,"Chennai, TN",Townhouse,1285,2,3,2023,"Pool,Garden,WiFi,Parking",537549
Premium Condo in Ahmedabad,"Ahmedabad, GJ",Condo,1690,2,3,1982,"Gym,Security",648901
Premium Townhouse in Ahmedabad,"Ahmedabad, GJ",Townhouse,2425,5,1,1991,"Garden,Pool",1002090
Premium Townhouse in Chennai,"Chennai, TN",Townhouse,2480,3,2,2012,Security,973825
Premium Villa in Delhi,"Delhi, DL",Villa,862,1,1,1982,"Parking,Security,Gym,Garden",905159
Premium Apartment in Chennai,"Chennai, TN",Apartment,4362,3,2,2003,"Parking,WiFi,Gym,Security,Pool",1479706
Premium Penthouse in Chennai,"Chennai, TN",Penthouse,4823,5,2,2013,"Parking,Security,WiFi",3481122
Premium Penthouse in Bangalore,"Bangalore, KA",Penthouse,4635,1,1,1992,"Gym,Security,Parking",4166341
Premium Penthouse in Chennai,"Chennai, TN",Penthouse,3615,3,2,1985,Gym,2399861
Premium Villa in Hyderabad,"Hyderabad, TS",Villa,2823,5,3,2018,"Garden,WiFi,Gym,Pool,Parking",1573354
Premium Townhouse in Ahmedabad,"Ahmedabad, GJ",Townhouse,794,6,2,1988,"Gym,Garden,WiFi,Security",531931
Premium Villa in Pune,"Pune, MH",Villa,3184,6,1,2022,Garden,1920123
Premium Apartment in Chennai,"Chennai, TN",Apartment,4827,3,4,2007,"Parking,Security,WiFi,Gym",1569918
Premium Villa in Delhi,"Delhi, DL",Villa,924,1,1,1992,"Security,Garden,Parking,Gym",953739
Premium Condo in Pune,"Pune, MH",Condo,2853,2,2,2005,"Parking,WiFi,Gym",896708
Premium Apartment in Bangalore,"Bangalore, KA",Apartment,3919,1,2,2003,Security,1881491
Premium Penthouse in Mumbai,"Mumbai, MH",Penthouse,4582,3,4,1997,"Garden,Gym,Security",6638751
Premium Villa in Ahmedabad,"Ahmedabad, GJ",Villa,4543,3,1,2001,"Pool,Gym,Security,WiFi",2238500
Premium Condo in Delhi,"Delhi, DL",Condo,956,1,4,1980,Gym,707705
Premium Penthouse in Mumbai,"Mumbai, MH",Penthouse,4279,3,4,2012,Gym,6084068
Premium Condo in Kolkata,"Kolkata, WB",Condo,4713,1,1,1997,"WiFi,Gym,Security",1336476
Premium Townhouse in Delhi,"Delhi, DL",Townhouse,4068,5,1,1995,Garden,2832064
Premium Villa in Mumbai,"Mumbai, MH",Villa,2442,1,2,1980,"Pool,Security",2361972
Premium Townhouse in Mumbai,"Mumbai, MH",Townhouse,1486,5,2,2023,"Parking,Security,Gym,Pool,WiFi",1550979
Premium Townhouse in Pune,"Pune, MH",Townhouse,3899,5,1,2011,"Garden,WiFi,Parking,Gym,Pool",1506171
Premium Penthouse in Chennai,"Chennai, TN",Penthouse,2024,6,2,2020,"Garden,WiFi,Pool,Gym",2014519
Premium Apartment in Ahmedabad,"Ahmedabad, GJ",Apartment,4028,5,2,2007,"Parking,Gym",1567471
Premium Villa in Bangalore,"Bangalore, KA",Villa,932,6,4,2016,"Security,Garden",1620819
Premium Penthouse in Ahmedabad,"Ahmedabad, GJ",Penthouse,4551,5,4,1983,"WiFi,Security,Gym,Parking,Garden",3496153
Premium Apartment in Ahmedabad,"Ahmedabad, GJ",Apartment,1140,3,3,2023,Parking,502994
Premium Penthouse in Chennai,"Chennai, TN",Penthouse,4825,5,2,2015,"Security,WiFi,Pool,Garden",3642201
Premium Apartment in Delhi,"Delhi, DL",Apartment,3246,5,2,2009,Gym,2436234
Premium Penthouse in Chennai,"Chennai, TN",Penthouse,3766,1,2,2002,Parking,2271763
Premium Villa in Kolkata,"Kolkata, WB",Villa,2455,5,2,2010,"Garden,Gym",1603245
Premium Townhouse in Chennai,"Chennai, TN",Townhouse,837,2,3,2020,"Garden,Security",384195
Premium Apartment in Bangalore,"Bangalore, KA",Apartment,621,2,3,2001,"Security,Gym",490389
Premium Condo in Chennai,"Chennai, TN",Condo,1989,2,4,2018,"Garden,WiFi,Security,Parking,Gym",772509
Premium Apartment in Mumbai,"Mumbai, MH",Apartment,904,3,1,2011,"Pool,Garden",961468
Premium Townhouse in Delhi,"Delhi, DL",Townhouse,2871,5,3,2012,"Parking,WiFi,Gym,Security",2135354
Premium Villa in Hyderabad,"Hyderabad, TS",Villa,4659,2,2,1988,Security,2126496
Premium Apartment in Pune,"Pune, MH",Apartment,763,2,1,1998,"Parking,Gym,Security",374543
Premium Penthouse in Chennai,"Chennai, TN",Penthouse,4373,3,2,1997,"Garden,WiFi,Pool,Parking,Gym",3069826
Premium Condo in Mumbai,"Mumbai, MH",Condo,4125,3,1,2012,Pool,2714631
Premium Townhouse in Ahmedabad,"Ahmedabad, GJ",Townhouse,3441,3,2,2012,"Security,WiFi,Gym",1205096
Premium Apartment in Kolkata,"Kolkata, WB",Apartment,1008,4,3,1986,"Parking,Security,Pool,Gym",554850
Premium Penthouse in Kolkata,"Kolkata, WB",Penthouse,3982,3,4,1983,"Parking,Garden,WiFi,Pool",2942528
Premium Villa in Bangalore,"Bangalore, KA",Villa,4205,6,3,1992,"Pool,Garden,Security,WiFi,Parking",3313025
Premium Penthouse in Hyderabad,"Hyderabad, TS",Penthouse,849,4,2,2001,"Gym,Garden,Parking,WiFi,Pool",958244
Premium Condo in Delhi,"Delhi, DL",Condo,3542,1,1,2015,"Parking,Gym,Security,WiFi,Pool",1940778
Premium Villa in Chennai,"Chennai, TN",Villa,3493,2,2,2007,"Gym,Security,Pool,Garden",1730873
Premium Apartment in Chennai,"Chennai, TN",Apartment,3334,1,3,1983,Parking,1039357
Premium Villa in Ahmedabad,"Ahmedabad, GJ",Villa,2216,5,4,2024,"Parking,Pool,WiFi,Security",1629619
Premium Apartment in Pune,"Pune, MH",Apartment,706,4,2,2016,"Garden,Security,Pool,WiFi",452177
Premium Villa in Mumbai,"Mumbai, MH",Villa,4751,5,2,1995,"Pool,Parking,Gym,WiFi",4858053
Premium Apartment in Chennai,"Chennai, TN",Apartment,4312,6,3,1988,"Pool,Garden,Parking",1562129
Premium Penthouse in Chennai,"Chennai, TN",Penthouse,2974,4,4,2019,Pool,2410164
Premium Apartment in Ahmedabad,"Ahmedabad, GJ",Apartment,2747,4,3,2005,"WiFi,Pool,Garden",1010876
Premium Townhouse in Chennai,"Chennai, TN",Townhouse,3376,2,4,2015,"WiFi,Security",1112618
Premium Apartment in Mumbai,"Mumbai, MH",Apartment,2522,1,1,2000,"Parking,Gym",1492109
Premium Apartment in Chennai,"Chennai, TN",Apartment,2384,5,2,2013,"Gym,Garden,Parking",974963
Premium Condo in Ahmedabad,"Ahmedabad, GJ",Condo,3986,6,1,2001,"WiFi,Parking,Pool,Security,Garden",1636546
Premium Villa in Hyderabad,"Hyderabad, TS",Villa,877,3,1,2013,"WiFi,Gym,Security,Garden,Pool",591288
Premium Townhouse in Pune,"Pune, MH",Townhouse,2366,5,4,1981,"Garden,Parking",1082646
Premium Villa in Delhi,"Delhi, DL",Villa,1592,5,1,2018,"Pool,WiFi",2146367
Premium Apartment in Bangalore,"Bangalore, KA",Apartment,1866,6,3,1988,"Security,WiFi,Parking",1359618
Premium Condo in Pune,"Pune, MH",Condo,912,6,1,1989,Parking,568540
Premium Condo in Pune,"Pune, MH",Condo,1207,2,1,2016,"Garden,WiFi,Pool,Gym,Parking",508428
Premium Townhouse in Pune,"Pune, MH",Townhouse,4092,5,4,2008,"Pool,Security,Parking,WiFi,Garden",1450231
Premium Villa in Kolkata,"Kolkata, WB",Villa,1754,4,3,1997,"Garden,Gym,Parking",1203302
Premium Condo in Delhi,"Delhi, DL",Condo,2212,2,1,2013,"Security,Garden,WiFi,Gym",1521363
Premium Condo in Ahmedabad,"Ahmedabad, GJ",Condo,1523,5,3,1980,"Parking,Pool,Garden",749380
Premium Condo in Kolkata,"Kolkata, WB",Condo,1861,5,4,1996,"Parking,WiFi",896632
Premium Penthouse in Pune,"Pune, MH",Penthouse,3090,1,4,2021,"Parking,Pool",2228684
Premium Townhouse in Mumbai,"Mumbai, MH",Townhouse,2615,6,1,1982,"Security,Pool,Parking,Garden",2194886
Premium Villa in Mumbai,"Mumbai, MH",Villa,1685,1,1,2023,"Garden,Gym",1716099
Premium Townhouse in Kolkata,"Kolkata, WB",Townhouse,1419,1,1,2020,"Parking,Gym",477811
Premium Condo in Bangalore,"Bangalore, KA",Condo,2933,6,3,2022,WiFi,1802471
Premium Townhouse in Delhi,"Delhi, DL",Townhouse,1309,3,1,1985,"Garden,Security,Gym,WiFi,Pool",1005196
Premium Villa in Kolkata,"Kolkata, WB",Villa,3141,4,1,2000,Parking,1592965
Premium Penthouse in Pune,"Pune, MH",Penthouse,3956,5,3,1982,"Garden,Pool",2968838
Premium Townhouse in Chennai,"Chennai, TN",Townhouse,579,4,2,2015,"Garden,Gym,Pool,WiFi",393864
Premium Apartment in Ahmedabad,"Ahmedabad, GJ",Apartment,3323,6,1,1981,"Pool,Garden,Parking,Gym,WiFi",1209855
Premium Condo in Kolkata,"Kolkata, WB",Condo,2370,5,3,2001,Security,968142
Premium Villa in Hyderabad,"Hyderabad, TS",Villa,3448,3,4,2011,"Security,WiFi,Garden,Parking",1814768
Premium Penthouse in Delhi,"Delhi, DL",Penthouse,700,1,1,2008,"Gym,Security",1097420
Premium Townhouse in Hyderabad,"Hyderabad, TS",Townhouse,3736,3,2,2010,"Security,Pool",1183216
Premium Townhouse in Bangalore,"Bangalore, KA",Townhouse,3592,2,2,2007,"Pool,Security,WiFi,Gym,Parking",1872485
Premium Condo in Bangalore,"Bangalore, KA",Condo,1532,2,4,1985,"WiFi,Pool,Parking",1007199
Premium Apartment in Bangalore,"Bangalore, KA",Apartment,4288,2,4,2015,"WiFi,Parking,Gym",2354194
Premium Apartment in Ahmedabad,"Ahmedabad, GJ",Apartment,4687,5,3,1992,"Pool,Parking,Gym,Garden,WiFi",1584548
Premium Condo in Kolkata,"Kolkata, WB",Condo,4124,6,2,1992,"Gym,WiFi",1584940
Premium Villa in Ahmedabad,"Ahmedabad, GJ",Villa,3850,1,2,1987,"Security,WiFi,Garden,Parking,Pool",1884645
Premium Penthouse in Kolkata,"Kolkata, WB",Penthouse,3869,1,2,1999,"Gym,Pool,Security",2692932
Premium Villa in Mumbai,"Mumbai, MH",Villa,3498,1,1,2004,"Gym,Security,Parking,Pool",3195316
Premium Villa in Hyderabad,"Hyderabad, TS",Villa,1190,2,1,1996,"Gym,Parking,WiFi,Garden,Pool",689717
Premium Condo in Ahmedabad,"Ahmedabad, GJ",Condo,1446,3,4,2000,Gym,698021
Premium Townhouse in Bangalore,"Bangalore, KA",Townhouse,4258,2,3,2003,"Security,Gym",2058491
Premium Apartment in Chennai,"Chennai, TN",Apartment,729,2,1,1988,Garden,360245
Premium Villa in Pune,"Pune, MH",Villa,3227,3,3,2010,Gym,1896212
Premium Villa in Chennai,"Chennai, TN",Villa,4754,1,4,2019,"Gym,Security,Parking,Garden",2328261
Premium Villa in Pune,"Pune, MH",Villa,3095,4,3,1999,Parking,1843387
Premium Condo in Pune,"Pune, MH",Condo,4848,1,1,2021,"Garden,Security",1447512
Premium Villa in Bangalore,"Bangalore, KA",Villa,2017,4,1,2011,"Gym,Pool,Parking,WiFi",1736794
Premium Penthouse in Hyderabad,"Hyderabad, TS",Penthouse,2195,2,1,1992,"Gym,Pool",1547386
Premium Townhouse in Kolkata,"Kolkata, WB",Townhouse,1854,5,3,2006,"WiFi,Parking",903926
Premium Townhouse in Kolkata,"Kolkata, WB",Townhouse,3120,3,4,2018,"Pool,Garden,Gym",1057358
Premium Apartment in Hyderabad,"Hyderabad, TS",Apartment,2604,6,4,2009,Parking,1179186
Premium Villa in Hyderabad,"Hyderabad, TS",Villa,2655,6,1,2012,"WiFi,Gym",1787485
Premium Villa in Mumbai,"Mumbai, MH",Villa,1964,2,2,2012,"Gym,Garden,Pool,Security",2132540
Premium Villa in Bangalore,"Bangalore, KA",Villa,4134,1,2,1990,"Gym,Garden,Security",3076314
Premium Townhouse in Chennai,"Chennai, TN",Townhouse,4093,3,4,1990,"Garden,WiFi",1553243
Premium Villa in Kolkata,"Kolkata, WB",Villa,2473,3,1,1988,"WiFi,Pool,Garden,Security",1308728
Premium Apartment in Mumbai,"Mumbai, MH",Apartment,3942,1,1,2006,Garden,2389085
Premium Townhouse in Mumbai,"Mumbai, MH",Townhouse,3873,5,2,1997,"Parking,Garden,WiFi",2628609
Premium Penthouse in Chennai,"Chennai, TN",Penthouse,2042,3,1,1982,"Pool,Gym,WiFi,Security",1413473
Premium Apartment in Pune,"Pune, MH",Apartment,2291,6,4,2023,Parking,1004536
Premium Penthouse in Bangalore,"Bangalore, KA",Penthouse,1363,3,2,2000,Parking,1805603
Premium Condo in Mumbai,"Mumbai, MH",Condo,598,3,3,1987,"Garden,Pool",765749
Premium Townhouse in Kolkata,"Kolkata, WB",Townhouse,4490,2,1,1999,"Gym,Security,WiFi",1332614
Premium Condo in Ahmedabad,"Ahmedabad, GJ",Condo,4474,3,4,1990,"Pool,Garden,WiFi,Gym,Security",1638904
Premium Penthouse in Mumbai,"Mumbai, MH",Penthouse,4516,3,3,2003,"WiFi,Pool,Parking,Garden",6813299
Premium Villa in Ahmedabad,"Ahmedabad, GJ",Villa,3395,6,2,2010,"Garden,Pool,Security,Parking,Gym",2002891
Premium Penthouse in Chennai,"Chennai, TN",Penthouse,2175,3,4,1985,Pool,1854855
Premium Apartment in Kolkata,"Kolkata, WB",Apartment,4919,5,3,1989,"Parking,Security,Pool",1727804
Premium Penthouse in Delhi,"Delhi, DL",Penthouse,2781,2,2,1988,"Gym,Garden,Security",3483109
Premium Apartment in Kolkata,"Kolkata, WB",Apartment,4871,6,1,2007,"Security,Garden,Pool,WiFi",1780427
Premium Townhouse in Bangalore,"Bangalore, KA",Townhouse,2855,6,1,2012,Garden,1719848
Premium Villa in Chennai,"Chennai, TN",Villa,801,5,1,2014,"Parking,Garden,Security",751638
Premium Apartment in Kolkata,"Kolkata, WB",Apartment,4139,1,3,2024,"Garden,WiFi,Gym",1312401
Premium Townhouse in Hyderabad,"Hyderabad, TS",Townhouse,813,1,3,2020,Pool,332357
Premium Penthouse in Kolkata,"Kolkata, WB",Penthouse,873,1,2,2004,"Garden,Parking",750347
Premium Villa in Delhi,"Delhi, DL",Villa,905,1,4,2011,"Gym,Pool,Parking,Security,Garden",1145209
Premium Penthouse in Kolkata,"Kolkata, WB",Penthouse,1385,4,3,1989,Security,1376106
Premium Apartment in Pune,"Pune, MH",Apartment,4891,6,1,1993,"Garden,WiFi,Gym",1899813
Premium Townhouse in Mumbai,"Mumbai, MH",Townhouse,2551,3,2,2024,"Pool,Garden,WiFi",1816432
Premium Penthouse in Kolkata,"Kolkata, WB",Penthouse,1911,1,2,2022,"Garden,Parking,Security",1249513
Premium Villa in Mumbai,"Mumbai, MH",Villa,2702,6,4,1981,Parking,3910412
Premium Apartment in Ahmedabad,"Ahmedabad, GJ",Apartment,1977,1,2,1995,"Security,Parking,Gym",674805
Premium Townhouse in Hyderabad,"Hyderabad, TS",Townhouse,547,5,2,2018,"Parking,Gym,Garden,Security,Pool",427874
Premium Penthouse in Bangalore,"Bangalore, KA",Penthouse,4612,4,2,2001,"WiFi,Parking",4991886
Premium Apartment in Bangalore,"Bangalore, KA",Apartment,2023,5,4,2009,"Pool,Gym",1438133
Premium Penthouse in Delhi,"Delhi, DL",Penthouse,1958,1,4,1994,"Parking,Pool,Garden,Security",2520965
Premium Apartment in Chennai,"Chennai, TN",Apartment,3796,1,4,1996,"Garden,Parking",1327917
Premium Condo in Delhi,"Delhi, DL",Condo,4037,3,2,2022,"Security,Parking",2666642
Premium Apartment in Chennai,"Chennai, TN",Apartment,2041,4,4,1992,"Security,Gym",836890
Premium Penthouse in Delhi,"Delhi, DL",Penthouse,763,2,1,2019,"Parking,Pool,Gym,Security,Garden",1196081
Premium Apartment in Chennai,"Chennai, TN",Apartment,3235,2,4,1997,"Garden,Security,WiFi,Gym",1090100
Premium Townhouse in Ahmedabad,"Ahmedabad, GJ",Townhouse,4279,3,2,2020,"Garden,Gym,Parking",1346762
Premium Apartment in Hyderabad,"Hyderabad, TS",Apartment,4528,6,1,1992,"Gym,Pool,Security,Garden",1561885
Premium Condo in Delhi,"Delhi, DL",Condo,4079,1,2,1988,"WiFi,Parking",2312527
Premium Condo in Chennai,"Chennai, TN",Condo,706,5,1,2022,"WiFi,Garden,Security,Parking,Gym",484951
Premium Townhouse in Pune,"Pune, MH",Townhouse,1414,1,2,2019,"Security,WiFi,Parking",526695
Premium Penthouse in Mumbai,"Mumbai, MH",Penthouse,3152,1,3,1995,Gym,4063969
Premium Apartment in Pune,"Pune, MH",Apartment,3161,3,2,2000,"Pool,WiFi,Parking,Gym",1175433
Premium Townhouse in Pune,"Pune, MH",Townhouse,1322,6,4,2019,Gym,805882
Premium Apartment in Hyderabad,"Hyderabad, TS",Apartment,1589,6,4,1992,"WiFi,Garden",773327
Premium Condo in Delhi,"Delhi, DL",Condo,1862,6,4,1982,"Pool,WiFi,Gym,Garden",1632547
Premium Apartment in Kolkata,"Kolkata, WB",Apartment,808,1,1,2002,"Security,Parking",342911
Premium Townhouse in Ahmedabad,"Ahmedabad, GJ",Townhouse,3868,1,4,2020,"Pool,WiFi,Garden,Gym,Security",1205189
Premium Villa in Pune,"Pune, MH",Villa,3003,5,2,1981,Security,1895453
Premium Penthouse in Chennai,"Chennai, TN",Penthouse,3859,6,3,1983,"Garden,Parking",2878657
Premium Townhouse in Delhi,"Delhi, DL",Townhouse,3594,4,4,1980,"Garden,WiFi,Gym",2549975
Premium Apartment in Delhi,"Delhi, DL",Apartment,2766,2,3,2019,"Gym,Garden,Security",1770922
Premium Condo in Delhi,"Delhi, DL",Condo,4592,2,2,2008,"Pool,Security,Garden,Gym,Parking",2797002
Premium Villa in Mumbai,"Mumbai, MH",Villa,3272,6,2,1982,Gym,4290808
Premium Condo in Ahmedabad,"Ahmedabad, GJ",Condo,2854,4,4,2022,"Garden,Parking",1067988
Premium Apartment in Mumbai,"Mumbai, MH",Apartment,3691,5,1,2001,Parking,2558550
Premium Penthouse in Kolkata,"Kolkata, WB",Penthouse,3037,5,2,1995,WiFi,2340597
Premium Penthouse in Bangalore,"Bangalore, KA",Penthouse,3909,6,3,2021,"WiFi,Security,Gym",4947023
Premium Condo in Pune,"Pune, MH",Condo,1704,3,4,1990,"Garden,Gym,Parking,WiFi,Pool",672926
Premium Townhouse in Chennai,"Chennai, TN",Townhouse,2602,2,1,2021,"Pool,WiFi,Security,Garden",963183
Premium Villa in Pune,"Pune, MH",Villa,1112,2,1,1989,"Security,Pool",612825
Premium Apartment in Ahmedabad,"Ahmedabad, GJ",Apartment,4026,6,4,2017,"Pool,Security",1741284
Premium Apartment in Delhi,"Delhi, DL",Apartment,4379,1,1,2012,"Pool,Parking,Security",2260754
Premium Villa in Pune,"Pune, MH",Villa,1699,4,2,2000,"Pool,Gym,Security",1073487
Premium Penthouse in Hyderabad,"Hyderabad, TS",Penthouse,2697,3,3,2021,"Garden,Gym,WiFi",2141951
Premium Penthouse in Chennai,"Chennai, TN",Penthouse,4538,4,3,1991,"Parking,WiFi",3304991
Premium Penthouse in Hyderabad,"Hyderabad, TS",Penthouse,939,3,2,2004,"Security,Gym,Parking,WiFi,Garden",923440
Premium Townhouse in Bangalore,"Bangalore, KA",Townhouse,3420,6,4,1995,"Parking,Garden,Security,WiFi,Gym",1981999
Premium Penthouse in Ahmedabad,"Ahmedabad, GJ",Penthouse,870,1,3,1982,"Garden,Security",803519
Premium Penthouse in Ahmedabad,"Ahmedabad, GJ",Penthouse,4815,2,3,2002,"Security,Parking,Pool",3408010
Premium Condo in Ahmedabad,"Ahmedabad, GJ",Condo,2402,6,4,2015,"Gym,Security,Parking",1167836
Premium Penthouse in Pune,"Pune, MH",Penthouse,4536,4,2,1998,"Security,Gym",3191998
Premium Apartment in Pune,"Pune, MH",Apartment,1935,1,3,2021,"Pool,Garden,Security,Parking",738720
Premium Penthouse in Hyderabad,"Hyderabad, TS",Penthouse,803,4,2,2001,"Security,Gym",1041581
Premium Penthouse in Chennai,"Chennai, TN",Penthouse,4929,4,3,2020,"Pool,Parking",3408485
Premium Condo in Mumbai,"Mumbai, MH",Condo,3697,6,1,2022,Security,2594362
Premium Penthouse in Bangalore,"Bangalore, KA",Penthouse,3943,2,4,1983,"Garden,Gym,Pool",4332960
Premium Townhouse in Pune,"Pune, MH",Townhouse,3191,3,2,1980,Security,1095093
Premium Penthouse in Delhi,"Delhi, DL",Penthouse,2709,5,4,1992,"Parking,WiFi,Garden,Gym,Pool",4368720
Premium Apartment in Bangalore,"Bangalore, KA",Apartment,3751,6,3,2019,"Pool,Security",2147730
Premium Apartment in Chennai,"Chennai, TN",Apartment,2295,2,4,2020,"Garden,Pool,Security,Gym",850780
Premium Penthouse in Bangalore,"Bangalore, KA",Penthouse,1545,5,2,2004,"Security,Garden",2444147
Premium Penthouse in Pune,"Pune, MH",Penthouse,3076,1,1,1998,"Parking,Garden",2111370
Premium Apartment in Chennai,"Chennai, TN",Apartment,1079,4,4,2014,"Gym,Garden,Pool,Security,WiFi",646104
Premium Townhouse in Bangalore,"Bangalore, KA",Townhouse,3346,5,1,2017,WiFi,2014579
Premium Townhouse in Chennai,"Chennai, TN",Townhouse,2653,3,1,1984,"Security,Garden",888779
Premium Apartment in Delhi,"Delhi, DL",Apartment,2905,3,4,2017,"Garden,Pool,Parking,WiFi",1881716
Premium Townhouse in Delhi,"Delhi, DL",Townhouse,1026,2,4,2020,Garden,800734
Premium Townhouse in Kolkata,"Kolkata, WB",Townhouse,4475,4,3,2013,"Security,Gym,WiFi",1720217
Premium Condo in Ahmedabad,"Ahmedabad, GJ",Condo,2146,5,1,2016,"Gym,Parking,Security,Pool",870569
Premium Townhouse in Mumbai,"Mumbai, MH",Townhouse,3412,1,1,1983,"Gym,Parking",2029254
Premium Apartment in Kolkata,"Kolkata, WB",Apartment,4080,3,4,1989,"WiFi,Gym,Pool,Security,Parking",1357123
Premium Townhouse in Pune,"Pune, MH",Townhouse,3612,5,4,2020,"WiFi,Gym,Security,Parking,Garden",1542038
Premium Penthouse in Chennai,"Chennai, TN",Penthouse,3346,4,2,1992,"Gym,Parking,Garden,Security",2456306
Premium Penthouse in Chennai,"Chennai, TN",Penthouse,3520,3,3,2014,"Garden,Pool,Security,Parking",2288724
Premium Villa in Kolkata,"Kolkata, WB",Villa,4873,5,1,1988,"Parking,Gym,WiFi,Pool",2815355
Premium Apartment in Bangalore,"Bangalore, KA",Apartment,1946,1,4,1997,Pool,1074634
Premium Penthouse in Pune,"Pune, MH",Penthouse,700,4,2,1989,"WiFi,Security,Gym",887469
Premium Apartment in Chennai,"Chennai, TN",Apartment,2549,5,3,1999,"WiFi,Parking,Garden,Pool",983691
Premium Townhouse in Ahmedabad,"Ahmedabad, GJ",Townhouse,4811,4,2,2005,"Garden,Pool",1587945
Premium Apartment in Mumbai,"Mumbai, MH",Apartment,4727,3,1,2024,Parking,3291818
Premium Apartment in Ahmedabad,"Ahmedabad, GJ",Apartment,854,2,1,2013,"Security,Gym",404517
Premium Villa in Chennai,"Chennai, TN",Villa,2933,4,4,2008,"Security,Garden,Parking",1639685
Premium Townhouse in Bangalore,"Bangalore, KA",Townhouse,4312,2,2,2019,Parking,2248864
Premium Villa in Ahmedabad,"Ahmedabad, GJ",Villa,4866,6,3,1991,"Parking,Garden",2475879
Premium Apartment in Hyderabad,"Hyderabad, TS",Apartment,2056,4,3,2001,"WiFi,Security,Pool",892844
Premium Townhouse in Chennai,"Chennai, TN",Townhouse,2554,4,4,2010,"Parking,Security,Gym",987220
Premium Penthouse in Delhi,"Delhi, DL",Penthouse,3575,1,3,2010,Parking,4329978
Premium Condo in Delhi,"Delhi, DL",Condo,2971,1,2,2018,"Parking,Security,WiFi,Pool",1701252
Premium Apartment in Bangalore,"Bangalore, KA",Apartment,563,3,4,1996,"Parking,Gym,Pool",542219
Premium Villa in Pune,"Pune, MH",Villa,697,2,1,1986,"Pool,Garden,Security,Parking",484620
Premium Villa in Ahmedabad,"Ahmedabad, GJ",Villa,1478,3,2,1987,"Gym,Parking,Pool,WiFi,Security",1004624
Premium Penthouse in Chennai,"Chennai, TN",Penthouse,2101,3,1,2018,"WiFi,Pool,Garden",1589303
Premium Townhouse in Hyderabad,"Hyderabad, TS",Townhouse,4523,5,4,1983,Security,1520463
Premium Apartment in Chennai,"Chennai, TN",Apartment,3244,1,4,1995,"Security,Pool,Garden,Gym",1205415
Premium Apartment in Chennai,"Chennai, TN",Apartment,1321,4,2,2020,WiFi,686276
Premium Villa in Pune,"Pune, MH",Villa,1185,4,2,1999,"Security,Pool,Garden",836066
Premium Townhouse in Delhi,"Delhi, DL",Townhouse,4867,3,2,1998,"Gym,Garden,Security,Pool,WiFi",2759415
Premium Townhouse in Delhi,"Delhi, DL",Townhouse,1903,4,4,1990,"Gym,WiFi,Parking",1500198
Premium Villa in Hyderabad,"Hyderabad, TS",Villa,2677,2,1,2022,"Pool,WiFi,Garden",1378280
Premium Penthouse in Delhi,"Delhi, DL",Penthouse,2108,5,2,1988,Garden,3538274
Premium Apartment in Chennai,"Chennai, TN",Apartment,3483,5,4,2008,Gym,1402841
Premium Villa in Ahmedabad,"Ahmedabad, GJ",Villa,4568,4,2,2008,"Pool,Parking,Gym",2502568
Premium Villa in Hyderabad,"Hyderabad, TS",Villa,2001,2,2,1983,"Pool,WiFi,Garden,Gym",1037703
Premium Penthouse in Hyderabad,"Hyderabad, TS",Penthouse,2940,6,4,2012,"Gym,Parking",2442493
Premium Condo in Chennai,"Chennai, TN",Condo,2325,3,1,1992,"Security,Pool,Gym,WiFi,Garden",870100
Premium Townhouse in Pune,"Pune, MH",Townhouse,4223,1,4,1993,Garden,1259778
Premium Townhouse in Bangalore,"Bangalore, KA",Townhouse,4286,3,1,2010,"Security,Parking,Gym,WiFi",1985672
Premium Penthouse in Hyderabad,"Hyderabad, TS",Penthouse,3851,2,3,1994,"Gym,WiFi,Garden,Pool,Parking",2522467
Premium Condo in Pune,"Pune, MH",Condo,4435,4,1,2017,"Gym,Security,WiFi",1411785
Premium Villa in Hyderabad,"Hyderabad, TS",Villa,4889,2,4,2000,"Gym,Security",2449637
Premium Townhouse in Chennai,"Chennai, TN",Townhouse,4654,1,4,2007,Gym,1586162
Premium Penthouse in Hyderabad,"Hyderabad, TS",Penthouse,1554,3,4,2014,"Pool,Security,WiFi",1296704
Premium Penthouse in Ahmedabad,"Ahmedabad, GJ",Penthouse,763,5,1,1988,"Gym,Pool,Security",975040
Premium Villa in Bangalore,"Bangalore, KA",Villa,4676,5,2,2011,Security,3664630
Premium Villa in Bangalore,"Bangalore, KA",Villa,2502,5,1,1987,"Gym,WiFi,Garden,Security,Parking",2509238
Premium Condo in Kolkata,"Kolkata, WB",Condo,1095,1,4,1991,Pool,495869
Premium Penthouse in Ahmedabad,"Ahmedabad, GJ",Penthouse,2763,5,2,1999,"Gym,WiFi,Parking,Pool",2415745
Premium Villa in Hyderabad,"Hyderabad, TS",Villa,1027,3,1,1993,"Pool,Parking,Gym,Garden,WiFi",691850
Premium Penthouse in Kolkata,"Kolkata, WB",Penthouse,3614,1,2,1991,"Gym,Security",2310824
Premium Penthouse in Ahmedabad,"Ahmedabad, GJ",Penthouse,4403,1,3,2016,"Security,Gym,WiFi,Parking,Pool",3108075
Premium Townhouse in Delhi,"Delhi, DL",Townhouse,3569,4,3,2012,Gym,2584663
Premium Villa in Mumbai,"Mumbai, MH",Villa,4612,2,4,2020,Garden,4989360
Premium Apartment in Hyderabad,"Hyderabad, TS",Apartment,2322,4,4,2005,"Parking,WiFi,Gym",1062044
Premium Villa in Mumbai,"Mumbai, MH",Villa,4914,6,4,1989,"Parking,Garden",5382415
Premium Townhouse in Hyderabad,"Hyderabad, TS",Townhouse,1499,4,2,2024,"Security,WiFi,Garden",644782
Premium Apartment in Hyderabad,"Hyderabad, TS",Apartment,1897,6,2,2016,"Gym,Security,WiFi,Garden,Pool",833585
Premium Penthouse in Pune,"Pune, MH",Penthouse,1170,4,1,1983,"WiFi,Security,Garden",1050229
Premium Apartment in Bangalore,"Bangalore, KA",Apartment,3170,6,3,1990,"WiFi,Parking,Gym,Pool",1861844
Premium Townhouse in Pune,"Pune, MH",Townhouse,3164,4,3,2024,"WiFi,Garden,Parking",1102952
Premium Villa in Kolkata,"Kolkata, WB",Villa,4644,1,4,2023,"Pool,Gym,WiFi",2329255
Premium Villa in Chennai,"Chennai, TN",Villa,2639,5,1,2001,"Security,WiFi,Gym",1682835
Premium Villa in Ahmedabad,"Ahmedabad, GJ",Villa,1140,6,4,2013,"Security,Parking,Garden,WiFi,Gym",1028475
Premium Penthouse in Ahmedabad,"Ahmedabad, GJ",Penthouse,798,2,1,1990,"WiFi,Security,Pool,Gym,Parking",664253
Premium Condo in Bangalore,"Bangalore, KA",Condo,1971,3,4,1981,"Pool,Parking,Garden,Gym,Security",1146970
Premium Condo in Hyderabad,"Hyderabad, TS",Condo,1234,1,4,2008,"Pool,Gym,Garden,Security,WiFi",549809
Premium Condo in Kolkata,"Kolkata, WB",Condo,4575,6,2,1998,"Garden,Gym,WiFi",1658327
Premium Apartment in Kolkata,"Kolkata, WB",Apartment,1043,2,1,2020,WiFi,401514
Premium Apartment in Hyderabad,"Hyderabad, TS",Apartment,2810,6,1,2014,"Parking,Pool,Security,Garden,WiFi",1197975
Premium Penthouse in Ahmedabad,"Ahmedabad, GJ",Penthouse,4013,2,1,1980,Gym,2631877
Premium Penthouse in Ahmedabad,"Ahmedabad, GJ",Penthouse,917,4,1,2002,"Gym,Pool,Garden,Parking",956158
Premium Villa in Ahmedabad,"Ahmedabad, GJ",Villa,4902,6,4,2016,"WiFi,Parking,Pool",2676829
Premium Condo in Bangalore,"Bangalore, KA",Condo,4826,1,2,1996,"Parking,Pool,Security,WiFi",2445942
Premium Condo in Kolkata,"Kolkata, WB",Condo,2750,5,1,1994,"Security,Garden,WiFi,Gym",991634
Premium Apartment in Delhi,"Delhi, DL",Apartment,4956,1,4,1997,"WiFi,Garden,Security",2621695
Premium Condo in Delhi,"Delhi, DL",Condo,3710,5,1,2015,"Gym,Garden,Parking",2525165
Premium Townhouse in Kolkata,"Kolkata, WB",Townhouse,4899,1,4,1981,"Parking,WiFi",1584456
Premium Penthouse in Delhi,"Delhi, DL",Penthouse,4711,5,4,2005,"Parking,Gym",6681687
Premium Condo in Mumbai,"Mumbai, MH",Condo,4785,3,4,1982,"Security,Gym",3657133
Premium Condo in Ahmedabad,"Ahmedabad, GJ",Condo,3125,1,1,2019,"Pool,Garden,Parking,WiFi",1000853
Premium Townhouse in Ahmedabad,"Ahmedabad, GJ",Townhouse,2891,3,3,1995,"WiFi,Garden,Security,Pool",1160680
Premium Condo in Kolkata,"Kolkata, WB",Condo,4529,2,4,2014,"WiFi,Parking,Gym",1403723
Premium Villa in Kolkata,"Kolkata, WB",Villa,4744,4,3,2008,WiFi,2647767
Premium Villa in Kolkata,"Kolkata, WB",Villa,2079,1,1,2021,"WiFi,Gym",964056
Premium Villa in Chennai,"Chennai, TN",Villa,3880,3,3,2013,Garden,1982200
Premium Townhouse in Chennai,"Chennai, TN",Townhouse,4161,3,2,2023,"Garden,Pool,Gym,Security,Parking",1526698
Premium Apartment in Chennai,"Chennai, TN",Apartment,3739,2,4,2015,"Garden,Pool,Parking,Gym,Security",1227947
Premium Townhouse in Mumbai,"Mumbai, MH",Townhouse,4652,4,3,1986,"Gym,Garden,WiFi,Security",3445005
Premium Condo in Hyderabad,"Hyderabad, TS",Condo,4393,6,2,2015,"Security,Garden,WiFi,Parking",1786909
Premium Penthouse in Pune,"Pune, MH",Penthouse,3236,5,3,2000,"Pool,Parking",2728540
Premium Apartment in Ahmedabad,"Ahmedabad, GJ",Apartment,1086,1,4,1981,"Pool,Security,Gym,Garden",469016
Premium Condo in Chennai,"Chennai, TN",Condo,4763,3,1,1980,"Pool,Garden,Gym,Security",1699639
Premium Condo in Kolkata,"Kolkata, WB",Condo,1619,1,4,1997,Parking,556372
Premium Apartment in Bangalore,"Bangalore, KA",Apartment,3562,3,2,2004,"Garden,Security",1975233
Premium Penthouse in Hyderabad,"Hyderabad, TS",Penthouse,3296,2,2,1992,"Garden,Parking,Pool",2073977
Premium Condo in Ahmedabad,"Ahmedabad, GJ",Condo,2791,5,4,1997,Garden,1224806
Premium Villa in Pune,"Pune, MH",Villa,2915,3,3,1996,"Garden,Security",1543349
Premium Townhouse in Pune,"Pune, MH",Townhouse,4807,2,2,1988,"WiFi,Pool",1610100
Premium Townhouse in Kolkata,"Kolkata, WB",Townhouse,2066,1,3,1996,"Pool,WiFi,Security,Parking",745106
Premium Condo in Chennai,"Chennai, TN",Condo,571,4,4,1988,"Gym,Pool,Security,Parking,WiFi",492282
Premium Villa in Delhi,"Delhi, DL",Villa,4131,1,2,2013,"WiFi,Garden,Pool,Parking",3430906
Premium Penthouse in Mumbai,"Mumbai, MH",Penthouse,2301,1,2,1998,"Garden,Gym,WiFi",3022506
Premium Townhouse in Chennai,"Chennai, TN",Townhouse,2104,5,4,2007,WiFi,869603
Premium Penthouse in Mumbai,"Mumbai, MH",Penthouse,3307,3,4,2015,"Security,WiFi,Pool,Garden,Gym",4736964
Premium Villa in Mumbai,"Mumbai, MH",Villa,1241,1,3,1998,Parking,1423061
Premium Villa in Mumbai,"Mumbai, MH",Villa,4411,3,1,2012,"WiFi,Garden,Security",4485220
Premium Villa in Bangalore,"Bangalore, KA",Villa,1284,5,1,2004,"Garden,WiFi,Security",1391938
Premium Condo in Kolkata,"Kolkata, WB",Condo,4744,2,1,2003,"Gym,Parking,Garden",1519484
Premium Penthouse in Delhi,"Delhi, DL",Penthouse,1737,4,3,1980,"WiFi,Pool,Gym,Garden,Security",2900827
Premium Apartment in Kolkata,"Kolkata, WB",Apartment,1084,6,4,2000,"Security,WiFi,Pool",674578
Premium Penthouse in Mumbai,"Mumbai, MH",Penthouse,1779,1,2,1987,"Parking,Garden",2593878
Premium Villa in Bangalore,"Bangalore, KA",Villa,4125,2,1,2002,"Parking,WiFi,Garden,Security,Pool",3011357
Premium Condo in Chennai,"Chennai, TN",Condo,4150,5,4,2015,"Gym,Pool",1684323
Premium Apartment in Hyderabad,"Hyderabad, TS",Apartment,4351,5,2,1981,WiFi,1540894
Premium Condo in Bangalore,"Bangalore, KA",Condo,2126,6,2,2008,"Garden,WiFi,Pool",1524196
Premium Villa in Hyderabad,"Hyderabad, TS",Villa,3663,1,1,2000,"WiFi,Security,Gym,Parking",1846475
Premium Apartment in Bangalore,"Bangalore, KA",Apartment,613,6,2,1983,"Security,Garden",835041
Premium Condo in Ahmedabad,"Ahmedabad, GJ",Condo,2694,1,4,2009,"Parking,Garden",848251
Premium Penthouse in Hyderabad,"Hyderabad, TS",Penthouse,1595,5,1,1997,"Garden,Security,Parking,WiFi",1379777
Premium Penthouse in Hyderabad,"Hyderabad, TS",Penthouse,3530,4,4,2006,Parking,2768757
Premium Apartment in Bangalore,"Bangalore, KA",Apartment,1131,2,3,1992,Garden,798336
Premium Townhouse in Hyderabad,"Hyderabad, TS",Townhouse,2382,6,4,2005,"Garden,Parking,Security,Pool",1172765
Premium Condo in Mumbai,"Mumbai, MH",Condo,3229,5,2,2022,"Parking,WiFi",2505895
Premium Townhouse in Chennai,"Chennai, TN",Townhouse,1139,6,2,2021,"Parking,Security,WiFi,Gym",619172
Premium Townhouse in Bangalore,"Bangalore, KA",Townhouse,784,2,4,1983,"Garden,WiFi,Parking,Gym,Security",646246
Premium Penthouse in Delhi,"Delhi, DL",Penthouse,3025,6,4,2009,"Security,Pool,Parking,Garden",4371348
Premium Townhouse in Bangalore,"Bangalore, KA",Townhouse,4514,4,3,1993,"Security,Pool,Garden,Parking,WiFi",2467250
Premium Apartment in Mumbai,"Mumbai, MH",Apartment,4942,3,1,2009,"Garden,Security,Parking",3556781
Premium Villa in Hyderabad,"Hyderabad, TS",Villa,2297,4,4,1990,"Security,Garden,Parking,WiFi",1345628
Premium Condo in Kolkata,"Kolkata, WB",Condo,560,3,1,1982,"Garden,Pool",322591
Premium Apartment in Hyderabad,"Hyderabad, TS",Apartment,3332,4,4,2010,"Gym,WiFi",1174670
Premium Condo in Hyderabad,"Hyderabad, TS",Condo,4037,2,3,2001,"WiFi,Security",1382994
Premium Townhouse in Delhi,"Delhi, DL",Townhouse,4844,1,3,1989,"Parking,Pool,Security",3029264
Premium Villa in Hyderabad,"Hyderabad, TS",Villa,4762,1,4,1980,Gym,2134950
Premium Villa in Ahmedabad,"Ahmedabad, GJ",Villa,4375,4,2,1993,"WiFi,Garden,Gym,Security,Parking",2109998
Premium Condo in Pune,"Pune, MH",Condo,2951,6,2,1985,"Security,Garden,WiFi,Pool,Parking",1218233
Premium Penthouse in Mumbai,"Mumbai, MH",Penthouse,3702,5,4,2019,"WiFi,Security",6337439
Premium Condo in Delhi,"Delhi, DL",Condo,3134,4,3,2008,"Pool,Security,Garden,Parking",2341085
Premium Condo in Hyderabad,"Hyderabad, TS",Condo,579,2,1,1986,Parking,301472
Premium Apartment in Kolkata,"Kolkata, WB",Apartment,1749,5,1,1983,"Pool,Parking,Gym,Garden,Security",809004
Premium Townhouse in Bangalore,"Bangalore, KA",Townhouse,4623,1,4,1982,"Garden,WiFi,Gym",2244289
Premium Penthouse in Bangalore,"Bangalore, KA",Penthouse,1130,4,1,1980,"Security,WiFi",1639058
Premium Penthouse in Pune,"Pune, MH",Penthouse,2456,1,2,1992,Security,1626858
Premium Condo in Mumbai,"Mumbai, MH",Condo,4778,3,4,1983,"Security,WiFi,Garden",3084160
Premium Condo in Hyderabad,"Hyderabad, TS",Condo,4086,1,4,1982,"Parking,WiFi,Security",1282123
Premium Apartment in Hyderabad,"Hyderabad, TS",Apartment,2476,5,1,2009,"Pool,Parking,Gym,WiFi,Garden",1079680
Premium Apartment in Kolkata,"Kolkata, WB",Apartment,3050,6,3,1995,"Garden,Parking",1236574
Premium Apartment in Mumbai,"Mumbai, MH",Apartment,3167,1,4,2023,"Pool,Parking",2037121
Premium Apartment in Chennai,"Chennai, TN",Apartment,4020,2,4,1993,"Gym,Parking,Security,Pool,WiFi",1447809
Premium Apartment in Bangalore,"Bangalore, KA",Apartment,2657,6,3,2014,"Security,Gym,Garden,WiFi",1710543
Premium Penthouse in Kolkata,"Kolkata, WB",Penthouse,2785,1,4,1993,Security,1855495
Premium Villa in Bangalore,"Bangalore, KA",Villa,1692,1,3,1996,"Garden,Pool,WiFi,Security",1343804
Premium Villa in Kolkata,"Kolkata, WB",Villa,4604,2,2,2024,Security,2232409
Premium Apartment in Kolkata,"Kolkata, WB",Apartment,1091,3,3,2012,WiFi,495031
Premium Apartment in Mumbai,"Mumbai, MH",Apartment,4086,6,2,1986,"Gym,Garden,WiFi,Parking",2936791
Premium Apartment in Pune,"Pune, MH",Apartment,791,1,3,1981,Parking,331821
Premium Townhouse in Delhi,"Delhi, DL",Townhouse,1191,4,4,1996,"Pool,WiFi,Parking,Gym",1048654
Premium Villa in Ahmedabad,"Ahmedabad, GJ",Villa,3303,4,2,2021,"Gym,Parking,Security",1957137
Premium Townhouse in Ahmedabad,"Ahmedabad, GJ",Townhouse,1129,6,2,2011,"Gym,Pool,WiFi",695474
Premium Townhouse in Pune,"Pune, MH",Townhouse,4902,4,3,2024,"Gym,Garden,Pool,Security,WiFi",1854415
Premium Apartment in Mumbai,"Mumbai, MH",Apartment,734,6,2,1985,"Pool,Garden,Parking,Gym,WiFi",1174280
Premium Condo in Bangalore,"Bangalore, KA",Condo,3494,3,4,2019,Security,1920933
Premium Penthouse in Hyderabad,"Hyderabad, TS",Penthouse,3867,3,2,2007,"Security,Garden",2560385
Premium Apartment in Pune,"Pune, MH",Apartment,2398,2,3,1981,Parking,883036
Premium Condo in Mumbai,"Mumbai, MH",Condo,1713,4,3,2014,"Parking,Security",1623885
Premium Penthouse in Chennai,"Chennai, TN",Penthouse,3444,4,3,1990,"Parking,Garden,Gym,Pool",2490750
Premium Penthouse in Chennai,"Chennai, TN",Penthouse,1839,3,3,2016,"Pool,Parking,Gym",1484539
Premium Villa in Hyderabad,"Hyderabad, TS",Villa,812,1,2,1990,"Gym,Security,Pool,Garden",483130
Premium Apartment in Bangalore,"Bangalore, KA",Apartment,2494,5,4,2009,"Garden,Gym,Security,Parking,Pool",1499058
Premium Townhouse in Mumbai,"Mumbai, MH",Townhouse,688,4,1,1981,"Security,Parking",788239
Premium Villa in Delhi,"Delhi, DL",Villa,2209,5,4,1983,"Gym,Security,Parking,WiFi",2849427
Premium Townhouse in Ahmedabad,"Ahmedabad, GJ",Townhouse,3537,5,3,1999,"Gym,Parking,WiFi,Pool,Security",1299009
Premium Villa in Mumbai,"Mumbai, MH",Villa,1774,1,4,2006,"Gym,Garden,Parking",2072202
Premium Apartment in Pune,"Pune, MH",Apartment,1388,4,1,1991,Garden,678433
Premium Condo in Bangalore,"Bangalore, KA",Condo,4060,5,4,2007,"Gym,Security,Pool",2202399
Premium Apartment in Chennai,"Chennai, TN",Apartment,3198,5,3,1993,"Security,Garden,Pool,Parking",1305751
Premium Condo in Delhi,"Delhi, DL",Condo,2373,1,3,2008,"Parking,Security",1535761
Premium Villa in Chennai,"Chennai, TN",Villa,2273,6,1,1981,"WiFi,Garden",1490220
Premium Apartment in Pune,"Pune, MH",Apartment,1781,1,2,1998,"Parking,Garden,Security,Gym",572355
Premium Villa in Pune,"Pune, MH",Villa,2945,6,3,2003,"Pool,Gym,Garden,WiFi",1701248
Premium Penthouse in Chennai,"Chennai, TN",Penthouse,3539,5,3,1985,"Security,Garden,Parking,WiFi,Gym",2854478
Premium Villa in Hyderabad,"Hyderabad, TS",Villa,721,2,2,2010,"Parking,Gym,Pool",586027
Premium Villa in Pune,"Pune, MH",Villa,2685,4,3,1994,"WiFi,Parking",1716875
Premium Condo in Chennai,"Chennai, TN",Condo,936,1,1,2010,"Pool,Parking,Garden",366109
Premium Penthouse in Hyderabad,"Hyderabad, TS",Penthouse,4197,1,1,1985,"Garden,Gym,WiFi,Security,Parking",2698471
Premium Villa in Kolkata,"Kolkata, WB",Villa,948,2,4,1987,"Parking,Pool,Gym,Security",702517
Premium Condo in Hyderabad,"Hyderabad, TS",Condo,2078,3,1,2024,"Gym,Garden",779520
Premium Apartment in Kolkata,"Kolkata, WB",Apartment,2160,2,2,1994,"Gym,Pool,WiFi,Parking,Security",832752
Premium Townhouse in Kolkata,"Kolkata, WB",Townhouse,2139,2,1,1985,"WiFi,Parking",820026
Premium Villa in Mumbai,"Mumbai, MH",Villa,1642,3,3,2004,"Pool,Security,Gym",2057984
Premium Apartment in Mumbai,"Mumbai, MH",Apartment,3058,3,2,1994,"Garden,Parking,Pool,Gym",2359624
Premium Condo in Hyderabad,"Hyderabad, TS",Condo,917,6,3,1980,"Garden,WiFi,Security,Parking,Gym",589832
Premium Townhouse in Chennai,"Chennai, TN",Townhouse,1992,2,3,2019,"Pool,Garden,Gym",744477
Premium Penthouse in Ahmedabad,"Ahmedabad, GJ",Penthouse,2305,4,4,2024,"WiFi,Pool,Garden,Gym,Security",2046844
Premium Apartment in Pune,"Pune, MH",Apartment,4125,3,2,2010,"Garden,Security",1445301
Premium Penthouse in Mumbai,"Mumbai, MH",Penthouse,4680,5,1,2011,"Pool,WiFi,Gym",6700097
Premium Villa in Bangalore,"Bangalore, KA",Villa,3688,4,3,1999,Pool,3155835
Premium Townhouse in Bangalore,"Bangalore, KA",Townhouse,2890,4,2,1998,Parking,1778099
Premium Penthouse in Chennai,"Chennai, TN",Penthouse,3712,6,1,1982,"Parking,Garden",2813721
Premium Condo in Chennai,"Chennai, TN",Condo,601,2,1,2010,"Pool,Gym,Garden,Parking,Security",286639
Premium Condo in Bangalore,"Bangalore, KA",Condo,1984,5,2,1982,"Security,Garden,Parking,WiFi,Pool",1283769
Premium Penthouse in Delhi,"Delhi, DL",Penthouse,3906,3,3,2003,"Parking,Garden,Security",4895809
Premium Townhouse in Delhi,"Delhi, DL",Townhouse,4887,3,1,2018,"Garden,Parking,Pool,Gym",2808084
Premium Villa in Hyderabad,"Hyderabad, TS",Villa,1566,1,1,2016,"Pool,Gym,Garden,Parking",839500
Premium Townhouse in Kolkata,"Kolkata, WB",Townhouse,691,3,3,1983,"Garden,Parking,Gym,WiFi,Security",450100
Premium Penthouse in Chennai,"Chennai, TN",Penthouse,1577,6,1,2011,"Gym,Parking",1513284
Premium Villa in Pune,"Pune, MH",Villa,4980,2,4,2014,"Pool,Garden",2609465
Premium Condo in Mumbai,"Mumbai, MH",Condo,2403,5,3,1991,"Parking,Security,Garden,Gym",2144527
Premium Townhouse in Mumbai,"Mumbai, MH",Townhouse,2838,1,1,2007,"WiFi,Security,Parking,Garden",1985461
Premium Condo in Mumbai,"Mumbai, MH",Condo,3435,4,2,1991,"WiFi,Pool",2624683
Premium Villa in Pune,"Pune, MH",Villa,4307,5,1,2021,"Parking,WiFi,Security,Gym",2160308
Premium Condo in Chennai,"Chennai, TN",Condo,3994,3,4,2005,"WiFi,Garden,Pool,Security,Parking",1553476
Premium Apartment in Hyderabad,"Hyderabad, TS",Apartment,2933,1,3,2019,"Parking,Pool,Security,WiFi",944777
Premium Townhouse in Pune,"Pune, MH",Townhouse,4049,6,3,2000,"Garden,Pool,Security,Gym,WiFi",1618406
Premium Apartment in Mumbai,"Mumbai, MH",Apartment,3279,5,4,2000,"Pool,Security,Garden,Gym",2875616
Premium Villa in Kolkata,"Kolkata, WB",Villa,3630,6,1,2020,"WiFi,Parking,Pool",2174313
Premium Apartment in Mumbai,"Mumbai, MH",Apartment,601,1,2,2006,"Security,Gym,Parking",583271
Premium Condo in Pune,"Pune, MH",Condo,1175,6,4,2020,"WiFi,Gym,Pool,Security",746126
Premium Townhouse in Ahmedabad,"Ahmedabad, GJ",Townhouse,1392,3,3,1998,Pool,584353
Premium Villa in Delhi,"Delhi, DL",Villa,831,4,3,1980,"Parking,Gym,WiFi,Garden,Security",1481890
Premium Apartment in Bangalore,"Bangalore, KA",Apartment,4270,1,2,2021,Gym,2231132
Premium Villa in Hyderabad,"Hyderabad, TS",Villa,4516,2,3,1981,"Garden,Security",2432738
Premium Condo in Mumbai,"Mumbai, MH",Condo,1668,1,1,2015,"Garden,WiFi,Gym",1079433
Premium Apartment in Delhi,"Delhi, DL",Apartment,2616,2,2,2024,"Garden,Security,Gym",1704356
Premium Villa in Mumbai,"Mumbai, MH",Villa,805,1,3,1997,"Pool,WiFi,Security,Parking",1064526
Premium Condo in Mumbai,"Mumbai, MH",Condo,3198,2,4,1986,"Security,WiFi,Parking,Garden",2275923
Premium Villa in Mumbai,"Mumbai, MH",Villa,689,2,4,2016,"WiFi,Pool,Security",1244846
Premium Penthouse in Ahmedabad,"Ahmedabad, GJ",Penthouse,3360,4,1,1987,"Security,Gym,Parking,Pool",2549269
Premium Penthouse in Hyderabad,"Hyderabad, TS",Penthouse,2417,3,2,2003,"Garden,Pool,WiFi,Parking,Security",1944130
Premium Penthouse in Bangalore,"Bangalore, KA",Penthouse,3774,6,3,2024,"Gym,Parking",4253569
Premium Villa in Bangalore,"Bangalore, KA",Villa,3962,1,1,1996,"Gym,Pool,WiFi,Parking,Garden",2932301
Premium Penthouse in Ahmedabad,"Ahmedabad, GJ",Penthouse,3061,3,3,2003,"Gym,Garden,Security,WiFi",2442447
Premium Townhouse in Hyderabad,"Hyderabad, TS",Townhouse,4158,5,2,2024,"Garden,Gym,Parking",1626560
Premium Townhouse in Pune,"Pune, MH",Townhouse,3526,4,4,2005,"Garden,Gym,Parking,WiFi",1213198
Premium Condo in Bangalore,"Bangalore, KA",Condo,1502,4,1,2001,"Garden,Pool",979728
Premium Apartment in Delhi,"Delhi, DL",Apartment,823,1,4,1985,Pool,717650
Premium Condo in Kolkata,"Kolkata, WB",Condo,1366,5,2,2006,"Gym,Parking,Garden",727411
Premium Apartment in Delhi,"Delhi, DL",Apartment,2305,6,1,2021,"Pool,Garden,WiFi",1782390
Premium Penthouse in Bangalore,"Bangalore, KA",Penthouse,3396,3,4,2008,"Pool,Security,WiFi",3500275
Premium Apartment in Mumbai,"Mumbai, MH",Apartment,3480,5,3,1988,Security,2701780
Premium Villa in Ahmedabad,"Ahmedabad, GJ",Villa,621,1,2,1984,"Gym,WiFi,Garden,Security,Pool",381774
Premium Townhouse in Kolkata,"Kolkata, WB",Townhouse,4279,4,3,2017,"Pool,Gym,WiFi,Garden",1652996
Premium Condo in Hyderabad,"Hyderabad, TS",Condo,1813,3,3,2013,"Pool,WiFi,Parking,Gym",691783
Premium Condo in Pune,"Pune, MH",Condo,4229,1,1,2020,"Security,WiFi,Gym,Parking,Pool",1354494
Premium Villa in Hyderabad,"Hyderabad, TS",Villa,2016,5,1,2017,"Pool,WiFi,Parking,Security",1300641
Premium Condo in Pune,"Pune, MH",Condo,4828,1,3,2018,"Pool,WiFi,Gym",1508039
Premium Apartment in Mumbai,"Mumbai, MH",Apartment,2246,6,3,2012,"Pool,Garden,Parking,Security,Gym",1932770
Premium Penthouse in Mumbai,"Mumbai, MH",Penthouse,3160,6,1,1995,"Pool,Security,Garden,WiFi,Gym",4604801
Premium Apartment in Delhi,"Delhi, DL",Apartment,3126,4,2,2006,"Parking,Pool",2049040
Premium Villa in Kolkata,"Kolkata, WB",Villa,2974,3,1,2019,"Pool,WiFi,Garden,Gym,Parking",1587369
Premium Townhouse in Chennai,"Chennai, TN",Townhouse,835,6,3,1981,Parking,558149
Premium Villa in Kolkata,"Kolkata, WB",Villa,1145,2,3,1999,"Garden,WiFi",761271
Premium Townhouse in Chennai,"Chennai, TN",Townhouse,4215,2,3,2007,"Security,Parking,Pool",1430504
Premium Condo in Chennai,"Chennai, TN",Condo,4766,3,4,1988,Security,1599444
Premium Apartment in Chennai,"Chennai, TN",Apartment,4332,2,3,1995,WiFi,1556509
Premium Townhouse in Chennai,"Chennai, TN",Townhouse,2144,6,4,1985,"Parking,Gym",977401
Premium Villa in Kolkata,"Kolkata, WB",Villa,1914,5,2,2007,"Security,Gym",1242259
Premium Penthouse in Mumbai,"Mumbai, MH",Penthouse,2441,2,4,2024,Gym,3877163
Premium Apartment in Pune,"Pune, MH",Apartment,3655,1,4,2021,"WiFi,Pool,Parking",1179114
Premium Villa in Delhi,"Delhi, DL",Villa,4641,2,2,2014,"Garden,Security,Gym,Pool",3952980
Premium Condo in Chennai,"Chennai, TN",Condo,3073,4,2,2006,"Gym,Garden,Pool,Security,WiFi",1059129
Premium Apartment in Bangalore,"Bangalore, KA",Apartment,1310,2,1,1991,"WiFi,Pool,Garden,Parking,Gym",809762
Premium Townhouse in Bangalore,"Bangalore, KA",Townhouse,2285,6,3,1981,"WiFi,Pool,Garden",1602205
Premium Apartment in Bangalore,"Bangalore, KA",Apartment,3261,5,1,2014,"Garden,Security,Gym",1936907
Premium Penthouse in Hyderabad,"Hyderabad, TS",Penthouse,2169,6,4,2020,"Gym,Parking,Garden,Security,Pool",2015674
Premium Villa in Mumbai,"Mumbai, MH",Villa,1194,4,2,2020,"Pool,Security,WiFi",1736658
Premium Townhouse in Mumbai,"Mumbai, MH",Townhouse,1227,6,3,2014,"Pool,WiFi,Security",1551633
Premium Condo in Mumbai,"Mumbai, MH",Condo,4456,1,3,2024,"WiFi,Security,Garden,Gym,Parking",2931400
Premium Condo in Mumbai,"Mumbai, MH",Condo,1100,1,1,2022,"Parking,Pool",759248
Premium Townhouse in Chennai,"Chennai, TN",Townhouse,4204,6,1,2024,"Garden,Security,Parking,Gym,WiFi",1480417
Premium Condo in Mumbai,"Mumbai, MH",Condo,4725,3,3,1995,"Garden,Security,Parking",3319160
Premium Condo in Mumbai,"Mumbai, MH",Condo,609,1,2,1997,"Parking,Pool,Gym",582563
Premium Townhouse in Mumbai,"Mumbai, MH",Townhouse,3906,1,4,1981,Security,2554633
Premium Apartment in Mumbai,"Mumbai, MH",Apartment,1581,3,4,1995,"Pool,Parking,Gym,WiFi",1269990
Premium Apartment in Chennai,"Chennai, TN",Apartment,2715,1,4,1987,"Garden,Pool,Security,Gym",869465
Premium Villa in Ahmedabad,"Ahmedabad, GJ",Villa,4863,2,1,1980,"Gym,Security,Garden,Pool",2511098
Premium Penthouse in Kolkata,"Kolkata, WB",Penthouse,1884,4,2,2018,"Gym,Garden,WiFi,Pool,Parking",1664158
Premium Condo in Hyderabad,"Hyderabad, TS",Condo,2800,2,4,2015,"Pool,Security,Garden",977525
Premium Villa in Ahmedabad,"Ahmedabad, GJ",Villa,1855,3,1,1989,"WiFi,Pool,Gym,Security",1032249
Premium Townhouse in Ahmedabad,"Ahmedabad, GJ",Townhouse,3072,5,1,1981,"WiFi,Parking,Security",1172342
Premium Penthouse in Pune,"Pune, MH",Penthouse,4009,2,4,1983,"Security,Pool,Gym,Garden,WiFi",2875498
Premium Villa in Chennai,"Chennai, TN",Villa,3952,3,1,2009,"Gym,WiFi,Parking",1922766
Premium Apartment in Delhi,"Delhi, DL",Apartment,2641,1,2,2007,"Security,Pool",1691741
Premium Townhouse in Delhi,"Delhi, DL",Townhouse,4200,5,1,1982,"Gym,WiFi,Garden,Pool",2719863
Premium Apartment in Mumbai,"Mumbai, MH",Apartment,4777,3,2,1984,Gym,3419242
Premium Apartment in Delhi,"Delhi, DL",Apartment,4268,5,2,2015,"Pool,Parking,Garden,Security,WiFi",3080920
Premium Villa in Ahmedabad,"Ahmedabad, GJ",Villa,3700,6,1,1980,Pool,2151665
Premium Condo in Ahmedabad,"Ahmedabad, GJ",Condo,1795,4,4,1993,"Parking,Gym,Garden,Security",801906
Premium Villa in Hyderabad,"Hyderabad, TS",Villa,2764,1,1,1985,"Security,Pool,Gym,WiFi",1397061
Premium Condo in Kolkata,"Kolkata, WB",Condo,2002,6,2,2000,"Security,Parking,WiFi",917964
Premium Villa in Mumbai,"Mumbai, MH",Villa,1721,1,2,2011,"Security,Pool,WiFi",1797892
Premium Apartment in Delhi,"Delhi, DL",Apartment,2813,4,2,2020,"Garden,Security,Parking",1855094
Premium Townhouse in Hyderabad,"Hyderabad, TS",Townhouse,2666,2,2,2003,Pool,1009321
Premium Townhouse in Ahmedabad,"Ahmedabad, GJ",Townhouse,1084,3,3,2018,Security,526548
Premium Penthouse in Ahmedabad,"Ahmedabad, GJ",Penthouse,2813,5,4,1983,"Security,Pool,WiFi",2115619
Premium Apartment in Ahmedabad,"Ahmedabad, GJ",Apartment,3892,2,3,1996,"Gym,Parking,Pool,Security,WiFi",1434071
Premium Villa in Mumbai,"Mumbai, MH",Villa,3652,5,4,1986,"Parking,Security,WiFi,Garden,Gym",4390641
Premium Townhouse in Pune,"Pune, MH",Townhouse,4138,1,2,2000,"Security,Garden,Gym,Pool",1237222
Premium Townhouse in Hyderabad,"Hyderabad, TS",Townhouse,641,2,2,1985,Pool,353930
Premium Apartment in Ahmedabad,"Ahmedabad, GJ",Apartment,2523,6,4,1990,"Pool,Garden,Gym",1195924
Premium Penthouse in Ahmedabad,"Ahmedabad, GJ",Penthouse,937,1,1,2020,"Gym,Security,WiFi,Parking,Garden",754884
Premium Apartment in Chennai,"Chennai, TN",Apartment,1182,5,3,2023,WiFi,689396
Premium Apartment in Bangalore,"Bangalore, KA",Apartment,1065,2,3,1993,"WiFi,Parking,Garden,Pool,Security",757702
Premium Penthouse in Hyderabad,"Hyderabad, TS",Penthouse,1137,4,2,1997,Parking,1278048
Premium Condo in Delhi,"Delhi, DL",Condo,3141,4,1,1996,Parking,2046088
Premium Penthouse in Bangalore,"Bangalore, KA",Penthouse,4096,1,2,2016,"Security,WiFi,Parking,Pool,Gym",3692975
Premium Condo in Kolkata,"Kolkata, WB",Condo,838,5,3,2021,Security,522081
Premium Townhouse in Kolkata,"Kolkata, WB",Townhouse,1630,6,2,2015,"Parking,Security,Pool,Gym",837165
Premium Condo in Mumbai,"Mumbai, MH",Condo,3361,6,1,1990,"WiFi,Gym,Parking,Pool,Security",2748206
Premium Penthouse in Hyderabad,"Hyderabad, TS",Penthouse,2077,4,3,1998,Pool,1917982
Premium Penthouse in Pune,"Pune, MH",Penthouse,4238,6,2,2019,"Garden,Security,WiFi,Pool",3048491
Premium Townhouse in Ahmedabad,"Ahmedabad, GJ",Townhouse,1930,3,4,2017,"Gym,WiFi,Pool",769959
Premium Penthouse in Mumbai,"Mumbai, MH",Penthouse,3732,3,4,2022,"Gym,Pool,Garden,Security",5827119
Premium Penthouse in Pune,"Pune, MH",Penthouse,2910,6,2,1988,"Gym,Security",2583464
Premium Townhouse in Delhi,"Delhi, DL",Townhouse,2986,2,3,2007,"Gym,Security,Parking,Garden",1872373
Premium Penthouse in Delhi,"Delhi, DL",Penthouse,1345,3,3,2006,Security,2225018
Premium Condo in Delhi,"Delhi, DL",Condo,3097,5,2,2017,"Parking,Security,WiFi,Pool",2107619
Premium Townhouse in Delhi,"Delhi, DL",Townhouse,2809,4,1,1992,"Garden,WiFi,Pool,Parking,Security",1911240
Premium Townhouse in Bangalore,"Bangalore, KA",Townhouse,3861,2,4,2020,"WiFi,Garden,Gym",2059436
Premium Condo in Bangalore,"Bangalore, KA",Condo,4843,3,1,1986,"Pool,Garden",2670904
Premium Condo in Mumbai,"Mumbai, MH",Condo,845,3,2,1987,"WiFi,Pool,Parking,Security",814425
Premium Condo in Pune,"Pune, MH",Condo,3825,1,2,2023,"Pool,Gym,Garden,Parking,WiFi",1127333
Premium Condo in Ahmedabad,"Ahmedabad, GJ",Condo,4380,3,1,2023,"Pool,Parking,Security,Garden,Gym",1473945
Premium Apartment in Pune,"Pune, MH",Apartment,1085,3,2,2010,"Security,Pool",533601
Premium Penthouse in Bangalore,"Bangalore, KA",Penthouse,1813,3,2,2011,"Pool,Security",2151981
Premium Villa in Kolkata,"Kolkata, WB",Villa,2693,5,2,2024,"WiFi,Pool,Parking,Garden",1756449
Premium Villa in Hyderabad,"Hyderabad, TS",Villa,2759,3,4,1981,"Gym,Security,Garden,Parking",1467439
Premium Penthouse in Mumbai,"Mumbai, MH",Penthouse,1776,4,3,1987,"WiFi,Parking",3360243
Premium Townhouse in Pune,"Pune, MH",Townhouse,3108,1,1,2012,"Parking,Security,Garden",959690
Premium Apartment in Delhi,"Delhi, DL",Apartment,2814,5,1,1999,"Security,Garden,Parking",1814468
Premium Townhouse in Mumbai,"Mumbai, MH",Townhouse,2066,4,1,1992,Garden,1817262
Premium Townhouse in Delhi,"Delhi, DL",Townhouse,3118,2,3,2024,"Parking,Garden,Gym,WiFi",2107447
Premium Townhouse in Chennai,"Chennai, TN",Townhouse,894,1,1,2011,"Garden,Gym,Pool,Security",356194
Premium Townhouse in Mumbai,"Mumbai, MH",Townhouse,2733,2,4,1982,"Garden,Security,WiFi,Parking,Gym",1850780
Premium Townhouse in Ahmedabad,"Ahmedabad, GJ",Townhouse,3883,2,4,2008,"Gym,Parking,WiFi,Security,Pool",1272992
Premium Apartment in Kolkata,"Kolkata, WB",Apartment,3280,4,4,2014,"Garden,Pool,Security,Parking",1162543
Premium Apartment in Mumbai,"Mumbai, MH",Apartment,3592,3,3,1995,Pool,2714860
Premium Condo in Pune,"Pune, MH",Condo,2300,2,2,2006,"Security,Gym,Parking,Pool,Garden",912808
Premium Penthouse in Bangalore,"Bangalore, KA",Penthouse,4550,5,3,1986,"WiFi,Security,Parking",4664142
Premium Apartment in Ahmedabad,"Ahmedabad, GJ",Apartment,4711,6,1,2003,"Gym,Parking,Pool,Garden,Security",1640231
Premium Apartment in Chennai,"Chennai, TN",Apartment,1137,6,2,2018,"WiFi,Pool,Parking",630577
Premium Townhouse in Ahmedabad,"Ahmedabad, GJ",Townhouse,2420,5,2,1994,"Pool,WiFi",1003246
Premium Condo in Chennai,"Chennai, TN",Condo,1115,3,1,2021,"WiFi,Security,Parking",541759
Premium Apartment in Kolkata,"Kolkata, WB",Apartment,3725,4,1,2006,"Pool,Gym,Parking,WiFi,Security",1304888
Premium Penthouse in Hyderabad,"Hyderabad, TS",Penthouse,2047,5,2,2010,"Pool,WiFi,Security",1902335
Premium Condo in Mumbai,"Mumbai, MH",Condo,565,6,1,1995,"Gym,Security",949541
Premium Villa in Chennai,"Chennai, TN",Villa,594,5,1,1997,"Gym,WiFi,Parking,Pool",690709
Premium Condo in Chennai,"Chennai, TN",Condo,2534,6,3,2012,Gym,1108406
Premium Penthouse in Ahmedabad,"Ahmedabad, GJ",Penthouse,501,2,3,2005,"Gym,WiFi,Security",659036
Premium Apartment in Delhi,"Delhi, DL",Apartment,1122,4,1,2005,Parking,907788
Premium Townhouse in Pune,"Pune, MH",Townhouse,4682,2,3,1980,"Gym,Pool,Parking,Garden,Security",1566315
Premium Condo in Pune,"Pune, MH",Condo,4321,2,3,1984,Pool,1408809
Premium Villa in Ahmedabad,"Ahmedabad, GJ",Villa,4664,4,4,1992,"Parking,Pool,Gym",2770039
Premium Condo in Bangalore,"Bangalore, KA",Condo,3501,3,3,1984,"Garden,Security",1949253
Premium Townhouse in Delhi,"Delhi, DL",Townhouse,4202,1,1,1996,"Parking,Garden,Gym",2393176
Premium Apartment in Delhi,"Delhi, DL",Apartment,4998,3,2,1999,"Pool,Security,Garden,Parking",2739775
Premium Condo in Hyderabad,"Hyderabad, TS",Condo,2565,2,2,2004,"Security,Parking",828631
Premium Villa in Mumbai,"Mumbai, MH",Villa,4238,4,3,1986,"Security,Gym,Parking,WiFi",4876928
Premium Penthouse in Kolkata,"Kolkata, WB",Penthouse,1244,4,4,2022,"Pool,Parking",1400749
Premium Townhouse in Ahmedabad,"Ahmedabad, GJ",Townhouse,3959,2,1,2019,Pool,1191069
Premium Apartment in Chennai,"Chennai, TN",Apartment,2867,2,1,2002,"Parking,Gym",1049430
Premium Townhouse in Mumbai,"Mumbai, MH",Townhouse,4942,4,2,2004,"Gym,Pool",3448404
Premium Townhouse in Hyderabad,"Hyderabad, TS",Townhouse,1377,3,4,1981,"Garden,Gym",697552
Premium Penthouse in Hyderabad,"Hyderabad, TS",Penthouse,1398,1,2,2023,"Garden,WiFi,Parking,Pool",958703
Premium Villa in Hyderabad,"Hyderabad, TS",Villa,4725,5,2,2013,"Pool,Garden,WiFi",2474646
Premium Penthouse in Kolkata,"Kolkata, WB",Penthouse,1194,5,3,1989,"Gym,Garden,Security,Pool,Parking",1252265
Premium Penthouse in Bangalore,"Bangalore, KA",Penthouse,1438,1,2,1994,"Garden,Parking,Security",1631532
Premium Apartment in Kolkata,"Kolkata, WB",Apartment,4210,6,1,1995,"Garden,Pool,Gym,WiFi",1431372
Premium Townhouse in Pune,"Pune, MH",Townhouse,1891,2,1,2014,"Garden,WiFi,Security,Parking,Pool",720381
Premium Condo in Bangalore,"Bangalore, KA",Condo,2202,6,4,1988,Security,1663853
Premium Townhouse in Hyderabad,"Hyderabad, TS",Townhouse,1202,6,3,1990,"Security,Pool,Parking,Garden,Gym",787761
Premium Villa in Ahmedabad,"Ahmedabad, GJ",Villa,4185,2,1,1982,"Parking,WiFi",1972962
Premium Penthouse in Bangalore,"Bangalore, KA",Penthouse,4531,1,4,2020,Security,4444711
Premium Villa in Delhi,"Delhi, DL",Villa,2297,6,4,2018,Security,3064630
Premium Apartment in Ahmedabad,"Ahmedabad, GJ",Apartment,2506,2,4,2016,Pool,903820
Premium Villa in Pune,"Pune, MH",Villa,1882,4,2,2020,WiFi,1088611
Premium Penthouse in Ahmedabad,"Ahmedabad, GJ",Penthouse,2878,3,4,1980,"Pool,WiFi",2205321
Premium Townhouse in Pune,"Pune, MH",Townhouse,2046,2,4,2003,Parking,744303
Premium Condo in Mumbai,"Mumbai, MH",Condo,4551,3,4,2011,"WiFi,Pool,Garden,Parking",3172073
Premium Penthouse in Bangalore,"Bangalore, KA",Penthouse,2239,1,3,1992,"Gym,Security",2463267
Premium Penthouse in Chennai,"Chennai, TN",Penthouse,548,3,2,2004,"WiFi,Security,Gym,Garden",765551
Premium Apartment in Chennai,"Chennai, TN",Apartment,991,5,1,1982,"Parking,Security",522249
Premium Penthouse in Mumbai,"Mumbai, MH",Penthouse,4101,5,1,1989,"Garden,Security,Pool",6497545
Premium Apartment in Delhi,"Delhi, DL",Apartment,2915,2,2,1988,"Pool,Parking,WiFi,Gym,Garden",1847094
Premium Penthouse in Kolkata,"Kolkata, WB",Penthouse,4007,5,4,2017,WiFi,3126138
Premium Townhouse in Delhi,"Delhi, DL",Townhouse,673,3,2,1991,"Pool,Garden,Gym,Parking,Security",766218
Premium Penthouse in Bangalore,"Bangalore, KA",Penthouse,3209,2,4,2003,"Pool,Security,Gym,Garden,Parking",3685602
Premium Condo in Pune,"Pune, MH",Condo,2351,6,3,1986,Pool,1124459
Premium Townhouse in Bangalore,"Bangalore, KA",Townhouse,2596,6,1,2024,"Pool,Security,Garden",1773616
Premium Villa in Chennai,"Chennai, TN",Villa,3017,2,3,1991,"Garden,Pool,Gym,Parking",1589972
Premium Villa in Pune,"Pune, MH",Villa,3284,4,1,1999,"Security,Parking,Garden",1787125
Premium Penthouse in Bangalore,"Bangalore, KA",Penthouse,1844,3,1,2014,Parking,2162808
Premium Villa in Ahmedabad,"Ahmedabad, GJ",Villa,3356,6,4,2024,"Security,Gym,Garden,Parking",1894853
Premium Condo in Ahmedabad,"Ahmedabad, GJ",Condo,2983,6,2,2001,Gym,1217135
Premium Townhouse in Mumbai,"Mumbai, MH",Townhouse,4307,3,2,1996,"Garden,Parking,Gym,Security,Pool",2699167
Premium Apartment in Bangalore,"Bangalore, KA",Apartment,4943,1,3,1989,Gym,2479150
Premium Apartment in Mumbai,"Mumbai, MH",Apartment,2073,3,4,1987,"WiFi,Garden,Parking",1761621
Premium Penthouse in Pune,"Pune, MH",Penthouse,537,2,2,2015,"Parking,Pool,Garden",556294
Premium Villa in Bangalore,"Bangalore, KA",Villa,1423,6,3,1983,"Security,Garden",1908671
Premium Villa in Bangalore,"Bangalore, KA",Villa,3094,6,2,1985,Security,2992276
Premium Apartment in Delhi,"Delhi, DL",Apartment,1472,2,4,2018,Security,1192958
Premium Condo in Delhi,"Delhi, DL",Condo,1194,1,2,2024,WiFi,820217
Premium Townhouse in Hyderabad,"Hyderabad, TS",Townhouse,3871,4,4,2011,Garden,1533013
Premium Penthouse in Mumbai,"Mumbai, MH",Penthouse,4423,1,2,1987,"Gym,Security",6014809
Premium Townhouse in Chennai,"Chennai, TN",Townhouse,2864,4,3,2016,"Gym,Garden,WiFi,Pool",1066620
Premium Townhouse in Delhi,"Delhi, DL",Townhouse,1962,6,3,2020,"Garden,WiFi",1798577
Premium Townhouse in Pune,"Pune, MH",Townhouse,4805,3,4,2010,"WiFi,Parking,Gym,Pool,Garden",1702154
Premium Villa in Hyderabad,"Hyderabad, TS",Villa,4269,4,4,2011,"Pool,Garden,Parking,WiFi",2553496
Premium Villa in Pune,"Pune, MH",Villa,4321,5,4,2023,"Gym,WiFi,Parking,Garden",2623880
Premium Villa in Delhi,"Delhi, DL",Villa,4394,2,1,2013,"Garden,Pool,Parking,WiFi,Gym",3830927
Premium Apartment in Chennai,"Chennai, TN",Apartment,3685,2,3,1996,Pool,1239677
Premium Townhouse in Bangalore,"Bangalore, KA",Townhouse,3558,2,4,1990,"WiFi,Parking",1880398
Premium Villa in Hyderabad,"Hyderabad, TS",Villa,1508,2,3,2006,Security,931218
Premium Apartment in Hyderabad,"Hyderabad, TS",Apartment,1910,6,2,1982,"Parking,WiFi",943936
Premium Townhouse in Ahmedabad,"Ahmedabad, GJ",Townhouse,4855,4,1,2014,"Pool,Gym,Security",1627555
Premium Penthouse in Delhi,"Delhi, DL",Penthouse,4836,3,4,2002,"Gym,Garden,WiFi",5942380
Premium Condo in Bangalore,"Bangalore, KA",Condo,3042,1,4,2019,"Gym,Security",1615309
Premium Condo in Mumbai,"Mumbai, MH",Condo,3199,3,4,2017,"Gym,Parking,Security,Garden",2606894
Premium Villa in Kolkata,"Kolkata, WB",Villa,4208,2,3,1989,"WiFi,Garden,Parking,Pool,Gym",2129146
Premium Penthouse in Bangalore,"Bangalore, KA",Penthouse,1776,6,3,2020,Pool,2687432
Premium Villa in Hyderabad,"Hyderabad, TS",Villa,3456,6,3,1995,"Parking,Gym,WiFi",2050649
Premium Condo in Hyderabad,"Hyderabad, TS",Condo,4675,3,4,2015,"Gym,Security,WiFi",1618110
Premium Apartment in Bangalore,"Bangalore, KA",Apartment,3109,2,1,2006,"Garden,Security,WiFi,Pool,Gym",1562552
Premium Apartment in Mumbai,"Mumbai, MH",Apartment,4756,5,3,1991,"Gym,WiFi,Garden,Security,Parking",3179645
Premium Condo in Kolkata,"Kolkata, WB",Condo,2354,2,1,2012,Gym,791511
Premium Penthouse in Pune,"Pune, MH",Penthouse,2102,6,1,2024,Gym,1949327
Premium Villa in Delhi,"Delhi, DL",Villa,1122,4,3,1991,"Gym,Parking,WiFi",1722254
Premium Penthouse in Hyderabad,"Hyderabad, TS",Penthouse,2249,3,1,2001,"Security,WiFi,Pool",1792929
Premium Townhouse in Bangalore,"Bangalore, KA",Townhouse,2393,5,3,2023,"Gym,Garden",1478029
Premium Villa in Pune,"Pune, MH",Villa,2298,6,1,2000,Pool,1543377
Premium Apartment in Hyderabad,"Hyderabad, TS",Apartment,1229,1,3,2010,"Pool,Garden,Gym",499159
Premium Apartment in Mumbai,"Mumbai, MH",Apartment,1035,3,3,2004,Garden,1125237
Premium Penthouse in Mumbai,"Mumbai, MH",Penthouse,1603,4,2,1997,"Parking,Garden,Pool",3068182
Premium Townhouse in Delhi,"Delhi, DL",Townhouse,4574,3,2,2010,"WiFi,Parking,Gym,Pool,Garden",2855569
Premium Condo in Mumbai,"Mumbai, MH",Condo,965,1,3,2010,Parking,755983
Premium Villa in Kolkata,"Kolkata, WB",Villa,3216,5,1,2023,"Pool,Parking,Gym,Garden,Security",1726827
Premium Townhouse in Kolkata,"Kolkata, WB",Townhouse,4485,5,2,1995,"Security,Parking,WiFi,Garden,Pool",1790599
Premium Apartment in Pune,"Pune, MH",Apartment,2812,3,1,2021,"Parking,Security,WiFi",969389
Premium Condo in Bangalore,"Bangalore, KA",Condo,1498,6,3,2013,"Gym,Pool",1326959
Premium Penthouse in Bangalore,"Bangalore, KA",Penthouse,2877,5,3,2009,Gym,3639220
Premium Penthouse in Kolkata,"Kolkata, WB",Penthouse,1553,4,4,2017,"Gym,Garden,Pool",1493632
Premium Villa in Hyderabad,"Hyderabad, TS",Villa,4371,1,1,2023,"Pool,Garden",1951399
Premium Penthouse in Delhi,"Delhi, DL",Penthouse,3356,2,1,1990,"Gym,Garden",4029020
Premium Villa in Delhi,"Delhi, DL",Villa,1691,6,3,2009,Parking,2373697
Premium Penthouse in Ahmedabad,"Ahmedabad, GJ",Penthouse,2499,4,3,2013,"Security,Gym,WiFi,Parking",2043304
Premium Villa in Chennai,"Chennai, TN",Villa,3733,2,3,2007,Pool,1817416
Premium Apartment in Kolkata,"Kolkata, WB",Apartment,1943,6,3,1985,"Parking,WiFi,Gym,Garden,Security",1019891
Premium Townhouse in Hyderabad,"Hyderabad, TS",Townhouse,2311,6,4,1994,"Garden,Security,Parking,Gym",1139186
Premium Condo in Pune,"Pune, MH",Condo,4761,6,1,1993,"Pool,Gym,Security,Parking",1714128
Premium Condo in Hyderabad,"Hyderabad, TS",Condo,1127,5,3,1997,"Parking,Pool",601401
Premium Penthouse in Mumbai,"Mumbai, MH",Penthouse,530,2,4,2020,"Parking,Security,Gym",1463496
Premium Apartment in Bangalore,"Bangalore, KA",Apartment,2601,2,1,1992,"Parking,Garden,Gym",1256286
Premium Penthouse in Hyderabad,"Hyderabad, TS",Penthouse,1525,5,3,1980,"Parking,Security,WiFi,Gym,Pool",1543335
Premium Penthouse in Kolkata,"Kolkata, WB",Penthouse,4415,6,3,1993,Pool,3631051
Premium Villa in Pune,"Pune, MH",Villa,2923,4,4,2014,"Pool,Parking",1869156
Premium Penthouse in Chennai,"Chennai, TN",Penthouse,1978,3,1,1996,"Pool,Gym,Security,WiFi,Garden",1501381
Premium Townhouse in Delhi,"Delhi, DL",Townhouse,2020,1,1,1986,"Security,Parking,Pool,Gym",1126408
Premium Villa in Kolkata,"Kolkata, WB",Villa,4028,1,1,2010,"Parking,Garden,Gym,Security",1837612
Premium Apartment in Chennai,"Chennai, TN",Apartment,3023,6,3,2024,"Garden,Security,Parking,Gym,WiFi",1144753
Premium Penthouse in Hyderabad,"Hyderabad, TS",Penthouse,3939,3,3,2004,"Gym,Garden",2806992
Premium Apartment in Kolkata,"Kolkata, WB",Apartment,1149,6,3,1995,"Parking,Pool,Garden,Gym",752109
Premium Villa in Ahmedabad,"Ahmedabad, GJ",Villa,3351,2,2,1989,"Garden,WiFi,Security,Pool,Parking",1594039
Premium Apartment in Pune,"Pune, MH",Apartment,3807,5,4,1984,"WiFi,Garden,Security",1384608
Premium Penthouse in Bangalore,"Bangalore, KA",Penthouse,1397,6,1,2006,"Gym,WiFi,Parking",2365295
Premium Villa in Bangalore,"Bangalore, KA",Villa,1837,6,4,2002,"Parking,Pool,Security,Gym,Garden",1990761
Premium Penthouse in Kolkata,"Kolkata, WB",Penthouse,4454,6,2,1992,"Security,Pool,WiFi,Garden",3336941
Premium Condo in Pune,"Pune, MH",Condo,1358,4,3,1995,"Garden,WiFi,Security,Pool,Parking",621744
Premium Villa in Bangalore,"Bangalore, KA",Villa,2627,6,2,2002,"Security,Garden",2676436
Premium Penthouse in Kolkata,"Kolkata, WB",Penthouse,529,3,1,1993,"Parking,Garden,WiFi",673796
Premium Villa in Kolkata,"Kolkata, WB",Villa,2485,2,1,1984,"Parking,WiFi,Pool",1338379
Premium Apartment in Ahmedabad,"Ahmedabad, GJ",Apartment,854,1,1,2001,"WiFi,Pool,Gym",353161
Premium Townhouse in Bangalore,"Bangalore, KA",Townhouse,1358,1,1,2015,"WiFi,Security,Pool,Parking",683463
Premium Apartment in Kolkata,"Kolkata, WB",Apartment,1288,1,2,2017,"WiFi,Gym,Security,Garden,Parking",465855
Premium Condo in Ahmedabad,"Ahmedabad, GJ",Condo,3869,4,3,1996,"Gym,Security",1515040
Premium Villa in Chennai,"Chennai, TN",Villa,4879,2,2,2022,"Security,Garden,Gym",2546072
Premium Penthouse in Kolkata,"Kolkata, WB",Penthouse,2287,2,4,2003,"Security,Pool",1835623
Premium Apartment in Mumbai,"Mumbai, MH",Apartment,3744,6,4,1982,Security,3196059
Premium Villa in Hyderabad,"Hyderabad, TS",Villa,3013,5,1,1997,"Pool,Gym",1692520
Premium Villa in Kolkata,"Kolkata, WB",Villa,4545,3,1,2019,"Pool,WiFi,Parking,Gym",2480896
Premium Townhouse in Kolkata,"Kolkata, WB",Townhouse,3206,4,4,1985,"Pool,Garden",1207427
Premium Villa in Bangalore,"Bangalore, KA",Villa,1891,1,4,1982,"WiFi,Security,Gym,Pool,Garden",1573961
Premium Apartment in Bangalore,"Bangalore, KA",Apartment,2686,2,4,1983,WiFi,1461354
Premium Apartment in Bangalore,"Bangalore, KA",Apartment,2535,5,2,2005,Garden,1588945
Premium Townhouse in Chennai,"Chennai, TN",Townhouse,2135,6,4,1988,"Gym,Security",995262
Premium Villa in Hyderabad,"Hyderabad, TS",Villa,1325,2,3,2009,"WiFi,Garden,Pool",869937
Premium Villa in Chennai,"Chennai, TN",Villa,2683,2,3,2002,Pool,1579086
Premium Condo in Bangalore,"Bangalore, KA",Condo,2432,6,1,1987,Parking,1579599
Premium Apartment in Chennai,"Chennai, TN",Apartment,2869,4,1,1997,"Gym,WiFi,Garden",1084619
Premium Condo in Pune,"Pune, MH",Condo,1039,5,4,1982,"Security,Pool,Garden,WiFi,Gym",703469
Premium Townhouse in Chennai,"Chennai, TN",Townhouse,3564,1,3,1990,"Gym,WiFi,Pool,Parking,Garden",1110712
Premium Townhouse in Bangalore,"Bangalore, KA",Townhouse,2383,3,3,1994,"Garden,Security,Gym,Pool",1522003
Premium Condo in Mumbai,"Mumbai, MH",Condo,4436,5,1,2001,"WiFi,Garden,Security",3421158
Premium Penthouse in Ahmedabad,"Ahmedabad, GJ",Penthouse,2407,2,4,2015,"Garden,Gym,Pool,WiFi",1830681
Premium Penthouse in Delhi,"Delhi, DL",Penthouse,2833,4,4,2008,"Gym,Security,WiFi,Parking,Garden",3813305
Premium Condo in Kolkata,"Kolkata, WB",Condo,2475,6,4,2024,"Parking,Garden,Pool",1054611
Premium Townhouse in Ahmedabad,"Ahmedabad, GJ",Townhouse,632,3,4,2018,"WiFi,Pool",454099
Premium Penthouse in Mumbai,"Mumbai, MH",Penthouse,2427,6,3,2020,"Security,Pool",4413593
Premium Townhouse in Ahmedabad,"Ahmedabad, GJ",Townhouse,1530,4,1,2009,"Gym,Parking,Garden,Security,WiFi",694627
Premium Villa in Bangalore,"Bangalore, KA",Villa,2437,4,2,2020,"Garden,Pool,Parking,Security,Gym",2125761
Premium Penthouse in Ahmedabad,"Ahmedabad, GJ",Penthouse,3486,3,3,1986,WiFi,2671331
Premium Condo in Pune,"Pune, MH",Condo,4540,1,4,2024,"Gym,Pool,Parking,WiFi,Security",1431757
Premium Apartment in Chennai,"Chennai, TN",Apartment,4930,6,1,1981,"Garden,Gym,Pool,Parking,WiFi",1633425
Premium Penthouse in Delhi,"Delhi, DL",Penthouse,938,2,3,2010,"Gym,Parking,Pool,Security",1601245
Premium Townhouse in Kolkata,"Kolkata, WB",Townhouse,3910,4,1,1993,"WiFi,Security,Garden,Parking,Gym",1472323
Premium Villa in Mumbai,"Mumbai, MH",Villa,1612,2,4,2015,"Garden,Pool,Parking",1880081
Premium Apartment in Delhi,"Delhi, DL",Apartment,3684,4,4,1991,"Parking,Garden,Security,WiFi",2677723
Premium Penthouse in Kolkata,"Kolkata, WB",Penthouse,1777,3,2,1999,Parking,1497268
Premium Villa in Chennai,"Chennai, TN",Villa,1391,6,1,2001,"WiFi,Garden",1018717
Premium Condo in Bangalore,"Bangalore, KA",Condo,4222,2,1,1981,Security,2041071
Premium Apartment in Kolkata,"Kolkata, WB",Apartment,3463,5,2,2017,"Security,Pool,Parking,WiFi",1270088
Premium Condo in Ahmedabad,"Ahmedabad, GJ",Condo,3091,6,3,2013,"Gym,Security,WiFi,Parking,Garden",1164570
Premium Penthouse in Mumbai,"Mumbai, MH",Penthouse,955,4,2,1981,"Garden,Gym,Security,WiFi",2011294
Premium Condo in Pune,"Pune, MH",Condo,2975,2,3,2021,"Security,WiFi,Gym,Parking",1077914
Premium Villa in Delhi,"Delhi, DL",Villa,1380,5,1,2018,"Garden,Parking,Security",1866104
Premium Villa in Mumbai,"Mumbai, MH",Villa,3210,3,1,2012,"Gym,Security",3539649
Premium Villa in Kolkata,"Kolkata, WB",Villa,4359,6,3,2015,"Gym,WiFi,Garden,Pool",2585473
Premium Villa in Chennai,"Chennai, TN",Villa,3175,6,4,2001,Security,2044095
Premium Condo in Kolkata,"Kolkata, WB",Condo,2642,4,3,2002,"Parking,WiFi",1083559
Premium Penthouse in Ahmedabad,"Ahmedabad, GJ",Penthouse,2348,3,4,1986,"Pool,Gym,Security",1804549
Premium Apartment in Bangalore,"Bangalore, KA",Apartment,4577,3,4,2001,"Garden,Parking,WiFi,Gym,Pool",2165520
Premium Penthouse in Hyderabad,"Hyderabad, TS",Penthouse,3147,1,3,1985,"Garden,Parking,WiFi",1969390
Premium Villa in Pune,"Pune, MH",Villa,3161,1,3,1980,"Security,WiFi,Garden,Parking,Pool",1665817
Premium Penthouse in Pune,"Pune, MH",Penthouse,2003,4,1,2010,"Pool,Gym,Garden",1493386
Premium Townhouse in Kolkata,"Kolkata, WB",Townhouse,1689,3,3,1999,Gym,680821
Premium Penthouse in Bangalore,"Bangalore, KA",Penthouse,3540,6,2,1997,"Gym,Garden,Parking",4538084
Premium Villa in Ahmedabad,"Ahmedabad, GJ",Villa,951,4,3,1986,"Garden,Parking,Security",815261
Premium Townhouse in Ahmedabad,"Ahmedabad, GJ",Townhouse,1610,5,4,1999,"Gym,Pool,Garden,WiFi",781175
Premium Condo in Kolkata,"Kolkata, WB",Condo,3643,1,3,2003,"Garden,Parking",1267144
Premium Apartment in Delhi,"Delhi, DL",Apartment,4830,4,4,2010,"Garden,Security",3070105
Premium Apartment in Bangalore,"Bangalore, KA",Apartment,3313,2,2,2015,"Pool,Garden,Parking",1662573
Premium Townhouse in Bangalore,"Bangalore, KA",Townhouse,4410,4,3,2002,Parking,2389062
Premium Townhouse in Ahmedabad,"Ahmedabad, GJ",Townhouse,2593,4,1,2013,"Pool,Garden,Parking,WiFi,Security",982534
Premium Townhouse in Pune,"Pune, MH",Townhouse,3870,1,2,2015,"WiFi,Garden",1228560
Premium Villa in Hyderabad,"Hyderabad, TS",Villa,3168,6,3,2023,"WiFi,Garden,Pool,Gym,Security",1991562
Premium Townhouse in Pune,"Pune, MH",Townhouse,3456,1,2,2017,"Garden,WiFi,Pool",1164458
Premium Condo in Bangalore,"Bangalore, KA",Condo,3134,3,4,1981,"Security,Gym,Pool",1765996
Premium Condo in Kolkata,"Kolkata, WB",Condo,3255,6,4,1999,"Parking,Security",1270978
Premium Penthouse in Chennai,"Chennai, TN",Penthouse,3969,3,4,2021,WiFi,3053243
Premium Villa in Bangalore,"Bangalore, KA",Villa,3094,5,4,1984,"WiFi,Garden,Pool",2667801
Premium Townhouse in Pune,"Pune, MH",Townhouse,4856,5,4,2010,"Pool,WiFi,Garden",1609904
Premium Townhouse in Mumbai,"Mumbai, MH",Townhouse,670,1,3,2022,"Pool,Parking,Security",602249
Premium Apartment in Bangalore,"Bangalore, KA",Apartment,2376,6,4,2003,"Parking,Pool,Gym,Garden,Security",1742318
Premium Penthouse in Chennai,"Chennai, TN",Penthouse,3886,1,2,1993,"Security,Garden",2682205
Premium Penthouse in Delhi,"Delhi, DL",Penthouse,1124,4,1,1989,WiFi,1957241
Premium Apartment in Ahmedabad,"Ahmedabad, GJ",Apartment,4945,3,1,1997,"Security,Parking",1600797
Premium Penthouse in Mumbai,"Mumbai, MH",Penthouse,4285,6,4,2003,"Gym,WiFi,Parking,Pool",6338337
Premium Penthouse in Hyderabad,"Hyderabad, TS",Penthouse,4321,6,4,2011,Security,3631092
Premium Villa in Chennai,"Chennai, TN",Villa,2686,1,4,1984,"Pool,Gym,WiFi,Security",1459525
Premium Penthouse in Bangalore,"Bangalore, KA",Penthouse,2004,2,3,2011,"Pool,Security",2425367
Premium Villa in Pune,"Pune, MH",Villa,3611,2,3,2013,"Pool,Gym",1733432
Premium Villa in Mumbai,"Mumbai, MH",Villa,3296,5,4,2023,"WiFi,Security,Garden,Gym",4343731
Premium Apartment in Hyderabad,"Hyderabad, TS",Apartment,2615,1,2,2009,"Parking,Gym",804322
Premium Apartment in Bangalore,"Bangalore, KA",Apartment,2483,1,2,1999,"Security,WiFi",1206132
Premium Condo in Hyderabad,"Hyderabad, TS",Condo,777,3,1,1984,Garden,387167
Premium Condo in Kolkata,"Kolkata, WB",Condo,4165,6,2,2017,WiFi,1579155
Premium Penthouse in Chennai,"Chennai, TN",Penthouse,4310,5,2,1983,"WiFi,Garden,Security",3402238
Premium Penthouse in Kolkata,"Kolkata, WB",Penthouse,2708,3,3,1998,"Security,Gym,Garden,WiFi,Parking",2156274
Premium Townhouse in Ahmedabad,"Ahmedabad, GJ",Townhouse,906,4,3,1983,"Garden,Parking",502767
Premium Condo in Delhi,"Delhi, DL",Condo,4427,5,4,2014,"Parking,Security,WiFi,Gym,Pool",2787026
Premium Townhouse in Kolkata,"Kolkata, WB",Townhouse,1997,3,1,1990,WiFi,699125
Premium Villa in Mumbai,"Mumbai, MH",Villa,2807,1,1,2014,"WiFi,Garden,Gym,Pool,Security",2518901
Premium Condo in Pune,"Pune, MH",Condo,2647,5,3,2024,"Gym,Parking,WiFi,Security",1109662
Premium Apartment in Mumbai,"Mumbai, MH",Apartment,841,5,1,1983,"Security,WiFi",993211
Premium Penthouse in Pune,"Pune, MH",Penthouse,2140,1,3,2020,Gym,1485355
Premium Apartment in Kolkata,"Kolkata, WB",Apartment,2195,3,1,1990,"Gym,Pool,Security,Garden",806060
Premium Apartment in Mumbai,"Mumbai, MH",Apartment,3841,1,2,2017,"Pool,Garden",2532505
Premium Apartment in Delhi,"Delhi, DL",Apartment,1061,5,1,1998,"Parking,Pool,Garden,WiFi",1063915
Premium Condo in Delhi,"Delhi, DL",Condo,3335,6,2,1984,Security,2360434
Premium Apartment in Kolkata,"Kolkata, WB",Apartment,4667,3,2,1992,"Parking,Pool,Security",1717066
Premium Penthouse in Delhi,"Delhi, DL",Penthouse,877,1,1,1995,"Pool,Security,Parking,Gym",1148543
Premium Penthouse in Mumbai,"Mumbai, MH",Penthouse,2896,3,4,1998,"Gym,Pool,Parking",4554799
Premium Villa in Bangalore,"Bangalore, KA",Villa,2469,2,1,1984,"Security,WiFi",1872342
Premium Townhouse in Pune,"Pune, MH",Townhouse,2727,4,2,1996,"Garden,Parking,WiFi,Gym",1002379
Premium Villa in Bangalore,"Bangalore, KA",Villa,4764,2,4,1983,"Security,Pool,Parking,WiFi,Garden",3526503
Premium Condo in Mumbai,"Mumbai, MH",Condo,3420,5,3,1980,"Garden,Gym,WiFi,Parking",2570817
Premium Townhouse in Hyderabad,"Hyderabad, TS",Townhouse,1753,2,3,2024,"Security,Parking,WiFi,Pool",691836
Premium Villa in Chennai,"Chennai, TN",Villa,2823,2,2,2012,Gym,1514996
Premium Villa in Pune,"Pune, MH",Villa,1164,1,4,2015,"Security,WiFi,Gym",684906
Premium Condo in Pune,"Pune, MH",Condo,871,6,3,1998,WiFi,621713
Premium Condo in Bangalore,"Bangalore, KA",Condo,1348,1,3,2012,"Garden,Parking,Gym,Security",802274
Premium Condo in Delhi,"Delhi, DL",Condo,4085,4,1,2016,"Pool,WiFi,Gym,Security,Garden",2559943
Premium Apartment in Pune,"Pune, MH",Apartment,3527,3,4,2016,WiFi,1350291
Premium Condo in Delhi,"Delhi, DL",Condo,1637,4,3,1985,"Gym,Garden,WiFi,Pool,Parking",1388889
Premium Condo in Pune,"Pune, MH",Condo,947,3,2,1995,Garden,457656
Premium Townhouse in Ahmedabad,"Ahmedabad, GJ",Townhouse,1313,2,3,1989,"Gym,Pool",513664
Premium Townhouse in Delhi,"Delhi, DL",Townhouse,2087,2,4,1984,"Pool,WiFi,Security,Gym",1504335
Premium Penthouse in Hyderabad,"Hyderabad, TS",Penthouse,2857,1,1,2015,"Garden,Gym,Security",1860352
Premium Penthouse in Chennai,"Chennai, TN",Penthouse,4348,6,4,2004,"Parking,WiFi,Security,Garden,Pool",3499408
Premium Condo in Hyderabad,"Hyderabad, TS",Condo,2736,1,3,2007,"Security,Gym,WiFi",999459
Premium Apartment in Bangalore,"Bangalore, KA",Apartment,2611,6,4,2024,"Gym,Parking",1792764
Premium Townhouse in Pune,"Pune, MH",Townhouse,729,2,2,2002,"WiFi,Gym,Parking,Pool",377657
Premium Townhouse in Mumbai,"Mumbai, MH",Townhouse,4063,6,4,2022,Security,3451981
Premium Villa in Bangalore,"Bangalore, KA",Villa,2761,5,3,1985,"Security,Gym,WiFi,Parking",2756344
Premium Apartment in Chennai,"Chennai, TN",Apartment,709,5,4,2021,"Security,Garden",519818
Premium Villa in Delhi,"Delhi, DL",Villa,4520,3,2,1995,"Garden,Security,Pool,Gym,Parking",3855566
Premium Condo in Bangalore,"Bangalore, KA",Condo,1281,2,3,2014,"Security,Parking,WiFi,Gym,Garden",767939
Premium Penthouse in Mumbai,"Mumbai, MH",Penthouse,4115,5,4,1989,"Parking,Pool,Garden",5805436
Premium Condo in Chennai,"Chennai, TN",Condo,3970,6,1,2023,"Security,Gym,Garden",1595715
Premium Villa in Ahmedabad,"Ahmedabad, GJ",Villa,2676,5,4,1993,"Security,Pool,Parking,Garden",1736069
Premium Penthouse in Delhi,"Delhi, DL",Penthouse,3113,1,2,1998,"Pool,Gym,Garden,WiFi",4020631
Premium Apartment in Bangalore,"Bangalore, KA",Apartment,3603,1,1,1991,"Gym,WiFi,Security,Parking,Pool",1764557
Premium Condo in Ahmedabad,"Ahmedabad, GJ",Condo,3333,1,1,1991,"Parking,WiFi,Security",1075373
Premium Apartment in Ahmedabad,"Ahmedabad, GJ",Apartment,4592,6,4,1991,"Garden,Security,Gym,Pool",1779493
Premium Villa in Delhi,"Delhi, DL",Villa,1233,6,3,1987,Garden,2006084
Premium Penthouse in Bangalore,"Bangalore, KA",Penthouse,3551,6,2,2020,"Gym,Pool,WiFi,Security",4464979
Premium Townhouse in Ahmedabad,"Ahmedabad, GJ",Townhouse,3592,3,3,1992,"Garden,Security",1217247
Premium Penthouse in Pune,"Pune, MH",Penthouse,3768,6,2,1996,"Parking,WiFi",2943706
Premium Villa in Kolkata,"Kolkata, WB",Villa,582,5,3,2022,"Gym,Pool,Security,WiFi",699940
Premium Condo in Hyderabad,"Hyderabad, TS",Condo,3581,1,1,2013,"WiFi,Garden,Gym,Pool,Security",1111368
Premium Apartment in Ahmedabad,"Ahmedabad, GJ",Apartment,3192,2,4,1981,Garden,1119770
Premium Condo in Mumbai,"Mumbai, MH",Condo,1937,4,2,1984,"Security,Gym,Pool,Parking",1761164
Premium Condo in Ahmedabad,"Ahmedabad, GJ",Condo,4291,2,1,1988,"WiFi,Garden",1308324
Premium Apartment in Kolkata,"Kolkata, WB",Apartment,1061,4,3,1998,"WiFi,Gym,Garden",554251
Premium Townhouse in Ahmedabad,"Ahmedabad, GJ",Townhouse,2159,3,4,1989,"WiFi,Pool,Parking",860472
Premium Villa in Delhi,"Delhi, DL",Villa,2616,6,2,1983,"Security,Gym,WiFi,Parking",2828334
Premium Villa in Mumbai,"Mumbai, MH",Villa,3655,2,4,2019,Security,3464723
Premium Condo in Ahmedabad,"Ahmedabad, GJ",Condo,3244,4,4,1985,"WiFi,Pool,Gym,Garden,Security",1288581
Premium Penthouse in Mumbai,"Mumbai, MH",Penthouse,3227,3,4,2020,"Parking,Garden",4590158
Premium Penthouse in Mumbai,"Mumbai, MH",Penthouse,1923,5,4,1983,"Security,Garden,Parking",3604815
Premium Condo in Pune,"Pune, MH",Condo,4881,4,1,1984,"Gym,Security",1741613
Premium Condo in Pune,"Pune, MH",Condo,3812,6,2,2018,Security,1411104
Premium Townhouse in Kolkata,"Kolkata, WB",Townhouse,1468,4,4,1993,"Pool,WiFi",753435
Premium Villa in Kolkata,"Kolkata, WB",Villa,1611,3,2,1982,"Pool,Parking",1083781
Premium Penthouse in Pune,"Pune, MH",Penthouse,708,6,2,2002,"Parking,Gym",1208806
Premium Apartment in Bangalore,"Bangalore, KA",Apartment,2703,2,4,2011,"Pool,Garden",1619869
Premium Condo in Hyderabad,"Hyderabad, TS",Condo,4721,4,1,2014,"Parking,Gym,Security,Garden,Pool",1543697
Premium Apartment in Delhi,"Delhi, DL",Apartment,4729,2,3,2001,Parking,3023628
Premium Villa in Bangalore,"Bangalore, KA",Villa,3248,1,1,2002,"WiFi,Pool,Gym,Garden",2431696
Premium Townhouse in Kolkata,"Kolkata, WB",Townhouse,3054,5,1,2022,"Garden,Pool,Parking",1217417
Premium Townhouse in Ahmedabad,"Ahmedabad, GJ",Townhouse,941,6,1,2011,Garden,551537
Premium Villa in Delhi,"Delhi, DL",Villa,834,4,4,1987,"Parking,WiFi,Gym",1493127
Premium Penthouse in Delhi,"Delhi, DL",Penthouse,3871,1,4,1985,Gym,4718791
Premium Apartment in Kolkata,"Kolkata, WB",Apartment,3848,2,4,2021,"WiFi,Gym",1411184
Premium Penthouse in Mumbai,"Mumbai, MH",Penthouse,1897,6,4,2014,"Security,Garden,Gym,Parking,WiFi",3798356
Premium Villa in Chennai,"Chennai, TN",Villa,918,4,1,1990,"Parking,Gym",678446
Premium Condo in Hyderabad,"Hyderabad, TS",Condo,733,5,3,2022,"WiFi,Security",491969
Premium Villa in Bangalore,"Bangalore, KA",Villa,2635,5,4,1988,"Pool,Gym,Security",2531267
Premium Apartment in Delhi,"Delhi, DL",Apartment,1764,5,2,2001,"Gym,Security",1500656
Premium Townhouse in Hyderabad,"Hyderabad, TS",Townhouse,1410,5,1,2022,"Parking,Garden,Pool,WiFi",671257
Premium Villa in Chennai,"Chennai, TN",Villa,2451,2,1,2023,"Gym,Garden,Pool,Parking,WiFi",1236921
Premium Apartment in Pune,"Pune, MH",Apartment,561,3,4,2007,Parking,361125
Premium Condo in Mumbai,"Mumbai, MH",Condo,3389,6,2,2021,"Security,Garden",2839182
Premium Villa in Pune,"Pune, MH",Villa,3351,1,1,2021,"WiFi,Gym,Pool,Security",1766194
Premium Condo in Bangalore,"Bangalore, KA",Condo,3954,6,1,2020,"Security,Gym,Pool,WiFi,Garden",2142942
Premium Penthouse in Bangalore,"Bangalore, KA",Penthouse,4362,3,4,2003,Pool,5031257
Premium Condo in Ahmedabad,"Ahmedabad, GJ",Condo,2316,1,2,2007,"Security,Pool,Parking,WiFi,Gym",744235
Premium Condo in Chennai,"Chennai, TN",Condo,927,2,4,2002,"Pool,Gym",473763
Premium Townhouse in Bangalore,"Bangalore, KA",Townhouse,4924,5,3,2015,"Parking,WiFi,Pool,Gym",2462445
Premium Villa in Kolkata,"Kolkata, WB",Villa,1756,1,4,1987,Parking,899767
Premium Apartment in Kolkata,"Kolkata, WB",Apartment,2146,4,4,2016,"Gym,Security,WiFi,Parking",874593
Premium Penthouse in Chennai,"Chennai, TN",Penthouse,3741,6,4,2006,"Parking,Gym,WiFi,Pool,Security",3267027
Premium Condo in Mumbai,"Mumbai, MH",Condo,3646,5,3,2010,"Gym,Security,Pool,Garden",2728792
Premium Condo in Chennai,"Chennai, TN",Condo,1421,5,1,2016,"Pool,WiFi",761921
Premium Apartment in Bangalore,"Bangalore, KA",Apartment,2712,2,4,2002,"Parking,WiFi",1633653
Premium Penthouse in Pune,"Pune, MH",Penthouse,1922,2,3,1985,"Security,Garden,Pool",1612227
Premium Villa in Delhi,"Delhi, DL",Villa,3432,3,3,1988,"Gym,Parking,Pool,WiFi,Garden",3032344
Premium Villa in Hyderabad,"Hyderabad, TS",Villa,3659,3,3,1985,"Garden,Parking,Security,Gym,Pool",2039356
Premium Apartment in Hyderabad,"Hyderabad, TS",Apartment,4993,2,2,2011,"WiFi,Gym,Parking",1754742
Premium Apartment in Mumbai,"Mumbai, MH",Apartment,4882,3,2,1986,Gym,3032746
Premium Condo in Ahmedabad,"Ahmedabad, GJ",Condo,1618,3,1,2002,"Security,Pool,Gym",654550
Premium Apartment in Hyderabad,"Hyderabad, TS",Apartment,572,5,2,2024,"Pool,Parking,Garden",432522
Premium Condo in Delhi,"Delhi, DL",Condo,2761,6,2,2016,"Security,WiFi,Parking",1936116
Premium Villa in Mumbai,"Mumbai, MH",Villa,1367,2,1,1992,Garden,1737352
Premium Penthouse in Ahmedabad,"Ahmedabad, GJ",Penthouse,2660,1,2,2021,Garden,1743890
Premium Penthouse in Pune,"Pune, MH",Penthouse,1970,4,4,1988,"Parking,Pool,Gym,Security",1682559
Premium Condo in Ahmedabad,"Ahmedabad, GJ",Condo,3737,6,3,2024,"Garden,Gym,WiFi,Security",1554101
Premium Apartment in Bangalore,"Bangalore, KA",Apartment,3026,2,2,2009,Garden,1554241
Premium Apartment in Mumbai,"Mumbai, MH",Apartment,792,2,1,2009,Parking,676583
Premium Condo in Mumbai,"Mumbai, MH",Condo,2926,6,3,2023,"WiFi,Parking,Security",2585515
Premium Villa in Delhi,"Delhi, DL",Villa,3146,5,3,2001,"Garden,Pool",3293557
Premium Penthouse in Delhi,"Delhi, DL",Penthouse,2286,2,1,1983,"Garden,Gym,Parking",2783246
Premium Penthouse in Kolkata,"Kolkata, WB",Penthouse,1527,4,3,2014,"Garden,WiFi,Security,Parking",1496951
Premium Townhouse in Ahmedabad,"Ahmedabad, GJ",Townhouse,1088,6,4,2008,"Garden,WiFi,Security",725235
Premium Condo in Chennai,"Chennai, TN",Condo,1031,4,4,2007,"Garden,Security,Gym,WiFi,Pool",546928
Premium Townhouse in Hyderabad,"Hyderabad, TS",Townhouse,4040,6,4,2003,"Garden,Gym,WiFi",1521316
Premium Penthouse in Ahmedabad,"Ahmedabad, GJ",Penthouse,1067,4,4,2019,"Garden,WiFi",1201023
Premium Condo in Kolkata,"Kolkata, WB",Condo,2430,5,4,2013,Security,1063478
Premium Condo in Hyderabad,"Hyderabad, TS",Condo,3011,1,2,2005,"Gym,Garden",914212
Premium Penthouse in Mumbai,"Mumbai, MH",Penthouse,2143,1,4,2017,"WiFi,Parking,Pool,Gym",3011873
Premium Condo in Bangalore,"Bangalore, KA",Condo,3407,1,4,1981,Gym,1888171
Premium Penthouse in Chennai,"Chennai, TN",Penthouse,1412,5,4,2013,"Garden,Parking,Security,Gym,Pool",1549759
Premium Condo in Pune,"Pune, MH",Condo,3116,5,1,1988,"WiFi,Garden,Parking,Gym",1270835
Premium Apartment in Bangalore,"Bangalore, KA",Apartment,1448,1,2,2022,"Pool,Gym,Garden",811670
Premium Villa in Bangalore,"Bangalore, KA",Villa,591,4,1,1985,"WiFi,Parking",971812
Premium Penthouse in Pune,"Pune, MH",Penthouse,1699,6,1,2001,"WiFi,Pool,Garden",1778957
Premium Penthouse in Pune,"Pune, MH",Penthouse,999,4,4,2020,"Pool,Garden,Gym",1269795
Premium Condo in Ahmedabad,"Ahmedabad, GJ",Condo,4751,3,3,2009,"Pool,Parking,Gym,WiFi",1532053
Premium Penthouse in Mumbai,"Mumbai, MH",Penthouse,2321,4,2,2020,"WiFi,Parking,Security",4010032
Premium Condo in Chennai,"Chennai, TN",Condo,3475,4,2,2021,"Security,Garden,WiFi",1304508
Premium Villa in Pune,"Pune, MH",Villa,2737,1,3,2006,"Parking,WiFi,Garden,Gym,Pool",1259487
Premium Condo in Chennai,"Chennai, TN",Condo,3633,1,3,2018,"Gym,Parking,Garden",1101415
Premium Condo in Mumbai,"Mumbai, MH",Condo,2670,6,2,2000,"Gym,Parking",2402562
Premium Condo in Mumbai,"Mumbai, MH",Condo,2823,3,4,2005,"Security,Parking,WiFi,Gym",2097616
Premium Townhouse in Mumbai,"Mumbai, MH",Townhouse,4700,4,2,1991,"Gym,Garden,Parking",3123527
Premium Condo in Bangalore,"Bangalore, KA",Condo,4863,3,2,2023,WiFi,2371840
Premium Penthouse in Hyderabad,"Hyderabad, TS",Penthouse,2639,6,4,1985,"WiFi,Gym,Pool",2119067
Premium Apartment in Bangalore,"Bangalore, KA",Apartment,3836,1,4,2011,"WiFi,Pool,Security",1966251
Premium Condo in Mumbai,"Mumbai, MH",Condo,692,2,1,1985,"Pool,Gym,Security",660942
Premium Villa in Mumbai,"Mumbai, MH",Villa,3007,6,3,2020,Parking,3957287
Premium Apartment in Mumbai,"Mumbai, MH",Apartment,3849,2,2,2004,"Garden,Pool,Parking",2358480
Premium Villa in Ahmedabad,"Ahmedabad, GJ",Villa,846,1,2,1985,Parking,548340
Premium Villa in Chennai,"Chennai, TN",Villa,1013,1,1,1997,"Parking,Pool,Security,WiFi,Garden",509875
Premium Villa in Ahmedabad,"Ahmedabad, GJ",Villa,1662,1,4,1980,"Gym,Parking",866526
Premium Villa in Mumbai,"Mumbai, MH",Villa,1468,3,3,2024,"Security,Pool",1850919
Premium Apartment in Pune,"Pune, MH",Apartment,938,4,1,2006,Security,518009
Premium Townhouse in Pune,"Pune, MH",Townhouse,4955,6,3,2006,"Parking,Gym,Pool",1951275
Premium Apartment in Chennai,"Chennai, TN",Apartment,775,5,2,2009,"Garden,WiFi,Security,Parking,Gym",536123
Premium Apartment in Bangalore,"Bangalore, KA",Apartment,2550,1,1,2000,"Garden,Gym",1330611
Premium Villa in Chennai,"Chennai, TN",Villa,3350,6,3,2024,Gym,1935318
Premium Villa in Delhi,"Delhi, DL",Villa,926,4,2,1983,"Security,WiFi",1285897
Premium Apartment in Bangalore,"Bangalore, KA",Apartment,655,6,4,1987,"Garden,Parking",780144
Premium Townhouse in Chennai,"Chennai, TN",Townhouse,4153,2,4,2011,"Gym,Security,Parking",1319118
Premium Townhouse in Hyderabad,"Hyderabad, TS",Townhouse,3785,4,4,2018,"Pool,Garden,Security,Gym",1441488
Premium Condo in Kolkata,"Kolkata, WB",Condo,2340,3,2,2010,"Pool,Gym,Security,Parking,Garden",824429
Premium Condo in Chennai,"Chennai, TN",Condo,1668,5,2,1994,Garden,715864
Premium Condo in Ahmedabad,"Ahmedabad, GJ",Condo,2008,2,2,2017,"Garden,Security",754655
Premium Apartment in Hyderabad,"Hyderabad, TS",Apartment,4666,1,2,2006,"Parking,Garden,Security,WiFi",1571314
Premium Penthouse in Bangalore,"Bangalore, KA",Penthouse,3263,1,1,1995,"Garden,Pool,WiFi,Gym,Security",3260220
Premium Villa in Mumbai,"Mumbai, MH",Villa,4480,3,2,2010,"Parking,Gym,WiFi",4824569
Premium Condo in Kolkata,"Kolkata, WB",Condo,4609,6,2,2008,"Security,Garden,Pool,Gym",1887575
Premium Penthouse in Delhi,"Delhi, DL",Penthouse,2247,4,2,1983,Garden,3555175
Premium Condo in Kolkata,"Kolkata, WB",Condo,1285,1,3,1987,"Pool,Gym",489221
Premium Penthouse in Hyderabad,"Hyderabad, TS",Penthouse,2667,6,1,1981,"Gym,Parking,WiFi",2037037
Premium Condo in Bangalore,"Bangalore, KA",Condo,4737,2,3,2014,"Pool,WiFi,Garden,Security,Parking",2393872
Premium Penthouse in Kolkata,"Kolkata, WB",Penthouse,4775,2,4,1984,"Gym,Garden,Pool,Security,Parking",3361191
Premium Townhouse in Chennai,"Chennai, TN",Townhouse,704,6,1,1999,"Garden,Pool",519115
Premium Condo in Delhi,"Delhi, DL",Condo,4881,4,4,2002,Pool,3224722
Premium Apartment in Ahmedabad,"Ahmedabad, GJ",Apartment,2537,2,2,2010,"Garden,WiFi,Gym,Security",823896
Premium Apartment in Kolkata,"Kolkata, WB",Apartment,2439,3,2,1983,"Parking,Security,WiFi",952155
Premium Condo in Delhi,"Delhi, DL",Condo,3933,4,3,1993,"WiFi,Pool,Parking",2388963
Premium Condo in Kolkata,"Kolkata, WB",Condo,2153,1,2,1996,Garden,686092
Premium Apartment in Hyderabad,"Hyderabad, TS",Apartment,4716,1,2,2004,"Pool,Gym,WiFi,Security,Garden",1549255
Premium Penthouse in Hyderabad,"Hyderabad, TS",Penthouse,1126,4,1,2010,"Parking,Garden,Gym,Security,Pool",1184518
Premium Condo in Ahmedabad,"Ahmedabad, GJ",Condo,1691,2,4,2016,"Pool,Gym,Security",733019
Premium Penthouse in Ahmedabad,"Ahmedabad, GJ",Penthouse,4616,4,1,2017,"Gym,Pool",3053795
Premium Apartment in Mumbai,"Mumbai, MH",Apartment,766,2,1,1996,"Pool,Garden,Security,WiFi",644657
Premium Penthouse in Pune,"Pune, MH",Penthouse,2757,1,4,1989,WiFi,1791666
Premium Townhouse in Chennai,"Chennai, TN",Townhouse,2172,4,3,1980,Security,875808
Premium Villa in Hyderabad,"Hyderabad, TS",Villa,1032,5,1,2009,"Pool,Garden",850738
Premium Condo in Pune,"Pune, MH",Condo,2399,5,2,2024,"Parking,Pool",948177
Premium Townhouse in Kolkata,"Kolkata, WB",Townhouse,3799,1,4,1983,"Gym,Security,Pool,Garden,WiFi",1326121
Premium Apartment in Kolkata,"Kolkata, WB",Apartment,2587,5,2,2003,"Pool,Garden",985093
Premium Penthouse in Chennai,"Chennai, TN",Penthouse,4506,6,4,2010,"Garden,WiFi",3804007
Premium Apartment in Hyderabad,"Hyderabad, TS",Apartment,4723,2,1,1997,"WiFi,Pool,Security,Parking,Gym",1495785
Premium Apartment in Kolkata,"Kolkata, WB",Apartment,3888,3,4,2008,"Parking,Pool,Security,Gym,WiFi",1343296
Premium Townhouse in Ahmedabad,"Ahmedabad, GJ",Townhouse,3320,6,1,2010,"Parking,Gym,Garden,WiFi,Pool",1357052
Premium Townhouse in Mumbai,"Mumbai, MH",Townhouse,3967,5,2,2019,"WiFi,Security,Gym,Garden",3221932
Premium Condo in Chennai,"Chennai, TN",Condo,3673,6,1,1988,"Security,Gym,WiFi,Pool",1404134
Premium Penthouse in Bangalore,"Bangalore, KA",Penthouse,2352,6,4,2008,Garden,3170703
Premium Townhouse in Ahmedabad,"Ahmedabad, GJ",Townhouse,901,4,4,1982,WiFi,538443
Premium Townhouse in Chennai,"Chennai, TN",Townhouse,2466,6,3,1993,"Gym,Pool,Garden,Security",1097163
Premium Villa in Ahmedabad,"Ahmedabad, GJ",Villa,2692,3,4,2008,"Gym,WiFi,Garden,Security,Parking",1623593
Premium Condo in Ahmedabad,"Ahmedabad, GJ",Condo,1357,4,4,2002,"Garden,Pool,Gym,Security,WiFi",649423
Premium Villa in Ahmedabad,"Ahmedabad, GJ",Villa,1048,5,2,2005,"Garden,Pool,Parking",893383
Premium Townhouse in Pune,"Pune, MH",Townhouse,1664,2,4,1983,"Security,WiFi,Gym,Parking",680681
Premium Penthouse in Chennai,"Chennai, TN",Penthouse,3031,5,3,2023,"WiFi,Gym",2357942
Premium Townhouse in Ahmedabad,"Ahmedabad, GJ",Townhouse,1857,3,2,2023,"WiFi,Security",732173
Premium Villa in Bangalore,"Bangalore, KA",Villa,1910,1,4,1991,"Gym,Security,Pool",1671546
Premium Villa in Pune,"Pune, MH",Villa,853,5,3,2021,"Pool,Garden,Gym,WiFi,Security",834495
Premium Villa in Chennai,"Chennai, TN",Villa,4361,4,3,2000,Garden,2383428
Premium Penthouse in Ahmedabad,"Ahmedabad, GJ",Penthouse,2992,1,4,2000,"Security,Garden,WiFi",2241626
Premium Condo in Mumbai,"Mumbai, MH",Condo,3922,3,4,2019,Security,2733303
Premium Villa in Delhi,"Delhi, DL",Villa,4489,5,2,2024,"WiFi,Gym,Security,Pool,Parking",4040969
Premium Penthouse in Kolkata,"Kolkata, WB",Penthouse,4972,1,2,1982,"Gym,WiFi",2933245
Premium Villa in Hyderabad,"Hyderabad, TS",Villa,3215,4,4,2007,Parking,1820065
Premium Townhouse in Kolkata,"Kolkata, WB",Townhouse,1941,1,3,1983,"Parking,Gym,Security,Pool,WiFi",709312
Premium Apartment in Chennai,"Chennai, TN",Apartment,2010,3,4,2000,"Security,Garden,Pool,WiFi,Parking",792115
Premium Apartment in Chennai,"Chennai, TN",Apartment,1081,2,2,2008,"Parking,Gym,WiFi,Pool",502090
Premium Condo in Kolkata,"Kolkata, WB",Condo,3144,2,2,1986,"Parking,WiFi,Gym,Security,Garden",1076118
Premium Condo in Mumbai,"Mumbai, MH",Condo,3279,6,3,2015,"Security,Garden,WiFi",2565857
Premium Penthouse in Chennai,"Chennai, TN",Penthouse,1977,6,1,1994,"WiFi,Pool",1770640
Premium Condo in Pune,"Pune, MH",Condo,3364,4,3,2008,"Security,Parking,Pool,WiFi",1265347
Premium Townhouse in Delhi,"Delhi, DL",Townhouse,4854,5,1,2000,"Garden,Pool,WiFi,Security",3225431
Premium Villa in Chennai,"Chennai, TN",Villa,3287,4,4,2007,"WiFi,Security,Garden",1735059
Premium Townhouse in Kolkata,"Kolkata, WB",Townhouse,3861,4,3,1980,WiFi,1338658
Premium Villa in Hyderabad,"Hyderabad, TS",Villa,2000,2,4,2010,"WiFi,Gym,Parking",1207631
Premium Penthouse in Delhi,"Delhi, DL",Penthouse,4003,4,2,2011,"Garden,Pool",4798041
Premium Townhouse in Chennai,"Chennai, TN",Townhouse,3269,6,3,2013,Security,1464643
Premium Apartment in Pune,"Pune, MH",Apartment,1952,5,4,1999,"Pool,Security",936097
Premium Penthouse in Delhi,"Delhi, DL",Penthouse,1748,2,1,1995,"Pool,Security",2166615
Premium Townhouse in Bangalore,"Bangalore, KA",Townhouse,1377,5,1,2016,Security,934680
Premium Apartment in Bangalore,"Bangalore, KA",Apartment,3576,3,1,1999,"Gym,WiFi,Parking,Security,Garden",1757078
Premium Townhouse in Pune,"Pune, MH",Townhouse,3073,5,2,1999,"Pool,Gym",1195799
Premium Townhouse in Mumbai,"Mumbai, MH",Townhouse,3900,5,3,2004,"Security,Gym,Parking,Pool,WiFi",2695085
Premium Penthouse in Delhi,"Delhi, DL",Penthouse,3817,4,1,1982,"Garden,Gym,Security,WiFi",4560715
Premium Condo in Ahmedabad,"Ahmedabad, GJ",Condo,3983,5,3,1982,"Parking,Security,Gym",1472264
Premium Penthouse in Pune,"Pune, MH",Penthouse,4320,1,3,2002,"Pool,Gym,Garden,WiFi",2654571
Premium Condo in Delhi,"Delhi, DL",Condo,2571,1,3,2012,"Pool,Garden,Gym",1466630
Premium Condo in Mumbai,"Mumbai, MH",Condo,4282,5,1,1999,"Pool,Garden",3407242
Premium Condo in Ahmedabad,"Ahmedabad, GJ",Condo,1250,6,3,2021,"Pool,Garden,WiFi,Security",754649
Premium Villa in Bangalore,"Bangalore, KA",Villa,3920,1,2,2013,"Security,Parking,Garden,Gym,Pool",2820219
Premium Penthouse in Pune,"Pune, MH",Penthouse,4501,6,2,1985,"WiFi,Garden,Gym",3351048
Premium Apartment in Kolkata,"Kolkata, WB",Apartment,2896,5,3,2009,WiFi,1218221
Premium Townhouse in Ahmedabad,"Ahmedabad, GJ",Townhouse,4717,3,3,1990,Pool,1576535
Premium Townhouse in Chennai,"Chennai, TN",Townhouse,3296,6,4,2011,"Garden,Pool,Security,Gym",1291468
Premium Condo in Bangalore,"Bangalore, KA",Condo,3650,5,3,2003,"Gym,Pool,Garden,Parking,Security",1961666
Premium Townhouse in Bangalore,"Bangalore, KA",Townhouse,4012,1,1,2009,"WiFi,Gym,Pool",2006864
Premium Townhouse in Delhi,"Delhi, DL",Townhouse,2700,1,3,2008,"WiFi,Gym,Garden,Parking",1699936
Premium Condo in Ahmedabad,"Ahmedabad, GJ",Condo,656,3,1,1987,"Parking,Security",378645
Premium Villa in Ahmedabad,"Ahmedabad, GJ",Villa,3394,5,2,2020,"Parking,WiFi",2147130
Premium Penthouse in Delhi,"Delhi, DL",Penthouse,2228,2,2,2005,"Security,WiFi,Garden",2835928
Premium Penthouse in Mumbai,"Mumbai, MH",Penthouse,4324,6,1,1986,"Gym,Pool,Parking,Security,Garden",6929971
Premium Penthouse in Ahmedabad,"Ahmedabad, GJ",Penthouse,4326,2,1,2024,"Parking,Security,Pool,WiFi,Garden",2566860
Premium Townhouse in Hyderabad,"Hyderabad, TS",Townhouse,578,2,3,2017,"Parking,Pool,Garden,WiFi",346205
Premium Condo in Hyderabad,"Hyderabad, TS",Condo,4781,3,1,2005,"Gym,Parking,Garden",1695196
Premium Townhouse in Hyderabad,"Hyderabad, TS",Townhouse,4972,6,1,2018,"Pool,WiFi,Parking,Gym,Security",1800772
Premium Townhouse in Delhi,"Delhi, DL",Townhouse,3300,5,1,2022,"Parking,Garden,Pool,Gym,WiFi",2115604
Premium Townhouse in Chennai,"Chennai, TN",Townhouse,2281,5,3,1987,"WiFi,Pool",952768
Premium Condo in Bangalore,"Bangalore, KA",Condo,1288,4,3,2012,WiFi,883965
Premium Apartment in Pune,"Pune, MH",Apartment,4065,6,4,1990,Pool,1601756
Premium Penthouse in Ahmedabad,"Ahmedabad, GJ",Penthouse,2376,6,1,1997,"Garden,WiFi",2235871
Premium Condo in Kolkata,"Kolkata, WB",Condo,2407,6,3,1980,"Parking,Garden,Gym",1026965
Premium Condo in Ahmedabad,"Ahmedabad, GJ",Condo,3668,3,2,2020,"Gym,Garden,Security",1343566
Premium Townhouse in Chennai,"Chennai, TN",Townhouse,4651,6,3,2001,WiFi,1870504
Premium Villa in Kolkata,"Kolkata, WB",Villa,4268,6,3,2013,Security,2502858
Premium Condo in Pune,"Pune, MH",Condo,3056,1,1,1990,"Security,Garden",902359
Premium Villa in Delhi,"Delhi, DL",Villa,4369,5,2,1980,"Garden,Gym,Security",4120333
Premium Townhouse in Delhi,"Delhi, DL",Townhouse,2806,2,1,2020,"Gym,Pool,WiFi,Garden",1892191
Premium Penthouse in Kolkata,"Kolkata, WB",Penthouse,3696,2,2,1985,"Parking,WiFi,Garden",2513088
Premium Apartment in Bangalore,"Bangalore, KA",Apartment,3096,6,4,2021,"Garden,Parking,Pool,Security,Gym",2090910
Premium Townhouse in Bangalore,"Bangalore, KA",Townhouse,1276,4,4,2018,"Garden,Pool,Gym,Security",1004568
Premium Apartment in Delhi,"Delhi, DL",Apartment,3658,5,4,2015,"Parking,Garden,WiFi,Pool,Security",2472165
Premium Villa in Ahmedabad,"Ahmedabad, GJ",Villa,543,5,3,2005,"Parking,Garden,Security,WiFi",647455
Premium Townhouse in Ahmedabad,"Ahmedabad, GJ",Townhouse,847,1,2,1998,"Parking,WiFi,Security",322852
Premium Villa in Chennai,"Chennai, TN",Villa,3828,1,3,2023,"Garden,Security",1819349
Premium Villa in Kolkata,"Kolkata, WB",Villa,663,2,2,1998,Parking,498202
Premium Villa in Bangalore,"Bangalore, KA",Villa,1398,5,2,1991,"Garden,WiFi,Pool,Parking,Gym",1572193
Premium Penthouse in Bangalore,"Bangalore, KA",Penthouse,3350,2,2,1985,"Security,WiFi,Parking",3646251
Premium Apartment in Chennai,"Chennai, TN",Apartment,3785,1,2,2013,"Gym,Pool,Security,Garden",1130275
Premium Condo in Hyderabad,"Hyderabad, TS",Condo,2490,5,2,2006,"Parking,Security,Garden,WiFi",1089132
Premium Townhouse in Kolkata,"Kolkata, WB",Townhouse,2411,2,1,2010,Parking,765866
Premium Townhouse in Pune,"Pune, MH",Townhouse,877,4,1,1980,"Parking,Gym,Security,Garden,Pool",497995
Premium Villa in Delhi,"Delhi, DL",Villa,2817,3,3,2020,"Garden,Security",2851580
Premium Townhouse in Chennai,"Chennai, TN",Townhouse,3271,4,3,2002,"WiFi,Parking,Garden,Security",1208331
Premium Townhouse in Delhi,"Delhi, DL",Townhouse,4648,1,2,1999,WiFi,2886441
Premium Villa in Kolkata,"Kolkata, WB",Villa,4123,5,3,1987,Garden,2478491
Premium Penthouse in Chennai,"Chennai, TN",Penthouse,2287,3,2,1999,"Security,Pool,WiFi",1842566
Premium Apartment in Bangalore,"Bangalore, KA",Apartment,4211,5,4,1986,Parking,2606669
Premium Villa in Delhi,"Delhi, DL",Villa,3495,1,3,1983,"Gym,Garden",3361728
Premium Apartment in Delhi,"Delhi, DL",Apartment,2401,6,2,1991,"WiFi,Pool",1909736
Premium Villa in Hyderabad,"Hyderabad, TS",Villa,1095,3,4,1995,"Gym,Pool,Garden",767250
Premium Townhouse in Kolkata,"Kolkata, WB",Townhouse,1832,6,2,2010,"Gym,Parking,Pool,WiFi,Garden",844072
Premium Penthouse in Ahmedabad,"Ahmedabad, GJ",Penthouse,3282,5,2,2000,Parking,2769752
Premium Condo in Ahmedabad,"Ahmedabad, GJ",Condo,4424,4,1,1994,Security,1484946
Premium Apartment in Bangalore,"Bangalore, KA",Apartment,3231,3,3,2020,Parking,1913849
Premium Townhouse in Pune,"Pune, MH",Townhouse,668,6,2,1985,"Gym,Pool",551653
Premium Villa in Hyderabad,"Hyderabad, TS",Villa,2393,3,1,2007,"Security,Pool,WiFi,Garden",1408430
Premium Penthouse in Pune,"Pune, MH",Penthouse,4050,1,4,1985,"Gym,Parking,WiFi,Garden,Security",2950281
Premium Penthouse in Ahmedabad,"Ahmedabad, GJ",Penthouse,4660,3,2,2014,"Parking,Gym,Security,WiFi,Pool",2923194
Premium Townhouse in Delhi,"Delhi, DL",Townhouse,2582,5,3,2011,"WiFi,Security,Parking,Gym,Garden",1973628
Premium Townhouse in Ahmedabad,"Ahmedabad, GJ",Townhouse,1260,3,2,1991,"WiFi,Gym,Pool",542646
Premium Apartment in Chennai,"Chennai, TN",Apartment,1931,3,2,1984,"Security,Parking,WiFi",829264
Premium Apartment in Bangalore,"Bangalore, KA",Apartment,3892,3,3,2009,WiFi,1882183
Premium Condo in Pune,"Pune, MH",Condo,956,5,1,1999,"Security,Garden,Pool,WiFi",599560
Premium Villa in Ahmedabad,"Ahmedabad, GJ",Villa,4858,1,1,2013,Pool,2210750
Premium Villa in Delhi,"Delhi, DL",Villa,1383,3,4,1999,"Parking,Garden,Pool,Security",1718550
Premium Condo in Kolkata,"Kolkata, WB",Condo,1057,3,3,2009,Security,551987
Premium Condo in Delhi,"Delhi, DL",Condo,3896,2,4,1980,"Parking,Security,WiFi",2596967
Premium Condo in Chennai,"Chennai, TN",Condo,4897,6,2,2011,"Pool,Parking,Gym",1973436
Premium Townhouse in Mumbai,"Mumbai, MH",Townhouse,699,3,2,2024,"Security,Pool,Gym",849938
Premium Penthouse in Pune,"Pune, MH",Penthouse,3829,3,2,2012,"Parking,Gym,Garden,Pool,Security",2870411
Premium Villa in Pune,"Pune, MH",Villa,3967,6,3,2009,"Pool,Garden",2434716
Premium Townhouse in Pune,"Pune, MH",Townhouse,647,3,2,2006,"Security,WiFi,Pool",367389
Premium Villa in Pune,"Pune, MH",Villa,2160,1,3,2000,"Parking,WiFi,Security,Pool",1238918
Premium Townhouse in Kolkata,"Kolkata, WB",Townhouse,2710,4,2,2010,"Garden,Parking,Pool,Security,Gym",947708
Premium Condo in Ahmedabad,"Ahmedabad, GJ",Condo,2374,4,4,2014,"WiFi,Gym,Parking",961604
Premium Townhouse in Pune,"Pune, MH",Townhouse,3464,6,4,2024,"Garden,Pool",1559200
Premium Apartment in Kolkata,"Kolkata, WB",Apartment,1449,5,1,2021,"WiFi,Pool",713124
Premium Penthouse in Hyderabad,"Hyderabad, TS",Penthouse,3211,6,4,1985,"Parking,WiFi,Pool,Garden",2744750
Premium Condo in Chennai,"Chennai, TN",Condo,3808,2,4,2003,Security,1305206
Premium Penthouse in Kolkata,"Kolkata, WB",Penthouse,4401,5,3,1998,"Gym,WiFi",3531537
Premium Apartment in Kolkata,"Kolkata, WB",Apartment,4710,2,3,2009,Pool,1517874
Premium Villa in Kolkata,"Kolkata, WB",Villa,3725,3,4,2020,"Parking,Garden,WiFi,Gym,Security",2200239
Premium Villa in Bangalore,"Bangalore, KA",Villa,948,3,3,1988,"Parking,Pool",1103777
Premium Apartment in Mumbai,"Mumbai, MH",Apartment,2691,3,1,2018,"WiFi,Parking",2058308
Premium Apartment in Chennai,"Chennai, TN",Apartment,680,5,2,2023,Security,506834
Premium Villa in Ahmedabad,"Ahmedabad, GJ",Villa,1168,1,1,2023,"Garden,Gym,Security,Parking",593944
Premium Townhouse in Delhi,"Delhi, DL",Townhouse,3756,1,3,1985,"Pool,Security",2194973
Premium Villa in Chennai,"Chennai, TN",Villa,2858,5,1,2015,"Security,Parking",1779386
Premium Penthouse in Bangalore,"Bangalore, KA",Penthouse,2991,6,2,1997,WiFi,3771664
Premium Townhouse in Bangalore,"Bangalore, KA",Townhouse,3137,5,3,2022,Pool,1699237
Premium Apartment in Bangalore,"Bangalore, KA",Apartment,2218,4,1,2009,"Garden,Gym,WiFi,Security",1419976
Premium Condo in Mumbai,"Mumbai, MH",Condo,1918,3,1,1980,"Parking,Security,WiFi,Garden,Gym",1549849
Premium Penthouse in Kolkata,"Kolkata, WB",Penthouse,962,5,4,2015,"Garden,Pool",1312727
Premium Villa in Delhi,"Delhi, DL",Villa,625,6,1,2006,"Gym,Parking,Pool,Security,WiFi",1263405
Premium Townhouse in Chennai,"Chennai, TN",Townhouse,4137,4,4,2004,"Pool,Gym,WiFi",1544383
Premium Penthouse in Ahmedabad,"Ahmedabad, GJ",Penthouse,1098,5,1,2016,"Parking,WiFi,Garden,Security",1286853
Premium Townhouse in Delhi,"Delhi, DL",Townhouse,3280,6,3,1998,"Parking,Security,Gym",2189035
Premium Townhouse in Ahmedabad,"Ahmedabad, GJ",Townhouse,4395,5,1,2020,Gym,1709020
Premium Condo in Mumbai,"Mumbai, MH",Condo,4139,6,2,1990,"WiFi,Garden,Pool",3119398
Premium Penthouse in Mumbai,"Mumbai, MH",Penthouse,4373,1,4,2012,"Pool,WiFi,Parking,Security",5618324
Premium Townhouse in Delhi,"Delhi, DL",Townhouse,1360,3,3,1985,"WiFi,Pool",1207415
Premium Condo in Bangalore,"Bangalore, KA",Condo,4173,6,2,1980,"WiFi,Pool",2248411
Premium Penthouse in Bangalore,"Bangalore, KA",Penthouse,1853,5,4,2016,Garden,2534552
Premium Apartment in Pune,"Pune, MH",Apartment,4436,1,2,1980,"Gym,Security,Pool",1482773
Premium Apartment in Hyderabad,"Hyderabad, TS",Apartment,3251,2,3,1988,Parking,1087812
Premium Villa in Delhi,"Delhi, DL",Villa,1572,6,1,2000,"Pool,Security,Garden,Gym",2341240
Premium Condo in Delhi,"Delhi, DL",Condo,2755,1,2,2023,"Parking,Security,Garden,Pool",1796076
Premium Townhouse in Mumbai,"Mumbai, MH",Townhouse,3116,2,2,2007,"Security,Garden,Pool,Parking,Gym",2185401
Premium Penthouse in Kolkata,"Kolkata, WB",Penthouse,4457,5,1,1989,Parking,3434655
Premium Townhouse in Bangalore,"Bangalore, KA",Townhouse,4091,4,1,2019,"WiFi,Pool,Parking",2108255
Premium Penthouse in Chennai,"Chennai, TN",Penthouse,2515,3,4,2016,"WiFi,Parking,Security,Garden,Gym",1848649
Premium Penthouse in Delhi,"Delhi, DL",Penthouse,3972,6,4,2009,Pool,6044231
Premium Condo in Kolkata,"Kolkata, WB",Condo,674,5,1,2007,"WiFi,Security",518467
Premium Condo in Pune,"Pune, MH",Condo,3699,1,4,2009,Security,1274626
Premium Penthouse in Pune,"Pune, MH",Penthouse,690,6,3,1985,"Parking,Security",1038773
Premium Condo in Mumbai,"Mumbai, MH",Condo,4945,5,1,2019,"Gym,Security,Parking,Garden,WiFi",3451505
Premium Villa in Ahmedabad,"Ahmedabad, GJ",Villa,1195,2,1,2024,"Pool,Parking,WiFi,Security,Garden",736487
Premium Townhouse in Bangalore,"Bangalore, KA",Townhouse,690,6,4,1996,"Gym,Garden,Parking,Pool,Security",866001
Premium Condo in Kolkata,"Kolkata, WB",Condo,4308,5,3,2003,"Parking,WiFi,Garden,Security,Pool",1749222
Premium Penthouse in Bangalore,"Bangalore, KA",Penthouse,3814,2,1,2002,"Pool,Security,Gym",3977015
Premium Condo in Bangalore,"Bangalore, KA",Condo,4566,5,4,2011,"Garden,WiFi,Gym,Security,Parking",2516191
Premium Condo in Ahmedabad,"Ahmedabad, GJ",Condo,4455,5,2,2004,"Parking,Pool,WiFi,Gym,Security",1524390
Premium Apartment in Bangalore,"Bangalore, KA",Apartment,1317,5,3,1980,"Pool,Garden",1162625
Premium Apartment in Chennai,"Chennai, TN",Apartment,1575,3,4,2019,"WiFi,Gym,Garden,Security",716059
Premium Penthouse in Kolkata,"Kolkata, WB",Penthouse,1177,5,4,2015,"Pool,Parking,Gym,Garden,WiFi",1500114
Premium Apartment in Chennai,"Chennai, TN",Apartment,3362,3,3,1981,Garden,1324404
Premium Apartment in Delhi,"Delhi, DL",Apartment,4798,4,4,2014,"Security,Parking,Garden",2931158
Premium Condo in Ahmedabad,"Ahmedabad, GJ",Condo,1854,6,3,2010,"Parking,Security,WiFi",980551
Premium Villa in Kolkata,"Kolkata, WB",Villa,4454,3,1,2005,"WiFi,Gym",2300435
Premium Condo in Bangalore,"Bangalore, KA",Condo,4730,3,4,1994,Garden,2387067
Premium Villa in Ahmedabad,"Ahmedabad, GJ",Villa,4288,6,3,2010,WiFi,2462784
Premium Villa in Mumbai,"Mumbai, MH",Villa,2627,4,1,1995,Security,2877248
Premium Villa in Mumbai,"Mumbai, MH",Villa,3181,6,4,1994,"WiFi,Parking,Gym",3792550
Premium Condo in Bangalore,"Bangalore, KA",Condo,3328,3,4,2001,Parking,1777608
Premium Villa in Kolkata,"Kolkata, WB",Villa,1217,3,2,2000,"Parking,Gym",902637
Premium Townhouse in Pune,"Pune, MH",Townhouse,1993,6,4,2005,"Garden,Security",1017628
Premium Penthouse in Hyderabad,"Hyderabad, TS",Penthouse,2549,5,3,2013,"WiFi,Pool",1966931
Premium Condo in Delhi,"Delhi, DL",Condo,1606,6,4,2021,"Pool,Parking,Garden,Gym",1587536
Premium Townhouse in Ahmedabad,"Ahmedabad, GJ",Townhouse,1436,4,3,1995,"Gym,Garden,Pool,WiFi",753940
Premium Penthouse in Ahmedabad,"Ahmedabad, GJ",Penthouse,1240,6,2,1996,Gym,1399109
Premium Apartment in Kolkata,"Kolkata, WB",Apartment,1690,2,1,1980,"WiFi,Parking,Gym",625682
Premium Condo in Hyderabad,"Hyderabad, TS",Condo,4556,5,2,2015,WiFi,1495792
Premium Apartment in Bangalore,"Bangalore, KA",Apartment,4065,1,4,1985,"Garden,Gym,Parking",2084427
Premium Villa in Delhi,"Delhi, DL",Villa,3911,1,3,1995,Security,3268389
Premium Condo in Chennai,"Chennai, TN",Condo,773,2,1,2022,Parking,366862
Premium Apartment in Delhi,"Delhi, DL",Apartment,4711,4,4,2000,"Garden,Parking,Gym",3172968
Premium Townhouse in Pune,"Pune, MH",Townhouse,1062,3,2,2021,Pool,520236
Premium Villa in Chennai,"Chennai, TN",Villa,4267,6,3,2003,"Garden,Pool,Parking",2695925
Premium Apartment in Kolkata,"Kolkata, WB",Apartment,2010,6,1,1980,"Pool,WiFi",876201
Premium Penthouse in Delhi,"Delhi, DL",Penthouse,3038,4,4,1990,"Gym,Pool,WiFi,Parking",4650438
Premium Penthouse in Bangalore,"Bangalore, KA",Penthouse,1840,3,3,1988,"Pool,Gym,Parking,Security",2401823
Premium Townhouse in Pune,"Pune, MH",Townhouse,1505,6,4,1989,"Gym,Garden,Security,Parking,Pool",812398
Premium Condo in Bangalore,"Bangalore, KA",Condo,3500,1,1,2009,"Pool,WiFi",1549949
Premium Penthouse in Chennai,"Chennai, TN",Penthouse,1307,2,2,1991,"Security,WiFi,Garden,Gym,Parking",1011765
Premium Penthouse in Pune,"Pune, MH",Penthouse,4306,6,3,2005,"Pool,Garden,WiFi,Parking",3283096
Premium Penthouse in Kolkata,"Kolkata, WB",Penthouse,4657,4,1,2015,"Garden,Security,Parking,Gym",3363902
Premium Apartment in Chennai,"Chennai, TN",Apartment,2875,4,3,1991,"Garden,Gym",1160972
Premium Townhouse in Chennai,"Chennai, TN",Townhouse,4739,5,3,2001,"Pool,Garden",1646998
Premium Condo in Ahmedabad,"Ahmedabad, GJ",Condo,4767,3,1,2016,"Garden,Parking",1598261
Premium Townhouse in Kolkata,"Kolkata, WB",Townhouse,1256,5,2,2020,"Gym,WiFi,Garden,Parking,Security",604115
Premium Penthouse in Ahmedabad,"Ahmedabad, GJ",Penthouse,2279,1,1,2016,"Gym,Garden,Parking,Security",1641650
Premium Apartment in Kolkata,"Kolkata, WB",Apartment,3751,4,4,1994,Security,1432882
Premium Townhouse in Mumbai,"Mumbai, MH",Townhouse,2948,5,2,2019,Garden,2267328
Premium Villa in Chennai,"Chennai, TN",Villa,3537,2,1,2004,"Pool,Gym,Garden",1702671
Premium Townhouse in Bangalore,"Bangalore, KA",Townhouse,2541,5,1,1994,"Pool,Security,Garden,Gym",1698790
Premium Condo in Ahmedabad,"Ahmedabad, GJ",Condo,2362,4,1,1982,Parking,915511
Premium Condo in Kolkata,"Kolkata, WB",Condo,579,3,1,1995,Parking,365194
Premium Condo in Chennai,"Chennai, TN",Condo,631,4,4,1985,"Parking,Garden,Security",484372
Premium Villa in Kolkata,"Kolkata, WB",Villa,2357,4,1,1994,Pool,1529606
Premium Townhouse in Bangalore,"Bangalore, KA",Townhouse,3960,5,3,1998,"Security,Parking,Pool,Gym",2321242
Premium Condo in Pune,"Pune, MH",Condo,3271,3,3,2020,"WiFi,Pool,Security,Garden",1188878
Premium Penthouse in Ahmedabad,"Ahmedabad, GJ",Penthouse,3286,4,4,2020,"WiFi,Garden,Gym,Parking",2356092
Premium Penthouse in Chennai,"Chennai, TN",Penthouse,583,2,3,1994,"Gym,Parking,WiFi",733650
Premium Villa in Ahmedabad,"Ahmedabad, GJ",Villa,1983,2,1,1991,"Parking,Security,Pool,Garden",1161760
Premium Apartment in Chennai,"Chennai, TN",Apartment,517,5,4,2003,Gym,521897
Premium Villa in Mumbai,"Mumbai, MH",Villa,4569,1,1,1984,Pool,4094388
Premium Apartment in Mumbai,"Mumbai, MH",Apartment,1807,1,1,1990,"Gym,Garden,WiFi",1338200
Premium Penthouse in Bangalore,"Bangalore, KA",Penthouse,1653,2,1,1988,"Parking,Security,WiFi,Pool",1856017
Premium Penthouse in Ahmedabad,"Ahmedabad, GJ",Penthouse,1236,1,4,2021,WiFi,988380
Premium Villa in Mumbai,"Mumbai, MH",Villa,1525,4,3,2022,"Security,Garden",2160420
Premium Apartment in Kolkata,"Kolkata, WB",Apartment,4235,4,1,2006,"Gym,WiFi,Pool",1441969
Premium Apartment in Kolkata,"Kolkata, WB",Apartment,905,2,2,2014,Pool,378436
Premium Penthouse in Pune,"Pune, MH",Penthouse,1172,5,3,1999,"Security,WiFi,Parking",1306029
Premium Townhouse in Bangalore,"Bangalore, KA",Townhouse,1949,1,2,1989,"Garden,Gym,Pool,Security",1108871
Premium Villa in Chennai,"Chennai, TN",Villa,1070,1,2,2016,"Pool,WiFi",630777
Premium Apartment in Ahmedabad,"Ahmedabad, GJ",Apartment,2594,5,2,1993,"WiFi,Security,Garden,Gym,Pool",1023722
Premium Apartment in Hyderabad,"Hyderabad, TS",Apartment,1336,5,3,1989,"Gym,Parking,Garden,WiFi",708811
Premium Villa in Hyderabad,"Hyderabad, TS",Villa,4961,4,3,2010,"Parking,Security,Garden,Pool,WiFi",2656401
Premium Penthouse in Mumbai,"Mumbai, MH",Penthouse,3923,1,1,1984,Security,4716544
Premium Townhouse in Bangalore,"Bangalore, KA",Townhouse,1933,3,3,1987,"Pool,Parking,Security,Garden,Gym",1148163
Premium Townhouse in Hyderabad,"Hyderabad, TS",Townhouse,4467,5,2,2011,"Pool,Parking,Garden,Gym,WiFi",1617617
Premium Apartment in Pune,"Pune, MH",Apartment,1202,6,3,2008,"WiFi,Garden",694313
Premium Townhouse in Kolkata,"Kolkata, WB",Townhouse,3679,2,4,1991,"Pool,Gym,Garden,WiFi",1229226
Premium Penthouse in Delhi,"Delhi, DL",Penthouse,2153,3,4,2006,"Pool,Security,WiFi,Garden,Gym",3002234
Premium Apartment in Kolkata,"Kolkata, WB",Apartment,3194,1,2,1995,"Garden,Parking,WiFi,Pool,Security",1000368
Premium Townhouse in Pune,"Pune, MH",Townhouse,4247,4,2,2016,"Gym,WiFi,Security,Pool",1575717
Premium Penthouse in Delhi,"Delhi, DL",Penthouse,2074,3,2,2013,Parking,2843182
Premium Apartment in Kolkata,"Kolkata, WB",Apartment,2615,6,4,1999,Security,1271590
Premium Apartment in Delhi,"Delhi, DL",Apartment,4948,1,4,1981,Pool,3098930
Premium Condo in Pune,"Pune, MH",Condo,1709,5,2,2020,"Garden,Parking",770660
Premium Villa in Bangalore,"Bangalore, KA",Villa,1768,4,2,2009,"WiFi,Gym,Garden,Pool,Parking",1579145
Premium Penthouse in Bangalore,"Bangalore, KA",Penthouse,2391,6,2,1989,"Garden,Gym,Pool,WiFi,Security",3263480
Premium Townhouse in Delhi,"Delhi, DL",Townhouse,772,6,2,2011,Security,991979
Premium Townhouse in Pune,"Pune, MH",Townhouse,1982,4,2,2019,Parking,826596
Premium Penthouse in Delhi,"Delhi, DL",Penthouse,820,2,1,2004,"Gym,Security,Parking,Pool",1419781
Premium Townhouse in Mumbai,"Mumbai, MH",Townhouse,4472,1,1,1980,"Garden,Parking,Gym,Security,Pool",3070145
Premium Penthouse in Ahmedabad,"Ahmedabad, GJ",Penthouse,2336,5,2,2021,"Security,Parking,Gym",1868121
Premium Condo in Kolkata,"Kolkata, WB",Condo,4016,2,2,1995,"Parking,Pool,Gym,WiFi",1280079
Premium Apartment in Kolkata,"Kolkata, WB",Apartment,3486,4,1,1985,"Parking,Security,Garden",1352637
Premium Penthouse in Mumbai,"Mumbai, MH",Penthouse,3991,2,3,2000,"Parking,Security,Garden,WiFi",5245325
Premium Villa in Delhi,"Delhi, DL",Villa,2472,5,1,1982,"Pool,Gym,Parking,Garden,Security",2969472
Premium Villa in Bangalore,"Bangalore, KA",Villa,1043,2,2,1986,"Garden,Security,Parking",958248
Premium Townhouse in Chennai,"Chennai, TN",Townhouse,2657,4,1,2007,WiFi,1010063
Premium Apartment in Pune,"Pune, MH",Apartment,4722,5,1,2022,"Parking,Garden,WiFi",1520967
Premium Villa in Delhi,"Delhi, DL",Villa,797,5,2,2006,WiFi,1533283
Premium Penthouse in Bangalore,"Bangalore, KA",Penthouse,3055,6,3,1997,"Gym,Pool,Garden,WiFi,Parking",4169194
Premium Townhouse in Mumbai,"Mumbai, MH",Townhouse,4928,4,4,2015,"Gym,WiFi,Parking,Pool",3534984
Premium Condo in Hyderabad,"Hyderabad, TS",Condo,3454,2,2,2017,"Security,Gym",1098419
Premium Apartment in Chennai,"Chennai, TN",Apartment,1656,2,4,1999,Security,679197
Premium Apartment in Hyderabad,"Hyderabad, TS",Apartment,2754,1,1,1986,"Gym,Parking,WiFi,Garden,Security",892146
Premium Condo in Ahmedabad,"Ahmedabad, GJ",Condo,3714,6,4,1982,"WiFi,Pool,Garden",1631505
Premium Townhouse in Ahmedabad,"Ahmedabad, GJ",Townhouse,4233,5,1,2023,"Pool,Security,WiFi",1628563
Premium Villa in Bangalore,"Bangalore, KA",Villa,4038,2,3,2002,"Garden,Pool",3202658
Premium Penthouse in Delhi,"Delhi, DL",Penthouse,2286,5,2,1990,Pool,3198540
Premium Villa in Ahmedabad,"Ahmedabad, GJ",Villa,2929,1,4,2013,"Garden,Parking",1448276
Premium Apartment in Hyderabad,"Hyderabad, TS",Apartment,4319,4,1,2016,"Garden,Gym,Pool,WiFi,Parking",1471780
Premium Townhouse in Pune,"Pune, MH",Townhouse,2190,2,4,1985,"Pool,Garden,WiFi,Security",916407
Premium Villa in Ahmedabad,"Ahmedabad, GJ",Villa,4951,2,1,1998,"Security,Parking,Garden,WiFi,Gym",2210915
Premium Townhouse in Bangalore,"Bangalore, KA",Townhouse,4593,5,4,1992,"WiFi,Garden,Security",2594949
Premium Condo in Pune,"Pune, MH",Condo,2616,1,3,2024,"Gym,WiFi,Pool",848129
Premium Condo in Mumbai,"Mumbai, MH",Condo,4729,4,1,2008,"Parking,Gym,WiFi",3099071
Premium Villa in Kolkata,"Kolkata, WB",Villa,2724,3,4,1997,Garden,1653750
Premium Penthouse in Kolkata,"Kolkata, WB",Penthouse,1112,1,2,2013,Security,820337
Premium Condo in Ahmedabad,"Ahmedabad, GJ",Condo,4824,1,1,2016,"Parking,Security,Garden,Gym",1611665
Premium Condo in Mumbai,"Mumbai, MH",Condo,1984,2,3,1995,"Pool,WiFi,Parking,Security,Gym",1409116
Premium Townhouse in Bangalore,"Bangalore, KA",Townhouse,679,5,2,1992,"Parking,Pool",769079
Premium Penthouse in Ahmedabad,"Ahmedabad, GJ",Penthouse,1439,1,1,2018,"Garden,Gym,Parking",1040999
Premium Townhouse in Delhi,"Delhi, DL",Townhouse,2089,4,2,2004,"Security,Garden,Pool,WiFi,Parking",1623039
Premium Condo in Delhi,"Delhi, DL",Condo,526,2,1,1986,"WiFi,Security",545235
Premium Apartment in Bangalore,"Bangalore, KA",Apartment,4547,2,3,2002,Parking,2148291
Premium Penthouse in Delhi,"Delhi, DL",Penthouse,2704,6,1,2001,WiFi,3704955
Premium Villa in Pune,"Pune, MH",Villa,3358,2,2,2009,"Parking,WiFi,Gym,Security",1774832
Premium Townhouse in Mumbai,"Mumbai, MH",Townhouse,4005,5,1,2007,"WiFi,Gym,Security",3232409
Premium Villa in Pune,"Pune, MH",Villa,663,6,3,2009,"Garden,Gym,Pool",810308
Premium Villa in Pune,"Pune, MH",Villa,2466,2,4,2004,"Parking,Gym,Garden",1284102
Premium Penthouse in Kolkata,"Kolkata, WB",Penthouse,4676,1,1,1996,Garden,2797587
Premium Villa in Bangalore,"Bangalore, KA",Villa,601,1,2,2002,"Pool,WiFi,Parking,Security",657510
Premium Penthouse in Ahmedabad,"Ahmedabad, GJ",Penthouse,4396,2,3,1990,"Gym,Pool,WiFi",2884066
Premium Villa in Pune,"Pune, MH",Villa,2931,2,1,2024,"WiFi,Security,Garden,Gym",1406525
Premium Penthouse in Delhi,"Delhi, DL",Penthouse,812,6,1,1985,"Garden,Parking,Pool",2002367
Premium Condo in Bangalore,"Bangalore, KA",Condo,2747,6,3,2018,"Parking,Gym,Security,WiFi,Garden",1646865
Premium Townhouse in Chennai,"Chennai, TN",Townhouse,727,3,1,2006,"WiFi,Garden,Pool,Security",350314
Premium Penthouse in Kolkata,"Kolkata, WB",Penthouse,843,1,1,1990,"Garden,Security,Gym,Pool",656201
Premium Villa in Ahmedabad,"Ahmedabad, GJ",Villa,2764,2,4,2021,Garden,1387517
Premium Villa in Chennai,"Chennai, TN",Villa,2406,3,3,1989,"Security,Parking,WiFi,Garden",1509900
Premium Villa in Mumbai,"Mumbai, MH",Villa,2354,3,4,2009,"Parking,WiFi,Gym,Pool,Security",3030527
Premium Condo in Delhi,"Delhi, DL",Condo,2875,3,3,1986,Pool,2082948
Premium Townhouse in Hyderabad,"Hyderabad, TS",Townhouse,1706,2,1,2009,"Parking,Gym,Security,Pool,Garden",659201
Premium Condo in Chennai,"Chennai, TN",Condo,2391,3,1,1980,Garden,973532
Premium Condo in Chennai,"Chennai, TN",Condo,810,2,1,2004,Pool,351067
Premium Apartment in Delhi,"Delhi, DL",Apartment,3586,5,4,1991,"Garden,WiFi,Parking,Pool",2483895
Premium Apartment in Pune,"Pune, MH",Apartment,4325,6,4,2000,"WiFi,Garden,Pool,Gym",1798943
Premium Penthouse in Mumbai,"Mumbai, MH",Penthouse,4525,1,2,2000,"Garden,Security",5478027
Premium Condo in Hyderabad,"Hyderabad, TS",Condo,2878,2,1,1987,"Pool,WiFi,Parking",961095
Premium Condo in Kolkata,"Kolkata, WB",Condo,3332,5,2,1982,"Parking,Gym,Garden,Security",1248227
Premium Villa in Pune,"Pune, MH",Villa,3211,5,3,1987,"WiFi,Security,Parking,Garden",1787217
Premium Apartment in Hyderabad,"Hyderabad, TS",Apartment,1167,3,3,1989,Gym,544990
Premium Apartment in Delhi,"Delhi, DL",Apartment,4104,4,2,1990,"Gym,Parking,Security,Pool,WiFi",2539446
Premium Villa in Delhi,"Delhi, DL",Villa,4814,2,1,2002,"Garden,Pool,WiFi,Parking,Security",3827210
Premium Villa in Delhi,"Delhi, DL",Villa,3479,5,3,2024,Garden,3809572
Premium Townhouse in Ahmedabad,"Ahmedabad, GJ",Townhouse,1800,5,3,1986,"Security,Gym",871064
Premium Townhouse in Kolkata,"Kolkata, WB",Townhouse,1049,1,3,2006,Garden,447877
Premium Penthouse in Delhi,"Delhi, DL",Penthouse,4044,2,4,1988,"Garden,Parking,WiFi,Security",4554113
Premium Townhouse in Bangalore,"Bangalore, KA",Townhouse,3144,2,4,1993,"WiFi,Pool,Parking,Garden",1580757
Premium Condo in Ahmedabad,"Ahmedabad, GJ",Condo,4282,1,4,2002,"Gym,Security,Parking",1522543
Premium Condo in Pune,"Pune, MH",Condo,2649,4,1,2024,Pool,940987
Premium Penthouse in Kolkata,"Kolkata, WB",Penthouse,2394,3,1,1980,"Parking,Garden,WiFi,Pool",1791064
Premium Condo in Hyderabad,"Hyderabad, TS",Condo,2339,1,1,2004,"Garden,Pool",724127
Premium Villa in Kolkata,"Kolkata, WB",Villa,873,6,4,2022,Pool,1026118
Premium Condo in Chennai,"Chennai, TN",Condo,4296,6,4,1993,"Parking,Garden",1547014
Premium Apartment in Kolkata,"Kolkata, WB",Apartment,4050,5,3,2022,"Security,Pool,Gym",1627829
Premium Townhouse in Chennai,"Chennai, TN",Townhouse,754,1,4,1989,"Pool,WiFi",348166
Premium Penthouse in Chennai,"Chennai, TN",Penthouse,1865,4,2,1991,Gym,1652083
Premium Penthouse in Hyderabad,"Hyderabad, TS",Penthouse,3511,4,3,1992,"Garden,Pool,Security,Parking",2761701
Premium Penthouse in Delhi,"Delhi, DL",Penthouse,1475,2,4,2016,"Gym,Pool,WiFi",2096219
Premium Villa in Hyderabad,"Hyderabad, TS",Villa,779,6,4,2010,"Security,Garden,WiFi,Parking",936350
Premium Villa in Delhi,"Delhi, DL",Villa,3482,1,2,2013,"Gym,Pool,Parking,Garden,WiFi",3288277
Premium Townhouse in Chennai,"Chennai, TN",Townhouse,4451,1,3,1992,"Garden,Security,Parking",1378883
Premium Apartment in Ahmedabad,"Ahmedabad, GJ",Apartment,4453,5,4,2011,"Gym,Pool,Parking",1754717
Premium Penthouse in Hyderabad,"Hyderabad, TS",Penthouse,1020,6,3,2021,Pool,1281614
Premium Penthouse in Ahmedabad,"Ahmedabad, GJ",Penthouse,663,2,3,1999,"Pool,Garden,WiFi,Security",758439
Premium Apartment in Kolkata,"Kolkata, WB",Apartment,2360,2,3,2015,"Garden,WiFi",876823
Premium Penthouse in Kolkata,"Kolkata, WB",Penthouse,4656,3,4,2011,"Gym,Garden,Pool",3204166
Premium Villa in Hyderabad,"Hyderabad, TS",Villa,3214,6,1,2011,"Parking,Pool,Gym,Security,Garden",2063828
Premium Apartment in Chennai,"Chennai, TN",Apartment,1775,6,4,2018,"Garden,Security",925093
Premium Villa in Ahmedabad,"Ahmedabad, GJ",Villa,1833,2,1,2004,"Garden,Security,Gym,WiFi,Parking",948211
Premium Apartment in Kolkata,"Kolkata, WB",Apartment,694,1,4,2013,"Pool,Parking,WiFi",336123
Premium Townhouse in Pune,"Pune, MH",Townhouse,1110,1,3,2021,"Parking,Garden,Gym",448422
Premium Condo in Delhi,"Delhi, DL",Condo,3889,4,3,2012,"Parking,Security,Pool",2491025
Premium Townhouse in Pune,"Pune, MH",Townhouse,2508,2,1,1993,"Security,Gym,Pool,Parking,Garden",846862
Premium Condo in Chennai,"Chennai, TN",Condo,2757,1,4,2024,"Garden,WiFi,Pool,Parking,Security",866674
Premium Townhouse in Chennai,"Chennai, TN",Townhouse,702,5,4,2017,Parking,516724
Premium Penthouse in Chennai,"Chennai, TN",Penthouse,1870,4,4,1980,"Garden,Security,Gym,WiFi,Parking",1530753
Premium Apartment in Hyderabad,"Hyderabad, TS",Apartment,2780,2,4,2017,"WiFi,Parking,Garden",984423
Premium Apartment in Hyderabad,"Hyderabad, TS",Apartment,681,5,2,1980,"Parking,Garden",532719
Premium Townhouse in Hyderabad,"Hyderabad, TS",Townhouse,2193,2,4,2010,Parking,795122
Premium Townhouse in Pune,"Pune, MH",Townhouse,3109,1,1,2004,"Pool,Garden,WiFi,Security,Parking",1077149
Premium Condo in Delhi,"Delhi, DL",Condo,837,4,1,1994,"Parking,Garden,Gym",811815
Premium Penthouse in Kolkata,"Kolkata, WB",Penthouse,4511,1,3,2014,"WiFi,Security,Gym,Pool,Garden",2880175
Premium Villa in Hyderabad,"Hyderabad, TS",Villa,3687,5,1,2018,Gym,2210057
Premium Penthouse in Hyderabad,"Hyderabad, TS",Penthouse,4976,2,1,1994,"Garden,WiFi,Security,Parking",3162758
Premium Apartment in Pune,"Pune, MH",Apartment,1249,3,4,2007,Pool,556598
Premium Condo in Hyderabad,"Hyderabad, TS",Condo,1016,1,2,1980,"Security,Garden",410142
Premium Condo in Pune,"Pune, MH",Condo,2734,3,3,1982,"WiFi,Parking,Security,Pool",1008734
Premium Villa in Hyderabad,"Hyderabad, TS",Villa,2695,6,2,2010,"Security,Pool",1836976
Premium Condo in Chennai,"Chennai, TN",Condo,3281,6,1,2014,"Parking,WiFi,Pool,Gym",1217636
Premium Condo in Chennai,"Chennai, TN",Condo,3387,3,3,2007,"Pool,Gym",1185649
Premium Apartment in Delhi,"Delhi, DL",Apartment,4105,5,3,2020,"WiFi,Garden,Pool,Security",2735098
Premium Townhouse in Kolkata,"Kolkata, WB",Townhouse,3074,3,4,2019,"Pool,Security,Parking,WiFi",1180361
Premium Apartment in Kolkata,"Kolkata, WB",Apartment,4684,5,1,1990,"Parking,Security,WiFi,Pool,Gym",1538190
Premium Villa in Chennai,"Chennai, TN",Villa,4532,1,3,1994,"Pool,WiFi,Security,Parking",2190586
Premium Condo in Bangalore,"Bangalore, KA",Condo,1183,3,4,1983,"WiFi,Pool",871353
Premium Condo in Hyderabad,"Hyderabad, TS",Condo,4509,6,4,2022,"Security,Pool",1681415
Premium Penthouse in Delhi,"Delhi, DL",Penthouse,1756,6,2,1981,"WiFi,Security,Pool,Garden",2996163
Premium Condo in Mumbai,"Mumbai, MH",Condo,3422,2,4,2012,Pool,2579820
Premium Penthouse in Delhi,"Delhi, DL",Penthouse,3949,5,1,1993,"WiFi,Security",5229610
Premium Villa in Kolkata,"Kolkata, WB",Villa,883,6,4,2008,Pool,899069
Premium Townhouse in Hyderabad,"Hyderabad, TS",Townhouse,4995,5,4,2019,"Pool,Garden,Security",1976410
Premium Townhouse in Kolkata,"Kolkata, WB",Townhouse,1437,1,3,2014,"Garden,Gym,WiFi,Security,Parking",536671
Premium Penthouse in Delhi,"Delhi, DL",Penthouse,2796,4,1,2008,"Parking,Gym,WiFi,Pool",3882593
Premium Townhouse in Chennai,"Chennai, TN",Townhouse,2095,5,4,2019,"Gym,Pool",881483
Premium Villa in Mumbai,"Mumbai, MH",Villa,1072,1,1,1987,"Security,Pool,WiFi,Garden",1272788
Premium Penthouse in Mumbai,"Mumbai, MH",Penthouse,3747,4,4,2010,"Gym,Pool,Parking,WiFi,Security",5329466
Premium Townhouse in Delhi,"Delhi, DL",Townhouse,4543,3,3,2010,Gym,2887505
Premium Apartment in Delhi,"Delhi, DL",Apartment,2883,2,3,2016,"Parking,Pool",1742116
Premium Townhouse in Hyderabad,"Hyderabad, TS",Townhouse,1542,1,1,2007,"Security,Pool",576508
Premium Condo in Hyderabad,"Hyderabad, TS",Condo,4308,1,2,2014,"WiFi,Security,Parking",1465005
Premium Condo in Kolkata,"Kolkata, WB",Condo,567,4,2,2000,WiFi,378801
Premium Condo in Hyderabad,"Hyderabad, TS",Condo,3306,5,1,1997,"Garden,Parking,WiFi",1184775
Premium Townhouse in Kolkata,"Kolkata, WB",Townhouse,2120,4,4,1980,"Gym,Pool,Garden",880802
Premium Apartment in Bangalore,"Bangalore, KA",Apartment,4255,1,3,2020,"Security,Parking,WiFi",2193285
Premium Townhouse in Hyderabad,"Hyderabad, TS",Townhouse,3629,1,1,1984,"WiFi,Gym,Pool",1161555
Premium Villa in Mumbai,"Mumbai, MH",Villa,4180,6,2,1984,Security,4342758
Premium Townhouse in Mumbai,"Mumbai, MH",Townhouse,2092,6,2,2016,"Gym,Parking,Security",1829327
Premium Villa in Mumbai,"Mumbai, MH",Villa,539,2,4,1991,"Pool,WiFi,Security,Garden,Parking",992109
Premium Penthouse in Pune,"Pune, MH",Penthouse,1762,5,4,1990,WiFi,1836184
Premium Villa in Hyderabad,"Hyderabad, TS",Villa,3685,6,2,2010,Pool,2151134
Premium Condo in Kolkata,"Kolkata, WB",Condo,1787,1,4,2020,"Parking,Garden,Pool,WiFi,Security",621878
Premium Penthouse in Chennai,"Chennai, TN",Penthouse,2973,4,4,1986,"Parking,WiFi,Pool,Garden",2402145
Premium Apartment in Mumbai,"Mumbai, MH",Apartment,588,1,2,2011,"Parking,Gym,Garden",482998
Premium Apartment in Kolkata,"Kolkata, WB",Apartment,3429,6,2,2004,"Parking,Garden,Gym,WiFi",1383321
Premium Condo in Bangalore,"Bangalore, KA",Condo,2112,2,3,1997,"WiFi,Security,Pool,Garden",1230445
Premium Villa in Chennai,"Chennai, TN",Villa,1324,4,1,1984,Pool,880381
Premium Townhouse in Kolkata,"Kolkata, WB",Townhouse,3699,1,2,2004,"Parking,Pool",1292458
Premium Penthouse in Mumbai,"Mumbai, MH",Penthouse,4327,1,1,1980,Garden,5665768
Premium Penthouse in Chennai,"Chennai, TN",Penthouse,4727,4,3,1987,"Pool,Parking,Garden,Security,WiFi",3683836
Premium Townhouse in Pune,"Pune, MH",Townhouse,4059,3,2,1988,"Gym,Security,WiFi",1463129
Premium Villa in Pune,"Pune, MH",Villa,4964,3,2,1985,"Parking,Garden,WiFi,Security",2744431
Premium Townhouse in Kolkata,"Kolkata, WB",Townhouse,1586,1,4,1983,"Gym,WiFi,Pool,Security",641576
Premium Townhouse in Mumbai,"Mumbai, MH",Townhouse,2022,5,2,1987,"Security,WiFi,Pool",1661874
Premium Penthouse in Hyderabad,"Hyderabad, TS",Penthouse,2282,5,4,2009,"Pool,Parking",2111997
Premium Villa in Ahmedabad,"Ahmedabad, GJ",Villa,3049,3,3,2002,"Parking,Garden,Pool",1613688
Premium Condo in Chennai,"Chennai, TN",Condo,582,4,4,2011,"Garden,Pool,Parking,Gym,Security",442475
Premium Penthouse in Pune,"Pune, MH",Penthouse,3454,5,1,1987,"Parking,Security,WiFi",2858335
Premium Townhouse in Mumbai,"Mumbai, MH",Townhouse,2639,2,3,1990,"Garden,Pool,Security,WiFi",1907235
Premium Townhouse in Delhi,"Delhi, DL",Townhouse,3928,2,1,1999,"Parking,Pool",2171762
Premium Penthouse in Chennai,"Chennai, TN",Penthouse,1896,5,1,1987,"WiFi,Garden,Parking",1844761
Premium Penthouse in Chennai,"Chennai, TN",Penthouse,4992,1,2,2005,WiFi,2953671
Premium Townhouse in Pune,"Pune, MH",Townhouse,3540,2,1,2020,"Garden,Pool,Security,WiFi",1160286
Premium Townhouse in Ahmedabad,"Ahmedabad, GJ",Townhouse,4890,2,2,1987,WiFi,1482866
Premium Apartment in Mumbai,"Mumbai, MH",Apartment,1528,4,2,2024,"Garden,Parking,Pool",1379657
Premium Apartment in Pune,"Pune, MH",Apartment,3987,3,4,2020,Parking,1342277
Premium Penthouse in Ahmedabad,"Ahmedabad, GJ",Penthouse,4628,4,4,2008,"Garden,Security,Gym,Pool,Parking",3510027
Premium Condo in Mumbai,"Mumbai, MH",Condo,1601,1,1,1996,"Garden,Parking,Pool,Security,Gym",1114691
Premium Townhouse in Mumbai,"Mumbai, MH",Townhouse,2691,6,2,2002,"Security,WiFi,Parking,Gym",2429482
Premium Condo in Kolkata,"Kolkata, WB",Condo,2057,2,2,2001,"Garden,Pool,Parking",813219
Premium Apartment in Delhi,"Delhi, DL",Apartment,4515,6,3,1986,"Security,Parking,Gym",2779663
Premium Condo in Delhi,"Delhi, DL",Condo,3042,5,3,1983,"Pool,WiFi,Security",2412609
Premium Penthouse in Pune,"Pune, MH",Penthouse,3042,3,2,2007,"Parking,WiFi,Pool,Garden",2070397
Premium Penthouse in Mumbai,"Mumbai, MH",Penthouse,1492,1,1,2009,"Security,Garden,WiFi,Gym",2138773
Premium Villa in Mumbai,"Mumbai, MH",Villa,4963,1,1,2020,"Pool,Garden,Parking,WiFi",4564378
Premium Penthouse in Kolkata,"Kolkata, WB",Penthouse,1610,5,4,1990,"Gym,Garden,Parking,Pool",1609143
Premium Condo in Bangalore,"Bangalore, KA",Condo,4538,2,2,1999,"Garden,Parking,Gym",2257697
Premium Townhouse in Hyderabad,"Hyderabad, TS",Townhouse,3634,5,1,2011,"Pool,WiFi",1380795
Premium Condo in Pune,"Pune, MH",Condo,4421,6,4,2008,"WiFi,Gym,Security,Garden",1601311
Premium Villa in Delhi,"Delhi, DL",Villa,2251,5,3,2022,WiFi,2726243
Premium Townhouse in Mumbai,"Mumbai, MH",Townhouse,4709,1,4,1990,Parking,3382383
Premium Penthouse in Mumbai,"Mumbai, MH",Penthouse,1338,2,1,2019,"WiFi,Gym,Pool,Garden",2293585
Premium Townhouse in Kolkata,"Kolkata, WB",Townhouse,3643,2,1,1980,"Security,WiFi,Garden",1124811
Premium Apartment in Bangalore,"Bangalore, KA",Apartment,691,4,3,1980,"Gym,Garden",697761
Premium Villa in Hyderabad,"Hyderabad, TS",Villa,3459,5,1,2014,"WiFi,Parking,Gym,Security,Pool",2000216
Premium Penthouse in Pune,"Pune, MH",Penthouse,1868,3,1,2009,"Pool,Parking,Gym,Security",1525626
Premium Villa in Kolkata,"Kolkata, WB",Villa,4179,2,3,1985,"Parking,WiFi,Security",2315309
Premium Townhouse in Mumbai,"Mumbai, MH",Townhouse,4881,5,3,1989,Security,3899271
Premium Apartment in Kolkata,"Kolkata, WB",Apartment,4544,3,3,1995,"Security,Pool,Garden,WiFi",1574574
Premium Penthouse in Ahmedabad,"Ahmedabad, GJ",Penthouse,2645,6,1,2018,"Gym,Parking",2053143
Premium Condo in Bangalore,"Bangalore, KA",Condo,4867,1,1,2005,"Pool,Security,WiFi",2145771
Premium Penthouse in Bangalore,"Bangalore, KA",Penthouse,4495,5,2,1988,"Gym,WiFi",4792098
Premium Condo in Chennai,"Chennai, TN",Condo,3310,6,2,2017,"WiFi,Gym",1272074
Premium Condo in Ahmedabad,"Ahmedabad, GJ",Condo,3061,1,4,1989,"Gym,Parking,Security,Garden,WiFi",1119837
Premium Villa in Hyderabad,"Hyderabad, TS",Villa,2624,1,3,2009,Parking,1324906
Premium Apartment in Kolkata,"Kolkata, WB",Apartment,717,5,3,1995,"Pool,Parking,Garden,Gym",542332
Premium Condo in Pune,"Pune, MH",Condo,2457,2,4,2008,"WiFi,Pool,Parking",927067
Premium Villa in Pune,"Pune, MH",Villa,1043,6,4,2012,"Gym,WiFi,Security",1002894
Premium Villa in Mumbai,"Mumbai, MH",Villa,892,6,4,2024,"Gym,Pool",1758576
Premium Townhouse in Mumbai,"Mumbai, MH",Townhouse,4904,5,2,1987,Parking,3530209
Premium Condo in Pune,"Pune, MH",Condo,4084,3,3,2011,"Pool,Garden,Security",1313191
Premium Apartment in Delhi,"Delhi, DL",Apartment,4833,4,3,2024,"Security,Parking,Garden",3371642
Premium Apartment in Mumbai,"Mumbai, MH",Apartment,1948,1,2,2016,"WiFi,Security,Garden,Gym,Parking",1307186
Premium Apartment in Chennai,"Chennai, TN",Apartment,887,2,2,2022,"Security,WiFi,Gym",400210
Premium Villa in Pune,"Pune, MH",Villa,3981,5,4,2016,Gym,2243883
Premium Townhouse in Kolkata,"Kolkata, WB",Townhouse,2882,4,3,1995,"WiFi,Parking",1154335
Premium Villa in Chennai,"Chennai, TN",Villa,823,4,4,2010,"Garden,Pool,Parking",813957
Premium Apartment in Chennai,"Chennai, TN",Apartment,3471,6,1,1994,"Security,Parking,WiFi,Garden",1332996
Premium Penthouse in Mumbai,"Mumbai, MH",Penthouse,4106,4,2,2005,"WiFi,Garden,Parking,Security",6345345
Premium Condo in Pune,"Pune, MH",Condo,4118,1,3,2012,Parking,1422867
Premium Apartment in Chennai,"Chennai, TN",Apartment,915,6,2,1999,"Parking,Security,WiFi,Garden",558462
Premium Penthouse in Hyderabad,"Hyderabad, TS",Penthouse,3895,4,4,1991,Security,2740907
Premium Apartment in Bangalore,"Bangalore, KA",Apartment,2037,6,1,1996,"Garden,Security,WiFi,Pool",1413319
Premium Villa in Bangalore,"Bangalore, KA",Villa,4599,4,1,2008,"Gym,WiFi,Security,Parking",3522624
Premium Apartment in Pune,"Pune, MH",Apartment,1892,1,4,2008,"WiFi,Gym,Garden",668251
Premium Penthouse in Bangalore,"Bangalore, KA",Penthouse,1843,1,3,1988,"Security,Gym",2051964
Premium Apartment in Hyderabad,"Hyderabad, TS",Apartment,2027,5,1,2010,"Gym,Parking,Pool,WiFi,Garden",858603
Premium Townhouse in Bangalore,"Bangalore, KA",Townhouse,622,2,3,1986,"Pool,Security,WiFi,Garden,Gym",530667
Premium Villa in Kolkata,"Kolkata, WB",Villa,2405,6,2,1995,Gym,1741495
Premium Apartment in Chennai,"Chennai, TN",Apartment,836,3,4,2007,"WiFi,Parking,Gym",438622
Premium Condo in Delhi,"Delhi, DL",Condo,1021,5,1,1996,Gym,1050135
Premium Condo in Ahmedabad,"Ahmedabad, GJ",Condo,3459,1,4,2023,"Garden,Pool,Parking,Gym",1199016
Premium Villa in Bangalore,"Bangalore, KA",Villa,1428,5,1,2022,"Security,Garden,Parking,Gym",1426425
Premium Penthouse in Hyderabad,"Hyderabad, TS",Penthouse,3700,5,4,2002,"Parking,Garden,Pool,Security,Gym",2783376
Premium Townhouse in Mumbai,"Mumbai, MH",Townhouse,3829,6,2,2023,"Garden,Pool,Gym,Parking,Security",3113999
Premium Villa in Delhi,"Delhi, DL",Villa,892,6,2,1986,"WiFi,Gym",1766164
Premium Townhouse in Bangalore,"Bangalore, KA",Townhouse,1390,6,1,2012,"Parking,Garden,Gym,Security",1199236
Premium Penthouse in Pune,"Pune, MH",Penthouse,2179,3,4,2022,"Gym,WiFi,Garden,Security,Pool",1759107
Premium Villa in Mumbai,"Mumbai, MH",Villa,4988,1,1,2017,Garden,4541868
Premium Apartment in Pune,"Pune, MH",Apartment,2660,2,3,2018,"WiFi,Security,Gym,Garden",998543
Premium Townhouse in Bangalore,"Bangalore, KA",Townhouse,4069,3,2,2019,"Security,Gym",2185259
Premium Penthouse in Mumbai,"Mumbai, MH",Penthouse,1278,5,2,1983,"Pool,Gym",2942812
Premium Townhouse in Pune,"Pune, MH",Townhouse,1308,4,3,2004,"Pool,Security,Gym,Garden,Parking",682655
Premium Apartment in Bangalore,"Bangalore, KA",Apartment,3780,5,4,2023,"Parking,WiFi,Pool,Garden,Gym",2256597
Premium Villa in Mumbai,"Mumbai, MH",Villa,2240,5,2,2020,Garden,2710883
Premium Townhouse in Hyderabad,"Hyderabad, TS",Townhouse,1980,6,1,2009,"Gym,Garden,WiFi",854430
Premium Penthouse in Delhi,"Delhi, DL",Penthouse,3489,4,1,2007,"WiFi,Pool,Gym,Parking",4597588
Premium Villa in Hyderabad,"Hyderabad, TS",Villa,3850,3,1,1983,"WiFi,Garden,Gym,Security,Pool",1821283
Premium Apartment in Ahmedabad,"Ahmedabad, GJ",Apartment,3813,2,4,2018,"Parking,Security,Garden",1235211
Premium Penthouse in Bangalore,"Bangalore, KA",Penthouse,792,5,3,1980,Parking,1607761
Premium Townhouse in Chennai,"Chennai, TN",Townhouse,2478,1,1,1999,"Security,Parking,Pool,Garden",839813
Premium Apartment in Kolkata,"Kolkata, WB",Apartment,3815,4,2,2005,"Gym,WiFi",1280488
Premium Apartment in Ahmedabad,"Ahmedabad, GJ",Apartment,2787,5,1,1982,"Security,Garden,WiFi",999169
Premium Townhouse in Chennai,"Chennai, TN",Townhouse,2997,4,2,2021,"WiFi,Pool,Gym,Security,Garden",1188492
Premium Penthouse in Chennai,"Chennai, TN",Penthouse,1236,4,1,1992,"Gym,Garden,WiFi",1284220
Premium Condo in Chennai,"Chennai, TN",Condo,4197,3,2,1993,Parking,1527178
Premium Villa in Pune,"Pune, MH",Villa,2170,6,1,1999,"Pool,Gym,Security,WiFi,Parking",1332375
Premium Townhouse in Kolkata,"Kolkata, WB",Townhouse,4076,1,1,2009,"Pool,Gym,WiFi,Security,Garden",1334857
Premium Condo in Kolkata,"Kolkata, WB",Condo,1992,6,1,1986,"Pool,Parking,Garden,Gym,Security",855510
Premium Townhouse in Hyderabad,"Hyderabad, TS",Townhouse,1874,2,1,2008,"Gym,Parking,WiFi,Pool",665095
Premium Villa in Mumbai,"Mumbai, MH",Villa,2418,5,2,2002,"WiFi,Pool,Gym,Parking,Garden",3004852
Premium Townhouse in Hyderabad,"Hyderabad, TS",Townhouse,4474,6,1,2022,"Garden,Pool,Gym",1662951
Premium Villa in Bangalore,"Bangalore, KA",Villa,1089,6,4,2010,Pool,1439335
Premium Penthouse in Chennai,"Chennai, TN",Penthouse,3956,4,3,1994,"Garden,Parking",2972108
Premium Villa in Kolkata,"Kolkata, WB",Villa,3098,2,2,1982,"Gym,Security,Pool",1676088
Premium Condo in Chennai,"Chennai, TN",Condo,2257,5,2,2014,Parking,953409
Premium Apartment in Ahmedabad,"Ahmedabad, GJ",Apartment,1135,2,2,1981,"Pool,Security,Parking",449402
Premium Apartment in Delhi,"Delhi, DL",Apartment,2635,5,3,2004,"Security,Garden",1950061
Premium Apartment in Hyderabad,"Hyderabad, TS",Apartment,1768,3,3,2014,"Security,Garden,WiFi,Pool,Parking",788440
Premium Penthouse in Delhi,"Delhi, DL",Penthouse,1587,4,3,1999,"Pool,Garden",2403098
Premium Villa in Delhi,"Delhi, DL",Villa,1976,5,2,1993,"Parking,Security,Garden",2618579
Premium Penthouse in Kolkata,"Kolkata, WB",Penthouse,2366,2,4,2003,"Parking,Security,WiFi,Gym,Garden",1715973
Premium Villa in Chennai,"Chennai, TN",Villa,2496,4,4,2017,"Security,Parking,Garden,WiFi",1562919
Premium Penthouse in Hyderabad,"Hyderabad, TS",Penthouse,3455,6,4,1989,Gym,2796150
Premium Penthouse in Delhi,"Delhi, DL",Penthouse,822,1,3,1984,"Parking,Pool,WiFi",1165375
Premium Penthouse in Pune,"Pune, MH",Penthouse,1407,5,3,1988,Pool,1424764
Premium Condo in Delhi,"Delhi, DL",Condo,1536,6,3,2017,"WiFi,Garden",1550692
Premium Condo in Delhi,"Delhi, DL",Condo,1702,5,2,1986,"Pool,Gym",1513391
Premium Villa in Chennai,"Chennai, TN",Villa,3217,4,2,2017,"Security,WiFi",1749677
Premium Apartment in Delhi,"Delhi, DL",Apartment,4660,1,3,2012,"Security,Gym,Garden",2923679
Premium Apartment in Kolkata,"Kolkata, WB",Apartment,3152,3,2,1985,Parking,1161264
Premium Apartment in Ahmedabad,"Ahmedabad, GJ",Apartment,2712,4,1,2012,Security,1115332
Premium Apartment in Kolkata,"Kolkata, WB",Apartment,1373,2,4,2006,Gym,538299
Premium Apartment in Ahmedabad,"Ahmedabad, GJ",Apartment,3469,2,3,2010,"Pool,Gym,WiFi,Parking",1227744
Premium Apartment in Ahmedabad,"Ahmedabad, GJ",Apartment,983,6,1,1987,"Gym,Parking,Garden",650878
Premium Apartment in Chennai,"Chennai, TN",Apartment,1146,4,2,1984,"Security,Parking",637751
Premium Condo in Mumbai,"Mumbai, MH",Condo,2666,3,4,2010,Security,1992289
Premium Villa in Delhi,"Delhi, DL",Villa,1206,5,2,1982,"Parking,Pool,Garden,Gym",1678338
Premium Condo in Kolkata,"Kolkata, WB",Condo,2286,5,1,2005,"Security,Pool,Gym",920943
Premium Villa in Ahmedabad,"Ahmedabad, GJ",Villa,1440,4,3,1995,"Parking,Gym,Security,WiFi",1031958
Premium Penthouse in Hyderabad,"Hyderabad, TS",Penthouse,2700,3,1,2012,Gym,1863656
Premium Condo in Delhi,"Delhi, DL",Condo,1999,1,2,1994,Garden,1332504
Premium Penthouse in Delhi,"Delhi, DL",Penthouse,1594,3,1,2013,"Garden,WiFi,Pool,Parking,Security",2151779
Premium Apartment in Bangalore,"Bangalore, KA",Apartment,747,5,4,1994,"Security,Gym,Garden,Pool",909789
Premium Condo in Ahmedabad,"Ahmedabad, GJ",Condo,4650,4,4,2009,"Parking,Pool,WiFi,Gym",1680497
Premium Penthouse in Delhi,"Delhi, DL",Penthouse,1033,1,2,1997,"Gym,Garden,Security",1320713
Premium Condo in Delhi,"Delhi, DL",Condo,2482,4,1,1990,Garden,1884590
Premium Townhouse in Bangalore,"Bangalore, KA",Townhouse,2857,3,3,2019,"Garden,Security,WiFi,Gym",1458514
Premium Condo in Chennai,"Chennai, TN",Condo,1058,2,3,2001,"Garden,Gym,Pool,WiFi,Parking",463351
Premium Condo in Hyderabad,"Hyderabad, TS",Condo,2047,6,4,1990,"Garden,Pool,Gym",995612
Premium Villa in Hyderabad,"Hyderabad, TS",Villa,2050,2,1,1980,Gym,1113235
Premium Townhouse in Pune,"Pune, MH",Townhouse,3131,1,2,1989,"Security,Pool,Parking",1111600
Premium Apartment in Pune,"Pune, MH",Apartment,1024,4,1,2005,Pool,530772
Premium Condo in Ahmedabad,"Ahmedabad, GJ",Condo,2266,5,1,1996,"Garden,Gym,WiFi,Parking,Security",955738
Premium Townhouse in Pune,"Pune, MH",Townhouse,2976,3,1,2003,"WiFi,Security",1052494
Premium Condo in Kolkata,"Kolkata, WB",Condo,1615,1,1,2005,"Security,Garden,Parking,WiFi",515214
Premium Apartment in Chennai,"Chennai, TN",Apartment,4948,4,4,1996,Gym,1734624
Premium Apartment in Delhi,"Delhi, DL",Apartment,1808,3,3,1997,WiFi,1354657
Premium Apartment in Ahmedabad,"Ahmedabad, GJ",Apartment,3389,1,4,2006,"Security,Pool",1090627
Premium Townhouse in Hyderabad,"Hyderabad, TS",Townhouse,1240,5,2,2015,Garden,694827
Premium Townhouse in Hyderabad,"Hyderabad, TS",Townhouse,1037,5,4,2004,"Gym,Pool,Security",644155
Premium Townhouse in Kolkata,"Kolkata, WB",Townhouse,846,2,2,1997,"Garden,Pool,Gym,Security",432839
Premium Condo in Chennai,"Chennai, TN",Condo,3589,5,2,2009,"Security,WiFi,Pool,Parking,Gym",1414858
Premium Villa in Kolkata,"Kolkata, WB",Villa,3122,1,4,2015,"Pool,WiFi",1677768
Premium Condo in Delhi,"Delhi, DL",Condo,1489,2,1,1986,"Security,Garden",1030897
Premium Apartment in Bangalore,"Bangalore, KA",Apartment,1589,1,2,2004,"Gym,Garden,Parking",899641
Premium Penthouse in Chennai,"Chennai, TN",Penthouse,2400,6,4,2015,"Pool,Garden,Parking,Gym",2162176
Premium Villa in Mumbai,"Mumbai, MH",Villa,2014,4,1,1981,Parking,2694803
Premium Condo in Bangalore,"Bangalore, KA",Condo,4697,3,3,2023,"Security,Parking,Garden",2604873
Premium Villa in Ahmedabad,"Ahmedabad, GJ",Villa,3160,6,4,2016,"Pool,Security,WiFi,Garden,Gym",1930899
Premium Condo in Hyderabad,"Hyderabad, TS",Condo,3336,6,2,2002,"Garden,Parking,Security,Gym",1455196
Premium Apartment in Mumbai,"Mumbai, MH",Apartment,4342,1,4,2014,"Garden,Parking,WiFi",2678357
Premium Condo in Chennai,"Chennai, TN",Condo,3205,3,4,1986,"Security,Parking,Garden,WiFi",1254709
Premium Condo in Mumbai,"Mumbai, MH",Condo,3945,6,2,1984,"Pool,WiFi,Gym,Parking,Garden",2895758
Premium Townhouse in Hyderabad,"Hyderabad, TS",Townhouse,2617,4,2,1996,"WiFi,Pool,Garden,Security,Parking",1045387
Premium Apartment in Chennai,"Chennai, TN",Apartment,4739,6,3,2018,"Garden,WiFi,Gym,Parking",1818507
Premium Townhouse in Chennai,"Chennai, TN",Townhouse,2124,1,4,2022,"Pool,WiFi",699981
Premium Townhouse in Chennai,"Chennai, TN",Townhouse,3119,2,2,2012,"Gym,Pool",1014888
Premium Villa in Mumbai,"Mumbai, MH",Villa,1488,5,1,1993,Parking,2250716
Premium Penthouse in Pune,"Pune, MH",Penthouse,3902,4,4,2020,"Security,WiFi,Pool",2989589
Premium Penthouse in Delhi,"Delhi, DL",Penthouse,2525,4,3,2021,"Parking,Security",3885591
Premium Apartment in Ahmedabad,"Ahmedabad, GJ",Apartment,2017,3,4,2001,"Security,Garden,WiFi,Gym",787173
Premium Penthouse in Kolkata,"Kolkata, WB",Penthouse,2159,1,3,2024,Pool,1544531
Premium Villa in Chennai,"Chennai, TN",Villa,4071,3,2,2002,"Pool,WiFi,Parking,Gym,Garden",2269816
Premium Villa in Delhi,"Delhi, DL",Villa,4684,4,4,2008,"Security,Garden,Pool,Gym,Parking",4670978
Premium Condo in Bangalore,"Bangalore, KA",Condo,2939,2,4,2013,"Garden,Gym,WiFi",1602972
Premium Apartment in Chennai,"Chennai, TN",Apartment,1788,6,4,1981,"Security,Pool",846143
Premium Condo in Hyderabad,"Hyderabad, TS",Condo,2243,3,4,2002,"WiFi,Garden",947854
Premium Townhouse in Hyderabad,"Hyderabad, TS",Townhouse,4606,4,2,2016,"Parking,Security",1540240
Premium Villa in Delhi,"Delhi, DL",Villa,3334,4,2,2015,"Security,Pool,WiFi,Garden",3553218
Premium Townhouse in Delhi,"Delhi, DL",Townhouse,2037,4,2,1997,Parking,1586369
Premium Villa in Ahmedabad,"Ahmedabad, GJ",Villa,4711,4,2,1987,"Gym,Security",2700396
Premium Condo in Bangalore,"Bangalore, KA",Condo,1909,6,2,1987,Gym,1258360
Premium Townhouse in Mumbai,"Mumbai, MH",Townhouse,4520,3,3,1984,"Security,Gym,Pool,WiFi,Parking",3109215
Premium Townhouse in Ahmedabad,"Ahmedabad, GJ",Townhouse,512,3,1,1985,"Security,Parking,Pool,Garden,WiFi",295240
Premium Condo in Chennai,"Chennai, TN",Condo,1487,1,4,2008,Gym,545903
Premium Townhouse in Bangalore,"Bangalore, KA",Townhouse,2128,2,2,1994,"Pool,Parking,Garden",1223692
Premium Penthouse in Ahmedabad,"Ahmedabad, GJ",Penthouse,1996,4,1,2022,"Security,WiFi",1736191
Premium Villa in Kolkata,"Kolkata, WB",Villa,596,3,2,1989,Garden,567436
Premium Villa in Bangalore,"Bangalore, KA",Villa,1816,5,4,1990,"Pool,Security,WiFi,Parking,Gym",2033667
Premium Townhouse in Kolkata,"Kolkata, WB",Townhouse,4838,5,2,2008,"Garden,Security,Parking",1886178
Premium Apartment in Bangalore,"Bangalore, KA",Apartment,4701,2,1,2003,"Pool,Gym,WiFi,Garden",2450680
Premium Condo in Hyderabad,"Hyderabad, TS",Condo,3560,6,3,2014,"Parking,Garden,Gym,WiFi",1358477
Premium Apartment in Pune,"Pune, MH",Apartment,2571,5,4,2018,"WiFi,Garden,Pool",998502
Premium Townhouse in Mumbai,"Mumbai, MH",Townhouse,4572,3,1,2017,"Security,Pool",3052017
Premium Penthouse in Kolkata,"Kolkata, WB",Penthouse,2438,1,1,2003,"Security,WiFi,Pool",1732199
Premium Townhouse in Ahmedabad,"Ahmedabad, GJ",Townhouse,3093,6,3,2007,"Parking,Pool,Garden",1373501
Premium Townhouse in Pune,"Pune, MH",Townhouse,805,4,2,2005,"Gym,WiFi,Garden,Parking",495151
Premium Villa in Hyderabad,"Hyderabad, TS",Villa,4314,5,3,1986,Security,2335958
Premium Apartment in Bangalore,"Bangalore, KA",Apartment,2150,4,4,2019,Security,1255257
Premium Penthouse in Ahmedabad,"Ahmedabad, GJ",Penthouse,725,1,4,2020,"WiFi,Pool,Parking,Security",626269
Premium Penthouse in Pune,"Pune, MH",Penthouse,1780,4,3,1996,Garden,1729740
Premium Condo in Kolkata,"Kolkata, WB",Condo,2710,1,3,2017,Gym,861041
Premium Condo in Ahmedabad,"Ahmedabad, GJ",Condo,1620,4,3,1980,"Garden,Pool,Security",739404
Premium Condo in Ahmedabad,"Ahmedabad, GJ",Condo,829,1,4,2016,"Gym,Parking,Security,Pool",345914
Premium Condo in Kolkata,"Kolkata, WB",Condo,3885,4,1,2010,"Pool,Security,Parking",1372859
Premium Villa in Ahmedabad,"Ahmedabad, GJ",Villa,3514,2,4,2012,"Security,Gym,Pool",1998040
Premium Apartment in Chennai,"Chennai, TN",Apartment,3418,3,4,2008,"Security,Pool,Garden,WiFi",1159222
Premium Condo in Pune,"Pune, MH",Condo,897,1,3,1984,"Parking,Garden",343351
Premium Apartment in Delhi,"Delhi, DL",Apartment,3629,1,4,2016,"Gym,WiFi",2251506
Premium Apartment in Kolkata,"Kolkata, WB",Apartment,3553,6,1,2005,WiFi,1457761
Premium Apartment in Hyderabad,"Hyderabad, TS",Apartment,2555,3,2,2018,Parking,896262
Premium Apartment in Hyderabad,"Hyderabad, TS",Apartment,1829,5,3,1983,"WiFi,Gym",894266
Premium Villa in Delhi,"Delhi, DL",Villa,1311,6,3,2009,"Gym,Parking,Garden,Pool,WiFi",2067586
Premium Penthouse in Kolkata,"Kolkata, WB",Penthouse,3200,1,4,2001,"Parking,Gym",2276884
Premium Apartment in Chennai,"Chennai, TN",Apartment,3954,5,1,2011,"Garden,Parking",1506849
Premium Townhouse in Chennai,"Chennai, TN",Townhouse,958,2,4,2004,"Pool,Security",435799
Premium Condo in Mumbai,"Mumbai, MH",Condo,1065,2,3,1987,"WiFi,Parking",953882
Premium Villa in Pune,"Pune, MH",Villa,1639,4,2,1989,"Gym,Garden,Security",1015636
Premium Condo in Chennai,"Chennai, TN",Condo,1721,1,2,2024,"Gym,Parking,Garden,Security",556086
Premium Townhouse in Hyderabad,"Hyderabad, TS",Townhouse,626,1,2,1997,"Garden,Security,WiFi",296891
Premium Condo in Delhi,"Delhi, DL",Condo,2884,4,2,1996,"Pool,WiFi,Gym",2100323
Premium Townhouse in Mumbai,"Mumbai, MH",Townhouse,3194,4,3,1998,"WiFi,Pool",2327789
Premium Condo in Bangalore,"Bangalore, KA",Condo,3939,5,3,2002,"Security,Parking,Garden",2068393
Premium Penthouse in Hyderabad,"Hyderabad, TS",Penthouse,3710,1,4,1992,"Gym,Parking,WiFi,Garden",2624812
Premium Townhouse in Kolkata,"Kolkata, WB",Townhouse,3551,1,2,1992,"Pool,Security,Parking,Gym,Garden",1050516
Premium Apartment in Kolkata,"Kolkata, WB",Apartment,2829,6,3,1993,Garden,1227634
Premium Apartment in Chennai,"Chennai, TN",Apartment,3589,5,4,1998,Security,1444852
Premium Townhouse in Mumbai,"Mumbai, MH",Townhouse,1579,5,1,1999,WiFi,1413477
Premium Villa in Ahmedabad,"Ahmedabad, GJ",Villa,753,4,2,2000,"WiFi,Parking,Security",636355
Premium Villa in Delhi,"Delhi, DL",Villa,4962,5,4,1981,"Garden,Security,Pool,Parking,WiFi",4730041
Premium Condo in Chennai,"Chennai, TN",Condo,2964,1,4,2003,"Parking,Security",1041309
Premium Townhouse in Delhi,"Delhi, DL",Townhouse,3037,5,3,2014,"Security,WiFi",2334508
Premium Apartment in Ahmedabad,"Ahmedabad, GJ",Apartment,3719,4,1,2005,"Gym,Pool",1329506
Premium Penthouse in Kolkata,"Kolkata, WB",Penthouse,2570,5,4,2005,"Garden,Security,Parking,Gym",2056533
Premium Condo in Kolkata,"Kolkata, WB",Condo,3726,1,1,1987,"Gym,Parking",1278275
Premium Townhouse in Delhi,"Delhi, DL",Townhouse,1582,3,3,2006,Pool,1325924
Premium Apartment in Bangalore,"Bangalore, KA",Apartment,4680,5,3,2001,"Pool,Parking,WiFi",2652282
Premium Townhouse in Hyderabad,"Hyderabad, TS",Townhouse,2410,1,1,2018,WiFi,717854
Premium Condo in Delhi,"Delhi, DL",Condo,698,3,3,1988,Parking,798154
Premium Penthouse in Ahmedabad,"Ahmedabad, GJ",Penthouse,2367,6,1,1989,"Security,Parking,WiFi",2051524
Premium Apartment in Kolkata,"Kolkata, WB",Apartment,1087,5,2,1989,"Security,Pool,WiFi,Parking,Garden",589810
Premium Apartment in Delhi,"Delhi, DL",Apartment,4613,2,1,2007,"Parking,WiFi",2704967
Premium Condo in Bangalore,"Bangalore, KA",Condo,2261,1,3,2024,"Pool,Garden,Parking,Security,WiFi",1072600
Premium Townhouse in Hyderabad,"Hyderabad, TS",Townhouse,1401,4,3,2021,"Gym,Garden,Pool,WiFi",698872
Premium Apartment in Ahmedabad,"Ahmedabad, GJ",Apartment,3942,6,4,2008,"Parking,Garden,Gym,Pool,WiFi",1482038
Premium Villa in Bangalore,"Bangalore, KA",Villa,4338,3,2,1996,"Garden,WiFi,Parking,Security,Gym",3473340
Premium Penthouse in Mumbai,"Mumbai, MH",Penthouse,1294,5,1,1995,"Pool,WiFi,Security,Garden,Parking",2847567
Premium Apartment in Mumbai,"Mumbai, MH",Apartment,1425,3,3,2021,Garden,1274444
Premium Villa in Pune,"Pune, MH",Villa,2314,1,2,1996,WiFi,1283287
Premium Condo in Mumbai,"Mumbai, MH",Condo,1182,4,3,1998,"Gym,Garden",1185003
Premium Condo in Delhi,"Delhi, DL",Condo,2237,5,2,1988,"Pool,Security",1776226
Premium Condo in Delhi,"Delhi, DL",Condo,2545,2,1,1994,"Gym,Garden",1724007
Premium Villa in Bangalore,"Bangalore, KA",Villa,1393,3,2,2010,Gym,1355192
Premium Townhouse in Pune,"Pune, MH",Townhouse,1098,2,1,1991,"Gym,Parking,Pool",488006
Premium Apartment in Pune,"Pune, MH",Apartment,3525,5,2,2004,"WiFi,Gym,Pool,Garden",1401639
Premium Villa in Delhi,"Delhi, DL",Villa,4971,4,2,2017,"Gym,Garden,Security,WiFi",4699931
Premium Townhouse in Kolkata,"Kolkata, WB",Townhouse,3793,2,2,1991,"Security,Gym,Garden",1214120
Premium Villa in Pune,"Pune, MH",Villa,3682,5,1,2000,"Pool,Gym,Parking,Garden",2122734
Premium Townhouse in Bangalore,"Bangalore, KA",Townhouse,2837,4,4,2010,Pool,1819990
Premium Penthouse in Hyderabad,"Hyderabad, TS",Penthouse,2633,3,3,2016,"Garden,Pool,Parking,WiFi,Gym",2109001
Premium Condo in Ahmedabad,"Ahmedabad, GJ",Condo,3143,1,2,2009,"Pool,Garden",1026945
Premium Condo in Bangalore,"Bangalore, KA",Condo,2114,1,3,1992,"Garden,Parking,Pool,WiFi",1027272
Premium Condo in Kolkata,"Kolkata, WB",Condo,1967,6,3,2008,"Pool,Security,WiFi",1041930
Premium Villa in Pune,"Pune, MH",Villa,3850,6,1,2004,Security,2070812
Premium Townhouse in Chennai,"Chennai, TN",Townhouse,601,3,2,1994,"Garden,Security,WiFi,Parking,Gym",338561
Premium Condo in Delhi,"Delhi, DL",Condo,1090,5,1,2014,"Gym,Garden,Parking,Pool",1105614
Premium Condo in Bangalore,"Bangalore, KA",Condo,659,5,1,1994,"Security,Gym,Parking,WiFi,Pool",682767
Premium Villa in Pune,"Pune, MH",Villa,2638,1,1,2023,"Security,Garden,Parking,Gym,Pool",1310788
Premium Condo in Delhi,"Delhi, DL",Condo,4231,1,3,2021,"Parking,Security,WiFi,Pool,Gym",2447514
Premium Apartment in Chennai,"Chennai, TN",Apartment,1334,1,3,2011,"Pool,Garden,WiFi,Parking,Security",518252
Premium Condo in Pune,"Pune, MH",Condo,1015,4,1,2004,"Gym,Security",502068
Premium Villa in Hyderabad,"Hyderabad, TS",Villa,627,3,2,2020,"Security,Parking,WiFi,Gym",563065
Premium Townhouse in Pune,"Pune, MH",Townhouse,3687,4,2,2003,Security,1340148
Premium Townhouse in Bangalore,"Bangalore, KA",Townhouse,1114,4,4,1996,Gym,829823
Premium Townhouse in Bangalore,"Bangalore, KA",Townhouse,4936,3,1,2004,"Pool,Parking,Security,Gym",2429700
Premium Penthouse in Mumbai,"Mumbai, MH",Penthouse,4294,4,2,1993,Gym,6199098
Premium Penthouse in Bangalore,"Bangalore, KA",Penthouse,3098,2,3,2020,"Parking,WiFi,Security,Gym",3265809
Premium Penthouse in Pune,"Pune, MH",Penthouse,1653,1,2,1990,"Parking,Garden,Security,Pool",1269517
Premium Apartment in Kolkata,"Kolkata, WB",Apartment,2028,3,1,1999,"Security,Pool",707852
Premium Villa in Chennai,"Chennai, TN",Villa,1503,3,2,1989,"Parking,Garden,Security",1044537
Premium Villa in Ahmedabad,"Ahmedabad, GJ",Villa,3327,4,1,1980,"Security,Parking,Pool,Gym",1921730
Premium Villa in Ahmedabad,"Ahmedabad, GJ",Villa,658,6,4,1994,"Parking,WiFi,Garden,Gym,Pool",921643
Premium Condo in Hyderabad,"Hyderabad, TS",Condo,1633,6,4,1999,"Parking,WiFi,Gym",815233
Premium Townhouse in Delhi,"Delhi, DL",Townhouse,2116,4,3,1987,"WiFi,Security,Parking,Pool",1552996
Premium Villa in Bangalore,"Bangalore, KA",Villa,4724,2,4,2024,"Garden,Parking,Gym",3845947
Premium Townhouse in Kolkata,"Kolkata, WB",Townhouse,1445,3,1,1987,"Pool,Security,WiFi,Garden,Parking",639943
Premium Penthouse in Mumbai,"Mumbai, MH",Penthouse,2327,2,1,2002,"Security,Pool",3114534
Premium Condo in Ahmedabad,"Ahmedabad, GJ",Condo,4897,1,2,1989,Gym,1500853
Premium Townhouse in Kolkata,"Kolkata, WB",Townhouse,3472,3,4,1987,"WiFi,Garden",1289783
Premium Condo in Chennai,"Chennai, TN",Condo,1249,5,2,1984,"WiFi,Garden",645776
Premium Villa in Mumbai,"Mumbai, MH",Villa,1688,5,4,2024,"WiFi,Security,Gym,Pool",2554872
Premium Penthouse in Kolkata,"Kolkata, WB",Penthouse,4928,1,2,2021,"WiFi,Security,Pool",2974890
Premium Penthouse in Mumbai,"Mumbai, MH",Penthouse,2598,6,1,2018,"WiFi,Parking,Gym,Garden,Pool",4030133
Premium Condo in Bangalore,"Bangalore, KA",Condo,2149,5,1,2014,"Parking,WiFi,Pool",1454219
Premium Villa in Pune,"Pune, MH",Villa,1831,4,4,1994,"Gym,Pool,Security",1270608
Premium Penthouse in Bangalore,"Bangalore, KA",Penthouse,2888,2,3,2019,"Security,WiFi",2876775
Premium Villa in Chennai,"Chennai, TN",Villa,4151,5,2,2000,Security,2329026
Premium Villa in Kolkata,"Kolkata, WB",Villa,2608,1,4,2004,Security,1402097
Premium Condo in Kolkata,"Kolkata, WB",Condo,4034,5,3,2018,"Parking,Security",1393651
Premium Townhouse in Ahmedabad,"Ahmedabad, GJ",Townhouse,1622,3,2,2004,"Security,Parking,Pool,Garden,Gym",611094
Premium Penthouse in Ahmedabad,"Ahmedabad, GJ",Penthouse,2142,2,1,2013,"WiFi,Security,Parking,Pool",1412932
Premium Penthouse in Bangalore,"Bangalore, KA",Penthouse,1015,6,3,1997,"WiFi,Pool",2071423
Premium Townhouse in Bangalore,"Bangalore, KA",Townhouse,4425,3,2,2022,"Pool,Parking,WiFi,Security",2479092
Premium Villa in Delhi,"Delhi, DL",Villa,4078,5,2,2005,"Parking,Security,WiFi,Pool,Garden",4135393
Premium Villa in Chennai,"Chennai, TN",Villa,4079,3,4,2007,"Gym,Security",2115151
Premium Condo in Ahmedabad,"Ahmedabad, GJ",Condo,1109,5,2,2023,"Security,Gym,Pool",631606
Premium Townhouse in Bangalore,"Bangalore, KA",Townhouse,4873,3,3,2019,"Gym,Garden,WiFi,Pool,Parking",2362171
Premium Penthouse in Delhi,"Delhi, DL",Penthouse,779,6,3,2010,"Security,Parking,Garden,Gym,WiFi",2231907
Premium Villa in Chennai,"Chennai, TN",Villa,794,2,3,2000,"Security,Gym",574650
Premium Villa in Hyderabad,"Hyderabad, TS",Villa,3830,6,2,2010,Gym,2411513
Premium Penthouse in Bangalore,"Bangalore, KA",Penthouse,3618,6,1,2010,"WiFi,Parking",3982953
Premium Villa in Pune,"Pune, MH",Villa,3142,6,1,1998,WiFi,1892252
Premium Apartment in Delhi,"Delhi, DL",Apartment,1677,2,2,1996,"Pool,Gym",1114026
Premium Townhouse in Pune,"Pune, MH",Townhouse,3079,2,4,2019,"Parking,Garden,Gym,Security",1047830
Premium Penthouse in Chennai,"Chennai, TN",Penthouse,809,5,2,1992,"Security,Garden,Pool,WiFi,Gym",990369
Premium Villa in Kolkata,"Kolkata, WB",Villa,4257,6,4,2013,"Parking,Garden,Gym,Pool,WiFi",2646921
Premium Villa in Pune,"Pune, MH",Villa,4917,2,4,1999,"Parking,Garden,WiFi",2283995
Premium Villa in Chennai,"Chennai, TN",Villa,4969,3,2,2013,"Gym,Pool",2404824
Premium Villa in Ahmedabad,"Ahmedabad, GJ",Villa,4048,5,3,1985,"Pool,Gym,Garden",2210779
Premium Villa in Pune,"Pune, MH",Villa,3338,1,2,2013,Parking,1786670
Premium Apartment in Pune,"Pune, MH",Apartment,3651,1,2,2002,"Parking,Garden,Pool,Gym",1289326
Premium Townhouse in Hyderabad,"Hyderabad, TS",Townhouse,3690,3,4,2012,"Gym,WiFi,Garden",1240097
Premium Penthouse in Delhi,"Delhi, DL",Penthouse,2257,3,2,2006,"Garden,Gym,Parking,Security,WiFi",3411783
Premium Apartment in Delhi,"Delhi, DL",Apartment,778,1,1,1991,"Pool,Parking,Security,Gym",525508
Premium Penthouse in Hyderabad,"Hyderabad, TS",Penthouse,2842,3,2,1991,"Parking,Gym,Garden",2047442
Premium Penthouse in Mumbai,"Mumbai, MH",Penthouse,868,5,4,2019,"Security,Pool,WiFi",2143397
Premium Condo in Kolkata,"Kolkata, WB",Condo,3182,1,1,2005,"Gym,Pool,Security,Garden,Parking",1074741
Premium Penthouse in Delhi,"Delhi, DL",Penthouse,4437,3,1,2005,"Pool,Security,Parking",5811644
Premium Condo in Bangalore,"Bangalore, KA",Condo,4321,1,2,1983,Pool,2207510
Premium Condo in Chennai,"Chennai, TN",Condo,535,4,3,2012,"Gym,WiFi,Pool,Garden",439347
Premium Condo in Bangalore,"Bangalore, KA",Condo,3117,2,4,2012,"Pool,Gym,WiFi,Garden,Security",1568642
Premium Condo in Mumbai,"Mumbai, MH",Condo,2494,1,3,1984,"Security,Gym,WiFi,Garden",1615911
Premium Apartment in Ahmedabad,"Ahmedabad, GJ",Apartment,2868,5,3,2019,"Garden,Security",1074704
Premium Condo in Delhi,"Delhi, DL",Condo,1879,1,4,2005,"WiFi,Garden,Security,Parking,Gym",1129458
Premium Penthouse in Bangalore,"Bangalore, KA",Penthouse,4509,3,4,2000,"Parking,Security,Gym",4487985
Premium Condo in Bangalore,"Bangalore, KA",Condo,2220,2,4,1981,"Garden,Parking,Gym,Security",1185882
Premium Townhouse in Bangalore,"Bangalore, KA",Townhouse,1228,3,4,2001,"Pool,Gym,Parking,Security,WiFi",982303
Premium Penthouse in Mumbai,"Mumbai, MH",Penthouse,3033,4,2,1993,"Gym,Security,Parking",4442603
Premium Apartment in Pune,"Pune, MH",Apartment,2360,5,2,1993,Parking,1031400
Premium Villa in Hyderabad,"Hyderabad, TS",Villa,2631,4,2,2015,"Gym,Garden",1593913
Premium Townhouse in Mumbai,"Mumbai, MH",Townhouse,2877,1,4,2005,"Garden,Gym,Security,Pool,Parking",1859019
Premium Penthouse in Kolkata,"Kolkata, WB",Penthouse,1152,1,1,1984,"Parking,Security,Pool,WiFi",833087
Premium Condo in Kolkata,"Kolkata, WB",Condo,3421,6,2,1982,"Security,Pool",1444769
Premium Apartment in Bangalore,"Bangalore, KA",Apartment,2183,6,3,1999,"Pool,Security,Parking",1603477
Premium Townhouse in Pune,"Pune, MH",Townhouse,4732,6,2,2011,"Gym,WiFi,Security",1655623
Premium Condo in Bangalore,"Bangalore, KA",Condo,2368,1,4,2009,WiFi,1146693
Premium Condo in Ahmedabad,"Ahmedabad, GJ",Condo,2113,4,4,2024,"Gym,Pool,Garden,WiFi,Security",837832
Premium Apartment in Ahmedabad,"Ahmedabad, GJ",Apartment,2332,2,1,2008,"Pool,Garden",755617
Premium Villa in Kolkata,"Kolkata, WB",Villa,3501,6,1,2012,WiFi,2121023
Premium Townhouse in Ahmedabad,"Ahmedabad, GJ",Townhouse,1057,4,1,1989,"Security,Pool",578088
Premium Villa in Kolkata,"Kolkata, WB",Villa,2227,3,2,2019,"WiFi,Security",1407194
Premium Villa in Hyderabad,"Hyderabad, TS",Villa,3986,5,1,1996,"Security,Garden",2231463
Premium Apartment in Bangalore,"Bangalore, KA",Apartment,2399,3,4,2019,"Parking,Security",1519769
Premium Townhouse in Ahmedabad,"Ahmedabad, GJ",Townhouse,3147,2,3,1988,Security,1053265
Premium Villa in Ahmedabad,"Ahmedabad, GJ",Villa,2831,4,2,1981,"Parking,Gym,Garden",1545595
Premium Villa in Bangalore,"Bangalore, KA",Villa,1564,6,2,1992,"WiFi,Garden",1920930
Premium Penthouse in Hyderabad,"Hyderabad, TS",Penthouse,2026,1,4,2016,"WiFi,Garden,Security,Pool",1378727
Premium Penthouse in Pune,"Pune, MH",Penthouse,4227,4,4,2005,"Parking,Garden,WiFi,Pool,Gym",3200457
Premium Penthouse in Bangalore,"Bangalore, KA",Penthouse,3721,1,1,1983,"Pool,Garden,Security,Parking,WiFi",3635509
Premium Villa in Kolkata,"Kolkata, WB",Villa,4535,6,3,1995,"Parking,Garden,Security",2571487
Premium Townhouse in Delhi,"Delhi, DL",Townhouse,1444,1,3,1993,"Security,Pool",936403
Premium Townhouse in Delhi,"Delhi, DL",Townhouse,4678,6,1,1990,"Pool,Parking",3071622
Premium Apartment in Bangalore,"Bangalore, KA",Apartment,3093,3,3,1990,Security,1611510
Premium Townhouse in Pune,"Pune, MH",Townhouse,2315,5,3,2024,"Pool,WiFi",941339
Premium Condo in Mumbai,"Mumbai, MH",Condo,4771,4,1,1984,"Security,Gym,Garden,Pool,Parking",3508983
Premium Apartment in Delhi,"Delhi, DL",Apartment,4502,4,1,1989,"Security,Parking",2645374
Premium Condo in Hyderabad,"Hyderabad, TS",Condo,3870,4,3,2000,Pool,1311498
Premium Apartment in Kolkata,"Kolkata, WB",Apartment,4298,5,4,1991,"Parking,Garden",1481220
Premium Villa in Chennai,"Chennai, TN",Villa,1989,2,2,2023,"WiFi,Parking,Pool",1172225
Premium Townhouse in Pune,"Pune, MH",Townhouse,3768,2,1,1994,"Gym,Garden",1132905
Premium Townhouse in Bangalore,"Bangalore, KA",Townhouse,700,2,4,2024,"Pool,Garden,Gym,WiFi",620420
Premium Villa in Mumbai,"Mumbai, MH",Villa,4693,1,1,2012,Parking,4138466
Premium Penthouse in Ahmedabad,"Ahmedabad, GJ",Penthouse,2362,5,2,2024,"Parking,Gym",1905759
Premium Villa in Chennai,"Chennai, TN",Villa,2589,4,1,1995,"Pool,WiFi,Parking",1585113
Premium Condo in Delhi,"Delhi, DL",Condo,4995,4,2,2000,"Parking,Security,Pool,WiFi",3240786
Premium Apartment in Delhi,"Delhi, DL",Apartment,1378,2,1,2021,"Parking,Pool,Security,Garden",866596
Premium Penthouse in Ahmedabad,"Ahmedabad, GJ",Penthouse,2814,1,1,1985,"Parking,WiFi",1747321
Premium Townhouse in Pune,"Pune, MH",Townhouse,3289,1,3,1980,"Parking,Gym,WiFi,Security,Garden",1088974
Premium Penthouse in Hyderabad,"Hyderabad, TS",Penthouse,4717,3,4,1988,"Gym,Pool,Security,Parking",3013682
Premium Townhouse in Kolkata,"Kolkata, WB",Townhouse,1168,3,4,2008,"Security,Parking,WiFi,Garden,Gym",624272
Premium Penthouse in Delhi,"Delhi, DL",Penthouse,2347,6,2,1980,"Garden,Security,Parking",3637011
Premium Villa in Hyderabad,"Hyderabad, TS",Villa,3783,5,4,1984,"Garden,Parking,Gym,Pool",2101202
Premium Apartment in Bangalore,"Bangalore, KA",Apartment,1849,5,2,2008,Parking,1162539
Premium Condo in Delhi,"Delhi, DL",Condo,3233,3,4,1995,Garden,1971676
Premium Condo in Chennai,"Chennai, TN",Condo,4643,5,4,1990,"Parking,Garden",1778423
Premium Condo in Bangalore,"Bangalore, KA",Condo,1529,6,2,1990,Parking,1090779
Premium Apartment in Bangalore,"Bangalore, KA",Apartment,2744,4,2,2007,"Garden,Gym",1699049
Premium Condo in Kolkata,"Kolkata, WB",Condo,2077,6,3,2009,"Garden,Parking,Gym",929430
Premium Villa in Hyderabad,"Hyderabad, TS",Villa,3495,3,4,1989,"Pool,Gym",1878908
Premium Townhouse in Hyderabad,"Hyderabad, TS",Townhouse,3868,6,2,2009,"WiFi,Garden,Security",1634667
Premium Penthouse in Chennai,"Chennai, TN",Penthouse,1890,6,2,2007,"Pool,Garden,Gym",1854674
Premium Townhouse in Hyderabad,"Hyderabad, TS",Townhouse,2279,1,1,1998,"Parking,Pool,Gym,Security,Garden",767013
Premium Villa in Delhi,"Delhi, DL",Villa,2631,3,2,2016,"Parking,Pool,Garden,WiFi,Gym",2907967
Premium Condo in Chennai,"Chennai, TN",Condo,1022,5,3,1994,Pool,558229
Premium Townhouse in Kolkata,"Kolkata, WB",Townhouse,2836,4,1,2010,"Security,Parking,Gym",1079261
Premium Townhouse in Chennai,"Chennai, TN",Townhouse,2835,6,4,1994,"Parking,WiFi",1143865
Premium Townhouse in Pune,"Pune, MH",Townhouse,2601,1,1,2019,"Pool,WiFi,Gym,Parking,Security",877659
Premium Penthouse in Hyderabad,"Hyderabad, TS",Penthouse,1552,5,3,1982,"Gym,Parking",1627560
Premium Apartment in Kolkata,"Kolkata, WB",Apartment,2051,3,4,2006,Security,900217
Premium Townhouse in Pune,"Pune, MH",Townhouse,2038,6,3,1987,Parking,895828
Premium Apartment in Bangalore,"Bangalore, KA",Apartment,3252,5,4,1985,"Parking,Garden,WiFi,Security",1894827
Premium Condo in Pune,"Pune, MH",Condo,1319,5,2,2021,"Security,WiFi,Gym,Parking,Pool",646638
Premium Villa in Ahmedabad,"Ahmedabad, GJ",Villa,4039,6,3,1988,"Security,WiFi",2256319
Premium Townhouse in Hyderabad,"Hyderabad, TS",Townhouse,3986,6,4,1998,"Pool,Parking,Garden,Security,Gym",1612166
Premium Condo in Hyderabad,"Hyderabad, TS",Condo,3152,1,1,1983,"WiFi,Security,Gym,Pool",1024951
Premium Apartment in Mumbai,"Mumbai, MH",Apartment,1778,2,2,2000,"Parking,Gym",1292234
Premium Townhouse in Hyderabad,"Hyderabad, TS",Townhouse,3041,2,3,1997,"Gym,Parking,WiFi",1002366
Premium Apartment in Ahmedabad,"Ahmedabad, GJ",Apartment,2287,3,1,1984,"Parking,Gym,WiFi,Garden",898786
Premium Penthouse in Mumbai,"Mumbai, MH",Penthouse,4258,4,4,1983,"Parking,Gym",6716313
Premium Condo in Kolkata,"Kolkata, WB",Condo,997,2,4,1989,"Garden,WiFi",496385
Premium Villa in Chennai,"Chennai, TN",Villa,3827,1,3,2020,"Parking,Security",1719857
Premium Penthouse in Ahmedabad,"Ahmedabad, GJ",Penthouse,1538,6,1,1989,"Garden,Security",1520578
Premium Apartment in Hyderabad,"Hyderabad, TS",Apartment,4364,3,2,2022,"WiFi,Parking",1568355
Premium Villa in Bangalore,"Bangalore, KA",Villa,2656,4,1,2019,"Pool,Security,Garden",2415587
Premium Townhouse in Delhi,"Delhi, DL",Townhouse,2363,2,1,2022,"Security,Garden,WiFi,Pool,Gym",1634795
Premium Penthouse in Kolkata,"Kolkata, WB",Penthouse,3030,5,1,1984,Gym,2175670
Premium Villa in Bangalore,"Bangalore, KA",Villa,2812,4,3,2017,"Security,Garden",2694001
Premium Villa in Chennai,"Chennai, TN",Villa,1472,5,2,1997,"Pool,Gym",1114826
Premium Villa in Bangalore,"Bangalore, KA",Villa,4136,2,1,2013,"WiFi,Pool,Security",3293663
Premium Villa in Chennai,"Chennai, TN",Villa,2675,4,4,2011,"Security,Gym,WiFi",1744559
Premium Villa in Mumbai,"Mumbai, MH",Villa,2244,3,2,2004,"Security,Parking,WiFi,Garden,Gym",2820310
Premium Villa in Ahmedabad,"Ahmedabad, GJ",Villa,4125,2,3,1999,"Parking,WiFi,Pool",2022513
Premium Apartment in Kolkata,"Kolkata, WB",Apartment,3610,3,4,1993,"Gym,Garden",1303047
Premium Apartment in Chennai,"Chennai, TN",Apartment,1948,1,3,1980,"Pool,Gym",702911
Premium Condo in Ahmedabad,"Ahmedabad, GJ",Condo,4785,6,3,2003,Gym,1911569
Premium Townhouse in Kolkata,"Kolkata, WB",Townhouse,2927,2,2,1996,"Garden,WiFi",1005796
Premium Townhouse in Pune,"Pune, MH",Townhouse,2476,3,4,2009,Pool,997501
Premium Condo in Mumbai,"Mumbai, MH",Condo,2839,1,4,2001,"Parking,WiFi,Security,Gym",1803996
Premium Penthouse in Pune,"Pune, MH",Penthouse,4662,6,3,2013,"WiFi,Pool,Gym,Security,Garden",3706533
Premium Condo in Hyderabad,"Hyderabad, TS",Condo,3470,4,2,2013,"Security,Pool,Parking,Garden",1367158
Premium Penthouse in Bangalore,"Bangalore, KA",Penthouse,3694,3,2,2012,"Parking,WiFi,Pool,Gym,Garden",3523618
Premium Villa in Pune,"Pune, MH",Villa,690,3,1,2010,Garden,590793
Premium Penthouse in Ahmedabad,"Ahmedabad, GJ",Penthouse,3339,6,2,1989,"Gym,WiFi,Garden,Pool",2616917
Premium Apartment in Chennai,"Chennai, TN",Apartment,3959,5,3,2020,"Gym,Pool",1351541
Premium Apartment in Mumbai,"Mumbai, MH",Apartment,2943,2,4,2011,Garden,2001067
Premium Villa in Bangalore,"Bangalore, KA",Villa,1228,2,4,2003,"WiFi,Garden,Parking",1163313
Premium Villa in Chennai,"Chennai, TN",Villa,4142,2,3,1997,"Garden,Pool,Security",2265667
Premium Condo in Chennai,"Chennai, TN",Condo,3141,4,4,1983,Gym,1344242
Premium Condo in Chennai,"Chennai, TN",Condo,2716,4,2,2021,Gym,985438
Premium Townhouse in Bangalore,"Bangalore, KA",Townhouse,2477,2,3,2017,"WiFi,Pool,Parking,Security,Garden",1302999
Premium Apartment in Hyderabad,"Hyderabad, TS",Apartment,3387,3,4,1983,Pool,1259361
Premium Condo in Delhi,"Delhi, DL",Condo,4643,6,4,2013,Parking,3278091
Premium Penthouse in Hyderabad,"Hyderabad, TS",Penthouse,4229,1,2,1991,"Parking,Pool,WiFi,Gym,Security",2620642
Premium Penthouse in Hyderabad,"Hyderabad, TS",Penthouse,4002,6,4,2003,"Pool,Security,Parking",3262456
Premium Villa in Kolkata,"Kolkata, WB",Villa,2503,5,1,1991,"Parking,Security,Pool,Garden,WiFi",1556712
Premium Condo in Kolkata,"Kolkata, WB",Condo,4890,3,2,2011,Pool,1758216
Premium Villa in Ahmedabad,"Ahmedabad, GJ",Villa,3247,6,4,1981,"Parking,Gym,WiFi,Security,Garden",1956603
Premium Penthouse in Mumbai,"Mumbai, MH",Penthouse,4664,3,2,1989,"Gym,WiFi,Security,Garden",6044819
Premium Townhouse in Delhi,"Delhi, DL",Townhouse,2235,1,4,2021,WiFi,1326835
Premium Penthouse in Delhi,"Delhi, DL",Penthouse,2079,5,1,2009,"WiFi,Garden",2909504
Premium Penthouse in Delhi,"Delhi, DL",Penthouse,844,1,1,1985,"Parking,Pool,Gym,WiFi,Garden",1209881
Premium Apartment in Ahmedabad,"Ahmedabad, GJ",Apartment,4841,2,1,2010,"Security,Garden,Gym,Pool,Parking",1441771
Premium Townhouse in Hyderabad,"Hyderabad, TS",Townhouse,4310,5,1,2009,"Parking,Gym,Security",1624177
Premium Condo in Ahmedabad,"Ahmedabad, GJ",Condo,3424,3,4,2009,"Gym,Security,Pool,Garden",1211684
Premium Condo in Delhi,"Delhi, DL",Condo,4721,6,3,1999,Security,3286242
Premium Apartment in Hyderabad,"Hyderabad, TS",Apartment,4683,2,2,1983,"Parking,Security,Pool,Garden",1493753
Premium Apartment in Delhi,"Delhi, DL",Apartment,1636,5,4,1996,"Parking,Pool,Gym,Security,WiFi",1425440
Premium Condo in Kolkata,"Kolkata, WB",Condo,4160,1,1,1981,"Pool,Gym",1381635
Premium Villa in Chennai,"Chennai, TN",Villa,3653,4,3,2009,"Security,WiFi,Pool,Garden",2219882
Premium Townhouse in Kolkata,"Kolkata, WB",Townhouse,4011,2,4,1999,"Pool,Gym",1397081
Premium Villa in Chennai,"Chennai, TN",Villa,4834,2,3,1995,"Pool,Parking",2582109
Premium Condo in Bangalore,"Bangalore, KA",Condo,4752,4,1,2018,"Security,Parking",2510970
Premium Condo in Pune,"Pune, MH",Condo,2434,2,4,1986,WiFi,862410
Premium Apartment in Chennai,"Chennai, TN",Apartment,1077,5,1,2005,"Pool,Garden,WiFi,Security,Parking",645643
Premium Townhouse in Delhi,"Delhi, DL",Townhouse,4769,2,1,1995,"Garden,Gym",2602059
Premium Apartment in Mumbai,"Mumbai, MH",Apartment,3473,5,2,1996,"Gym,Security",2791150
Premium Townhouse in Mumbai,"Mumbai, MH",Townhouse,2259,1,3,2003,"Security,Gym,Parking,Garden",1505849
Premium Villa in Kolkata,"Kolkata, WB",Villa,3966,4,4,2003,"Gym,Garden,Security,Parking,WiFi",2045411
Premium Condo in Delhi,"Delhi, DL",Condo,4472,6,4,2008,"Parking,Pool,WiFi,Security",3295654
Premium Villa in Pune,"Pune, MH",Villa,2368,3,3,2022,"Parking,Pool",1370551
Premium Townhouse in Mumbai,"Mumbai, MH",Townhouse,3310,1,2,1981,"Security,Gym",2190443
Premium Apartment in Kolkata,"Kolkata, WB",Apartment,4185,2,1,1995,"Gym,Garden",1483445
Premium Villa in Delhi,"Delhi, DL",Villa,749,3,4,2024,"WiFi,Security,Gym,Garden,Parking",1233720
Premium Penthouse in Hyderabad,"Hyderabad, TS",Penthouse,4947,6,3,1985,"WiFi,Gym,Garden,Pool,Parking",3696421
Premium Condo in Ahmedabad,"Ahmedabad, GJ",Condo,4186,3,2,2004,"Security,Parking,Pool,Garden",1491273
Premium Penthouse in Mumbai,"Mumbai, MH",Penthouse,3930,2,3,1989,"Gym,Security,WiFi,Pool",5834363
Premium Condo in Ahmedabad,"Ahmedabad, GJ",Condo,2520,4,4,2000,"Gym,Garden",950617
Premium Villa in Ahmedabad,"Ahmedabad, GJ",Villa,3785,1,3,2017,"Pool,Garden,Security,Parking",1701596
Premium Apartment in Mumbai,"Mumbai, MH",Apartment,4922,2,2,1989,"Garden,Gym,WiFi",3497858
Premium Condo in Kolkata,"Kolkata, WB",Condo,3543,3,3,1998,"Pool,Security,Garden,Gym,Parking",1154244
Premium Townhouse in Chennai,"Chennai, TN",Townhouse,742,6,4,1994,"Gym,Garden,Pool",650955
Premium Apartment in Chennai,"Chennai, TN",Apartment,3967,6,4,2014,"Parking,Pool,Garden,Security,Gym",1682706
Premium Villa in Delhi,"Delhi, DL",Villa,865,5,2,2021,"Gym,Parking,WiFi,Garden",1493318
Premium Townhouse in Kolkata,"Kolkata, WB",Townhouse,3324,5,4,2014,"Gym,WiFi,Security",1198849
Premium Penthouse in Chennai,"Chennai, TN",Penthouse,2526,4,3,2019,Gym,2118272
Premium Penthouse in Chennai,"Chennai, TN",Penthouse,3997,4,1,1987,"WiFi,Pool,Parking,Gym",2908587
Premium Apartment in Hyderabad,"Hyderabad, TS",Apartment,3433,5,1,2001,"Security,Garden,WiFi,Gym",1371143
Premium Villa in Delhi,"Delhi, DL",Villa,4673,4,3,1989,"Parking,Pool,Garden,Gym",4431150
Premium Penthouse in Pune,"Pune, MH",Penthouse,1851,1,4,2008,"Pool,Parking,Garden,Security",1237136
Premium Condo in Delhi,"Delhi, DL",Condo,1803,3,2,2005,Pool,1376028
Premium Apartment in Pune,"Pune, MH",Apartment,2052,4,2,2021,Pool,865010
Premium Condo in Kolkata,"Kolkata, WB",Condo,994,6,2,2022,"Pool,Security,Parking,WiFi,Garden",581701
Premium Villa in Kolkata,"Kolkata, WB",Villa,2341,3,4,1997,"Security,Garden,Gym",1459119
Premium Villa in Hyderabad,"Hyderabad, TS",Villa,2307,1,2,2019,"Gym,Garden,WiFi",1288149
Premium Condo in Delhi,"Delhi, DL",Condo,580,1,3,1980,"Security,Garden,Parking",474885
Premium Villa in Pune,"Pune, MH",Villa,4385,3,4,2011,"Security,Garden,Parking,WiFi",2289854
Premium Condo in Delhi,"Delhi, DL",Condo,4998,2,4,2001,"Garden,Security,Pool",3110616
Premium Villa in Hyderabad,"Hyderabad, TS",Villa,1551,6,4,2013,"Pool,Security,WiFi,Garden",1368325
Premium Townhouse in Delhi,"Delhi, DL",Townhouse,2822,6,4,2001,"Pool,Garden",2207359
Premium Penthouse in Pune,"Pune, MH",Penthouse,3365,6,4,1988,"Parking,Garden",2830904
Premium Condo in Bangalore,"Bangalore, KA",Condo,2998,2,1,2022,"WiFi,Security,Parking,Garden",1581627
Premium Apartment in Mumbai,"Mumbai, MH",Apartment,4786,5,3,2008,"Parking,WiFi,Garden",3228001
Premium Apartment in Bangalore,"Bangalore, KA",Apartment,1990,4,2,1987,Pool,1271376
Premium Condo in Hyderabad,"Hyderabad, TS",Condo,4399,5,2,1995,"WiFi,Parking,Gym",1740374
Premium Apartment in Mumbai,"Mumbai, MH",Apartment,3808,3,2,2011,Garden,2925310
Premium Villa in Mumbai,"Mumbai, MH",Villa,3526,5,3,1990,"Pool,Security,Gym,Garden",4338322
Premium Condo in Pune,"Pune, MH",Condo,3579,6,1,1999,"Pool,Security",1490014
Premium Condo in Delhi,"Delhi, DL",Condo,4398,3,1,1991,"WiFi,Garden,Pool,Gym,Security",2667061
Premium Townhouse in Kolkata,"Kolkata, WB",Townhouse,2907,3,3,2021,"Gym,Garden,Pool,WiFi,Security",1141554
Premium Penthouse in Ahmedabad,"Ahmedabad, GJ",Penthouse,2066,1,4,1984,"Security,Gym,Pool,WiFi,Garden",1490089
Premium Penthouse in Hyderabad,"Hyderabad, TS",Penthouse,2347,4,3,2019,"WiFi,Gym,Garden,Parking,Security",1738771
Premium Condo in Mumbai,"Mumbai, MH",Condo,4942,6,2,1993,"WiFi,Pool,Garden",3761941
Premium Townhouse in Ahmedabad,"Ahmedabad, GJ",Townhouse,2902,5,3,2009,"Garden,Pool,WiFi,Parking,Security",1244672
Premium Apartment in Hyderabad,"Hyderabad, TS",Apartment,3075,2,4,2000,"Gym,Garden,Pool,Security,Parking",1136116
Premium Apartment in Pune,"Pune, MH",Apartment,1985,3,3,1998,"Gym,Garden,Security,Parking,WiFi",794210
Premium Villa in Mumbai,"Mumbai, MH",Villa,2127,4,2,1986,"WiFi,Parking,Gym,Security",2485062
Premium Villa in Kolkata,"Kolkata, WB",Villa,4511,5,2,1985,"Gym,Parking",2241040
Premium Apartment in Pune,"Pune, MH",Apartment,1623,1,4,1991,"Garden,Pool,Gym,WiFi,Parking",572929
Premium Apartment in Mumbai,"Mumbai, MH",Apartment,3630,2,2,2010,"Parking,Gym",2225275
Premium Townhouse in Kolkata,"Kolkata, WB",Townhouse,4841,5,4,1982,"Garden,WiFi,Gym,Security",1854580
Premium Villa in Chennai,"Chennai, TN",Villa,2191,4,4,2001,"Pool,Parking,WiFi,Gym,Garden",1297490
Premium Apartment in Mumbai,"Mumbai, MH",Apartment,3300,6,4,2001,"Pool,WiFi,Parking,Garden,Security",2587057
Premium Townhouse in Mumbai,"Mumbai, MH",Townhouse,703,3,2,2008,"Security,Garden,Parking,WiFi,Pool",779491
Premium Townhouse in Delhi,"Delhi, DL",Townhouse,2190,2,4,2010,"Garden,Pool,Gym,Parking,Security",1610939
Premium Apartment in Delhi,"Delhi, DL",Apartment,3037,3,3,2014,Parking,1963115
Premium Penthouse in Bangalore,"Bangalore, KA",Penthouse,3150,2,4,1994,"Parking,WiFi,Garden,Pool,Gym",3236088
Premium Condo in Kolkata,"Kolkata, WB",Condo,1589,4,2,2008,"Garden,Security",768230
Premium Apartment in Kolkata,"Kolkata, WB",Apartment,3618,3,4,2017,Garden,1344068
Premium Apartment in Pune,"Pune, MH",Apartment,2119,4,3,2013,"Parking,Gym,Pool,WiFi",942306
Premium Condo in Bangalore,"Bangalore, KA",Condo,1228,2,1,1984,"Garden,Parking",745349
Premium Penthouse in Chennai,"Chennai, TN",Penthouse,871,4,1,1989,"Garden,WiFi,Security",947256
Premium Penthouse in Kolkata,"Kolkata, WB",Penthouse,848,4,3,1993,"Security,Garden,WiFi,Gym,Pool",1009053
Premium Condo in Pune,"Pune, MH",Condo,3906,2,3,1993,"Security,Garden,Gym",1241439
Premium Apartment in Pune,"Pune, MH",Apartment,1156,4,3,2009,Garden,617406
Premium Townhouse in Chennai,"Chennai, TN",Townhouse,3162,5,4,1998,"Parking,Pool",1159537
Premium Penthouse in Bangalore,"Bangalore, KA",Penthouse,3010,3,4,1991,"Gym,WiFi,Pool",3165590
Premium Apartment in Bangalore,"Bangalore, KA",Apartment,4241,4,1,2002,"Garden,Parking,WiFi,Gym",2287995
Premium Penthouse in Chennai,"Chennai, TN",Penthouse,2064,4,2,1990,"WiFi,Security,Gym",1707543
Premium Villa in Chennai,"Chennai, TN",Villa,4019,4,4,2011,"Garden,WiFi,Gym,Security,Parking",2409743
Premium Townhouse in Mumbai,"Mumbai, MH",Townhouse,2793,3,3,2014,"Garden,Pool,Parking",2229128
Premium Condo in Delhi,"Delhi, DL",Condo,4043,5,4,2005,"Security,Pool,WiFi,Parking,Gym",2886784
Premium Apartment in Pune,"Pune, MH",Apartment,3787,1,4,2008,"Security,Garden",1238259
Premium Townhouse in Hyderabad,"Hyderabad, TS",Townhouse,2971,5,3,1994,"Parking,WiFi,Garden",1113126
Premium Villa in Ahmedabad,"Ahmedabad, GJ",Villa,817,1,3,1988,"WiFi,Pool,Garden",480159
Premium Townhouse in Kolkata,"Kolkata, WB",Townhouse,2024,4,4,1995,"Garden,WiFi,Security",942506
Premium Villa in Ahmedabad,"Ahmedabad, GJ",Villa,2958,3,3,2005,"Security,Gym,Pool,WiFi,Garden",1658078
Premium Villa in Mumbai,"Mumbai, MH",Villa,1923,1,2,1993,"Parking,Pool",1984603
Premium Townhouse in Kolkata,"Kolkata, WB",Townhouse,4440,3,2,1992,"Parking,Pool,WiFi,Gym",1534092
Premium Penthouse in Delhi,"Delhi, DL",Penthouse,4072,3,2,1991,"WiFi,Security,Parking,Gym",5122007
Premium Condo in Mumbai,"Mumbai, MH",Condo,4174,5,1,1987,"WiFi,Gym,Parking,Garden,Pool",2902152
Premium Townhouse in Kolkata,"Kolkata, WB",Townhouse,3775,5,2,1999,"Garden,Pool,WiFi,Security",1282495
Premium Condo in Bangalore,"Bangalore, KA",Condo,4686,3,2,2012,"WiFi,Gym,Garden,Parking",2367839
Premium Townhouse in Bangalore,"Bangalore, KA",Townhouse,2657,5,4,2009,"Security,Pool,Parking,WiFi,Gym",1772499
Premium Condo in Chennai,"Chennai, TN",Condo,3086,6,4,1995,"WiFi,Gym,Security",1383922
Premium Villa in Pune,"Pune, MH",Villa,3221,5,1,2019,Pool,1831172
Premium Villa in Kolkata,"Kolkata, WB",Villa,2637,4,4,1981,Parking,1656650
Premium Apartment in Chennai,"Chennai, TN",Apartment,837,6,2,1991,"Security,Garden",604124
Premium Townhouse in Chennai,"Chennai, TN",Townhouse,1576,1,1,2006,"Security,Gym,Pool,Parking",571333
Premium Condo in Hyderabad,"Hyderabad, TS",Condo,4768,5,2,1997,Gym,1721484
Premium Villa in Hyderabad,"Hyderabad, TS",Villa,4490,4,1,2021,Garden,2259303
Premium Villa in Ahmedabad,"Ahmedabad, GJ",Villa,2163,1,1,2008,"Gym,WiFi",980678
Premium Villa in Bangalore,"Bangalore, KA",Villa,1243,3,1,1999,"Garden,Pool,Gym,WiFi",1326321
Premium Condo in Bangalore,"Bangalore, KA",Condo,4470,2,2,1992,"WiFi,Security,Garden,Parking",2067001
Premium Villa in Ahmedabad,"Ahmedabad, GJ",Villa,2492,2,4,2002,"Pool,WiFi,Parking",1333701
Premium Penthouse in Kolkata,"Kolkata, WB",Penthouse,1509,6,1,1982,Gym,1489869
Premium Villa in Pune,"Pune, MH",Villa,3564,6,1,2001,"Security,Garden,Gym,WiFi,Parking",2278191
Premium Condo in Ahmedabad,"Ahmedabad, GJ",Condo,3554,1,2,1983,"Pool,WiFi,Garden,Security",1139844
Premium Condo in Chennai,"Chennai, TN",Condo,1107,5,3,2016,"Garden,Security,Pool,Gym,Parking",651494
Premium Apartment in Mumbai,"Mumbai, MH",Apartment,3264,5,1,2001,"Garden,Parking",2674737
Premium Condo in Bangalore,"Bangalore, KA",Condo,4495,3,2,1995,"WiFi,Garden",2209427
Premium Penthouse in Kolkata,"Kolkata, WB",Penthouse,2312,4,2,1993,"Gym,Parking,Garden",2014326
Premium Penthouse in Bangalore,"Bangalore, KA",Penthouse,1793,3,3,2019,"Parking,WiFi,Security,Pool",2299565
Premium Apartment in Delhi,"Delhi, DL",Apartment,1159,1,2,2001,"Parking,WiFi,Pool",783801
Premium Villa in Pune,"Pune, MH",Villa,4190,2,2,1987,"Pool,Security,Garden,Gym",2109912
Premium Villa in Delhi,"Delhi, DL",Villa,1834,2,3,2005,Parking,1876803
Premium Apartment in Mumbai,"Mumbai, MH",Apartment,2289,1,2,1994,"Security,WiFi,Garden,Parking",1687504
Premium Penthouse in Bangalore,"Bangalore, KA",Penthouse,2939,2,2,1994,"Security,Pool,WiFi",2838733
Premium Penthouse in Kolkata,"Kolkata, WB",Penthouse,2565,2,1,2011,"Garden,WiFi,Parking",1798409
Premium Condo in Chennai,"Chennai, TN",Condo,2669,3,3,1995,Pool,968297
Premium Apartment in Mumbai,"Mumbai, MH",Apartment,1133,6,1,2008,"Pool,Garden",1437604
Premium Penthouse in Ahmedabad,"Ahmedabad, GJ",Penthouse,603,3,2,1997,"Garden,Gym",755224
Premium Villa in Bangalore,"Bangalore, KA",Villa,4211,6,3,2002,"Pool,Parking,Garden,Gym,WiFi",3963162
Premium Penthouse in Chennai,"Chennai, TN",Penthouse,3892,2,3,1980,"Pool,Garden,Security,Parking,WiFi",2578516
Premium Condo in Chennai,"Chennai, TN",Condo,1813,4,1,2023,"Gym,Security",700609
Premium Apartment in Ahmedabad,"Ahmedabad, GJ",Apartment,3547,2,3,2022,"Garden,Gym,Parking,WiFi",1168971
Premium Penthouse in Ahmedabad,"Ahmedabad, GJ",Penthouse,1334,4,1,1994,Garden,1188293
Premium Villa in Bangalore,"Bangalore, KA",Villa,1659,2,2,2021,Garden,1511434
Premium Apartment in Bangalore,"Bangalore, KA",Apartment,781,5,3,1995,Gym,849287
Premium Condo in Pune,"Pune, MH",Condo,3424,6,1,2015,"WiFi,Gym,Garden,Security,Pool",1254942
Premium Villa in Chennai,"Chennai, TN",Villa,871,1,4,2016,"Gym,Pool,Security,WiFi,Garden",579382
Premium Penthouse in Mumbai,"Mumbai, MH",Penthouse,3910,5,4,2019,Security,5800737
Premium Penthouse in Hyderabad,"Hyderabad, TS",Penthouse,1537,6,1,1980,WiFi,1453790
Premium Apartment in Bangalore,"Bangalore, KA",Apartment,3827,4,3,2021,"Pool,WiFi,Garden,Gym",2266788
Premium Villa in Bangalore,"Bangalore, KA",Villa,3222,4,1,1995,"WiFi,Gym,Pool",2415941
Premium Townhouse in Mumbai,"Mumbai, MH",Townhouse,2829,2,1,1983,"Security,Garden",2010431
Premium Apartment in Delhi,"Delhi, DL",Apartment,2744,1,4,2009,"Security,Pool,WiFi,Garden",1585087
Premium Condo in Delhi,"Delhi, DL",Condo,2413,1,4,1982,"Parking,Pool",1492118
Premium Condo in Pune,"Pune, MH",Condo,3997,2,3,2019,WiFi,1296316
Premium Condo in Pune,"Pune, MH",Condo,2703,3,2,1992,"WiFi,Pool,Garden",921572
Premium Penthouse in Bangalore,"Bangalore, KA",Penthouse,724,4,4,2009,"Pool,Gym,WiFi,Garden,Security",1514883
Premium Penthouse in Hyderabad,"Hyderabad, TS",Penthouse,3452,3,1,2008,"WiFi,Pool,Parking,Garden,Gym",2291715
Premium Apartment in Chennai,"Chennai, TN",Apartment,4741,6,1,1996,"Pool,WiFi,Parking,Garden",1764518
Premium Villa in Pune,"Pune, MH",Villa,720,5,2,1990,"Gym,Garden,Pool",716683
Premium Condo in Hyderabad,"Hyderabad, TS",Condo,3470,3,2,2024,Parking,1121826
Premium Penthouse in Delhi,"Delhi, DL",Penthouse,2896,2,1,2005,"Parking,Gym",3900970
Premium Penthouse in Pune,"Pune, MH",Penthouse,2796,4,1,2008,Parking,2066611
Premium Villa in Kolkata,"Kolkata, WB",Villa,3014,1,3,1983,"Gym,Garden,Security,Parking,WiFi",1555033
Premium Apartment in Hyderabad,"Hyderabad, TS",Apartment,4939,3,3,1992,Parking,1845601
Premium Villa in Mumbai,"Mumbai, MH",Villa,1220,3,4,2012,"Parking,Pool,WiFi,Gym",1928526
Premium Apartment in Hyderabad,"Hyderabad, TS",Apartment,1895,2,2,2017,"WiFi,Security,Garden,Gym,Pool",650843
Premium Villa in Kolkata,"Kolkata, WB",Villa,2555,6,4,2001,"Security,Garden,Gym,Pool",1629326
Premium Penthouse in Delhi,"Delhi, DL",Penthouse,2839,4,4,1982,"WiFi,Pool,Security",4218410
Premium Apartment in Mumbai,"Mumbai, MH",Apartment,528,4,3,2011,"Gym,Parking",795661
Premium Penthouse in Chennai,"Chennai, TN",Penthouse,3724,2,3,2016,Pool,2709971
Premium Apartment in Chennai,"Chennai, TN",Apartment,2147,5,4,1994,"WiFi,Security",964777
Premium Condo in Pune,"Pune, MH",Condo,1996,5,4,2018,"Parking,Pool,WiFi",992966
Premium Penthouse in Pune,"Pune, MH",Penthouse,4315,2,3,1996,"WiFi,Parking",3185257
Premium Condo in Kolkata,"Kolkata, WB",Condo,1170,4,4,2005,"Pool,Parking,WiFi,Garden",674618
Premium Villa in Hyderabad,"Hyderabad, TS",Villa,4198,6,1,1990,Parking,2138421
Premium Penthouse in Hyderabad,"Hyderabad, TS",Penthouse,3655,2,4,2022,"WiFi,Gym,Garden",2581636
Premium Condo in Hyderabad,"Hyderabad, TS",Condo,563,5,1,1984,Parking,423224
Premium Townhouse in Chennai,"Chennai, TN",Townhouse,1537,2,4,2000,"Gym,WiFi,Parking,Pool,Garden",610155
Premium Condo in Kolkata,"Kolkata, WB",Condo,544,1,1,1999,"Garden,Security",229932
Premium Townhouse in Mumbai,"Mumbai, MH",Townhouse,3338,4,1,1985,"Garden,Pool",2401060
Premium Townhouse in Delhi,"Delhi, DL",Townhouse,2540,3,1,1994,"Parking,Garden,Pool,WiFi,Security",1593961
Premium Condo in Mumbai,"Mumbai, MH",Condo,4389,1,2,1985,"WiFi,Pool,Gym,Garden",2680228
Premium Townhouse in Pune,"Pune, MH",Townhouse,3310,3,2,1984,"Pool,Security,Garden,Gym,Parking",1248549
Premium Townhouse in Hyderabad,"Hyderabad, TS",Townhouse,861,3,2,1991,Security,474956
Premium Penthouse in Hyderabad,"Hyderabad, TS",Penthouse,1101,5,1,2013,Security,1317331
Premium Penthouse in Kolkata,"Kolkata, WB",Penthouse,961,1,1,2015,"Garden,Security,WiFi,Parking",686256
Premium Townhouse in Kolkata,"Kolkata, WB",Townhouse,4112,1,1,1991,"Garden,Security,WiFi,Parking",1266017
Premium Villa in Mumbai,"Mumbai, MH",Villa,1151,1,3,2022,"Security,WiFi",1493025
Premium Villa in Mumbai,"Mumbai, MH",Villa,3367,6,4,2009,"WiFi,Parking",4586610
Premium Villa in Ahmedabad,"Ahmedabad, GJ",Villa,1432,4,4,1984,"Gym,Garden,WiFi,Pool,Security",1124502
Premium Townhouse in Delhi,"Delhi, DL",Townhouse,1032,1,3,2005,"Parking,Security,Garden,Gym",802036
Premium Villa in Hyderabad,"Hyderabad, TS",Villa,3846,4,2,2015,"Pool,Security,Parking",2108697
Premium Apartment in Chennai,"Chennai, TN",Apartment,2711,2,1,2001,"Pool,Gym",969784
Premium Condo in Chennai,"Chennai, TN",Condo,2245,6,1,2000,"Security,Gym,Garden,WiFi",950537
Premium Townhouse in Delhi,"Delhi, DL",Townhouse,2682,4,4,1996,Gym,1858960
Premium Apartment in Hyderabad,"Hyderabad, TS",Apartment,1835,6,3,1998,WiFi,960366
Premium Townhouse in Chennai,"Chennai, TN",Townhouse,3893,5,3,1999,"WiFi,Gym,Garden",1354295
Premium Penthouse in Mumbai,"Mumbai, MH",Penthouse,3047,1,3,1988,"WiFi,Security",3845744
Premium Penthouse in Bangalore,"Bangalore, KA",Penthouse,1557,4,1,1990,"Parking,Pool",2218681
Premium Townhouse in Kolkata,"Kolkata, WB",Townhouse,1419,4,4,2001,"Parking,Security",647399
Premium Condo in Mumbai,"Mumbai, MH",Condo,1621,1,1,1982,"Gym,WiFi,Parking,Security,Garden",1010973
Premium Condo in Chennai,"Chennai, TN",Condo,2703,3,3,2022,"WiFi,Parking,Security,Pool",975342
Premium Condo in Bangalore,"Bangalore, KA",Condo,1064,2,2,2014,"Gym,Garden",678216
Premium Villa in Hyderabad,"Hyderabad, TS",Villa,2166,3,3,1994,"Garden,Gym,Pool,WiFi,Security",1232984
Premium Townhouse in Chennai,"Chennai, TN",Townhouse,4100,4,3,1992,"Pool,WiFi",1372101
Premium Villa in Ahmedabad,"Ahmedabad, GJ",Villa,4107,6,1,2007,"Parking,WiFi",2355366
Premium Townhouse in Bangalore,"Bangalore, KA",Townhouse,1726,5,2,1986,"Gym,Security,Parking,WiFi",1203172
Premium Penthouse in Delhi,"Delhi, DL",Penthouse,2142,6,1,2021,"Gym,Parking,Garden,Security",3350623
Premium Townhouse in Ahmedabad,"Ahmedabad, GJ",Townhouse,810,1,4,1993,Garden,386326
Premium Apartment in Mumbai,"Mumbai, MH",Apartment,4773,6,1,2023,"Gym,Garden",3384938
Premium Apartment in Delhi,"Delhi, DL",Apartment,789,4,3,2020,"Parking,Pool",920629
Premium Villa in Bangalore,"Bangalore, KA",Villa,4582,1,1,2009,Parking,3373366
Premium Penthouse in Kolkata,"Kolkata, WB",Penthouse,4642,2,2,2023,Security,3327383
Premium Villa in Delhi,"Delhi, DL",Villa,3824,4,4,1993,Garden,4182964
Premium Villa in Kolkata,"Kolkata, WB",Villa,1041,3,3,2005,"Gym,Parking,Pool",749622
Premium Apartment in Chennai,"Chennai, TN",Apartment,2122,1,2,2016,"Pool,Garden,Parking",714802
Premium Villa in Chennai,"Chennai, TN",Villa,4258,5,2,1987,Gym,2359550
Premium Apartment in Ahmedabad,"Ahmedabad, GJ",Apartment,3764,5,4,2018,"WiFi,Pool",1468642
Premium Townhouse in Pune,"Pune, MH",Townhouse,3692,2,1,2001,Pool,1118671
Premium Townhouse in Bangalore,"Bangalore, KA",Townhouse,4635,2,3,2012,Garden,2261697
Premium Apartment in Mumbai,"Mumbai, MH",Apartment,4713,6,4,2019,"Parking,Pool,Security",3903591
Premium Townhouse in Delhi,"Delhi, DL",Townhouse,3456,4,2,2016,"Gym,Security,Garden,Parking,Pool",2186101
Premium Condo in Bangalore,"Bangalore, KA",Condo,2324,3,4,2006,Security,1439926
Premium Villa in Chennai,"Chennai, TN",Villa,1922,5,3,2020,"Garden,WiFi,Gym,Security",1442124
Premium Townhouse in Hyderabad,"Hyderabad, TS",Townhouse,1385,5,3,1987,"Pool,WiFi,Gym,Parking",658630
Premium Townhouse in Delhi,"Delhi, DL",Townhouse,3166,4,3,2020,"WiFi,Parking",2341254
Premium Penthouse in Kolkata,"Kolkata, WB",Penthouse,1693,1,2,1998,"WiFi,Gym,Garden",1224374
Premium Villa in Chennai,"Chennai, TN",Villa,3766,6,3,1998,"Pool,Gym",2044176
Premium Apartment in Bangalore,"Bangalore, KA",Apartment,1672,4,1,1994,"Gym,WiFi,Pool,Parking,Garden",1189676
Premium Townhouse in Pune,"Pune, MH",Townhouse,4153,3,1,2001,"WiFi,Security,Garden,Gym",1522800
Premium Apartment in Mumbai,"Mumbai, MH",Apartment,4645,4,4,2010,"Security,WiFi,Garden",3033577
Premium Apartment in Pune,"Pune, MH",Apartment,4039,2,3,1993,Security,1404616
Premium Townhouse in Pune,"Pune, MH",Townhouse,3183,1,1,1987,"Security,Gym,WiFi,Garden,Pool",1058438
Premium Villa in Kolkata,"Kolkata, WB",Villa,3223,1,3,2006,"Pool,Parking,Gym,Garden",1691491
Premium Townhouse in Kolkata,"Kolkata, WB",Townhouse,629,1,3,1996,"Parking,WiFi,Gym,Pool",275802
Premium Townhouse in Hyderabad,"Hyderabad, TS",Townhouse,3411,3,4,2005,"Gym,Parking,Garden,Security,Pool",1240938
Premium Apartment in Bangalore,"Bangalore, KA",Apartment,2245,3,1,1983,"Security,Gym,Garden",1167366
Premium Apartment in Pune,"Pune, MH",Apartment,3329,6,2,1998,"Gym,Security",1352340
Premium Apartment in Bangalore,"Bangalore, KA",Apartment,3577,2,4,2020,"Parking,Garden,Security,Gym,Pool",1835958
Premium Penthouse in Ahmedabad,"Ahmedabad, GJ",Penthouse,2063,1,1,2006,"Security,Pool",1489364
Premium Penthouse in Ahmedabad,"Ahmedabad, GJ",Penthouse,2432,4,1,2000,"Garden,Security",1889845
Premium Penthouse in Chennai,"Chennai, TN",Penthouse,537,6,4,1991,"Security,Pool,Garden",1001497
Premium Townhouse in Kolkata,"Kolkata, WB",Townhouse,3587,6,1,2022,"WiFi,Security,Gym,Garden,Pool",1429290
Premium Townhouse in Ahmedabad,"Ahmedabad, GJ",Townhouse,3525,1,1,1981,"Security,Gym,WiFi",1043400
Premium Townhouse in Delhi,"Delhi, DL",Townhouse,2658,3,4,2011,"Gym,Pool,WiFi,Parking",1753700
Premium Penthouse in Pune,"Pune, MH",Penthouse,2005,5,1,2019,"Security,Pool",1711612
Premium Villa in Chennai,"Chennai, TN",Villa,2251,6,1,1998,Pool,1589664
Premium Townhouse in Ahmedabad,"Ahmedabad, GJ",Townhouse,2211,2,1,1991,"Pool,WiFi,Garden,Gym,Security",763383
Premium Apartment in Hyderabad,"Hyderabad, TS",Apartment,1025,2,3,1982,"Pool,Gym,Parking,Security,Garden",423764
Premium Villa in Delhi,"Delhi, DL",Villa,3114,5,4,2015,"WiFi,Gym,Security,Pool,Parking",3309185
Premium Apartment in Bangalore,"Bangalore, KA",Apartment,4433,1,2,2000,"Gym,WiFi,Pool,Security",2245449
Premium Townhouse in Mumbai,"Mumbai, MH",Townhouse,786,5,2,1983,"WiFi,Gym",1131385
Premium Townhouse in Mumbai,"Mumbai, MH",Townhouse,4553,1,3,2001,"Gym,Garden",2932875
Premium Apartment in Hyderabad,"Hyderabad, TS",Apartment,1471,1,4,1997,"Garden,Security,Gym",578652
Premium Villa in Bangalore,"Bangalore, KA",Villa,1331,3,1,2018,"Parking,WiFi,Pool,Garden,Gym",1245741
Premium Apartment in Mumbai,"Mumbai, MH",Apartment,843,5,1,2009,WiFi,966627
Premium Condo in Ahmedabad,"Ahmedabad, GJ",Condo,1016,2,4,1990,"Parking,Pool,Gym,WiFi",487166
Premium Penthouse in Mumbai,"Mumbai, MH",Penthouse,2821,3,3,1981,"WiFi,Pool",4481622
Premium Condo in Delhi,"Delhi, DL",Condo,950,4,1,2018,"Gym,Garden,Security,Parking",981845
Premium Apartment in Ahmedabad,"Ahmedabad, GJ",Apartment,2411,3,1,1997,WiFi,813903
Premium Condo in Mumbai,"Mumbai, MH",Condo,3967,4,1,2022,"Gym,Pool,Garden,WiFi,Security",2945070
Premium Villa in Hyderabad,"Hyderabad, TS",Villa,970,3,3,2014,"Parking,Pool,Security,WiFi",815619
Premium Apartment in Delhi,"Delhi, DL",Apartment,2253,4,3,1994,"Security,Pool,Parking,WiFi",1815543
Premium Villa in Kolkata,"Kolkata, WB",Villa,4651,6,2,2012,Garden,2527681
Premium Condo in Mumbai,"Mumbai, MH",Condo,3166,1,3,2019,Parking,2226645
Premium Villa in Ahmedabad,"Ahmedabad, GJ",Villa,2066,5,4,2017,"Security,Gym,Parking,WiFi",1300089
Premium Apartment in Mumbai,"Mumbai, MH",Apartment,3986,6,2,1984,"WiFi,Parking,Security,Garden,Gym",2802616
Premium Townhouse in Kolkata,"Kolkata, WB",Townhouse,2564,5,3,2015,"Gym,Garden",1055800
Premium Apartment in Chennai,"Chennai, TN",Apartment,3310,6,2,2024,"WiFi,Gym",1354214
Premium Villa in Pune,"Pune, MH",Villa,2728,1,1,2005,Gym,1459923
Premium Condo in Kolkata,"Kolkata, WB",Condo,2780,3,3,2008,WiFi,1071247
Premium Apartment in Ahmedabad,"Ahmedabad, GJ",Apartment,969,3,2,2023,"Pool,Parking",522054
Premium Condo in Mumbai,"Mumbai, MH",Condo,2976,1,1,1982,Gym,2059394
Premium Apartment in Pune,"Pune, MH",Apartment,3703,5,1,2004,"Security,WiFi,Pool,Gym",1287834
Premium Penthouse in Chennai,"Chennai, TN",Penthouse,2912,6,2,1983,"Security,Gym,Garden",2634988
Premium Penthouse in Hyderabad,"Hyderabad, TS",Penthouse,2469,5,2,2024,"Pool,WiFi",2028008
Premium Apartment in Mumbai,"Mumbai, MH",Apartment,3204,3,3,2015,"WiFi,Gym,Pool,Security",2561589
Premium Villa in Delhi,"Delhi, DL",Villa,539,1,1,1995,"Garden,Pool,Security,Gym,Parking",604414
Premium Penthouse in Mumbai,"Mumbai, MH",Penthouse,2332,5,4,1983,Pool,4394302
Premium Villa in Bangalore,"Bangalore, KA",Villa,3741,4,1,1985,Gym,2880693
Premium Condo in Ahmedabad,"Ahmedabad, GJ",Condo,4060,6,2,2002,"Garden,WiFi,Security",1628582
Premium Villa in Pune,"Pune, MH",Villa,4015,3,3,1993,Gym,1996448
Premium Apartment in Kolkata,"Kolkata, WB",Apartment,3617,6,4,2011,"Pool,Security,WiFi",1398752
Premium Condo in Chennai,"Chennai, TN",Condo,2571,6,1,1997,"Gym,Garden,Security",1114562
Premium Townhouse in Bangalore,"Bangalore, KA",Townhouse,4960,5,2,2001,"Parking,WiFi",2492484
Premium Penthouse in Bangalore,"Bangalore, KA",Penthouse,4991,4,1,2002,"Garden,Pool,Security,Parking,WiFi",5347219
Premium Townhouse in Ahmedabad,"Ahmedabad, GJ",Townhouse,3268,2,3,2002,"Security,WiFi,Pool",1090953
Premium Villa in Mumbai,"Mumbai, MH",Villa,4958,5,3,2013,WiFi,5220812
Premium Townhouse in Chennai,"Chennai, TN",Townhouse,4223,6,1,2022,"Security,Pool",1460314
Premium Villa in Hyderabad,"Hyderabad, TS",Villa,501,4,2,1983,"Parking,Pool,WiFi,Garden",643733
Premium Apartment in Mumbai,"Mumbai, MH",Apartment,3813,2,4,2001,Security,2689545
Premium Apartment in Kolkata,"Kolkata, WB",Apartment,2802,4,2,1983,"Gym,Garden,Parking,WiFi",1166456
Premium Townhouse in Bangalore,"Bangalore, KA",Townhouse,2882,2,1,2013,"Security,Parking,WiFi,Pool",1513730
Premium Apartment in Ahmedabad,"Ahmedabad, GJ",Apartment,3148,5,3,2019,"WiFi,Gym",1316954
Premium Condo in Chennai,"Chennai, TN",Condo,4594,5,2,2005,"Garden,Gym,Parking",1717995
Premium Penthouse in Bangalore,"Bangalore, KA",Penthouse,4197,6,4,2015,"Security,Pool,WiFi,Gym",5385799
Premium Townhouse in Pune,"Pune, MH",Townhouse,1195,4,2,1980,"WiFi,Parking,Security,Pool",634782
Premium Apartment in Mumbai,"Mumbai, MH",Apartment,2966,2,4,1985,"Pool,Gym",2254500
Premium Apartment in Chennai,"Chennai, TN",Apartment,1224,5,4,2004,"Parking,Garden,WiFi",671656
Premium Apartment in Bangalore,"Bangalore, KA",Apartment,2398,3,3,2007,"Parking,WiFi,Security,Gym",1301625
Premium Villa in Chennai,"Chennai, TN",Villa,3283,5,2,1996,"Pool,Security,Parking,WiFi",1806693
Premium Apartment in Chennai,"Chennai, TN",Apartment,1305,1,3,2012,Parking,482181
Premium Apartment in Pune,"Pune, MH",Apartment,2289,1,4,2012,"Parking,Garden,WiFi,Gym,Pool",775405
Premium Condo in Chennai,"Chennai, TN",Condo,4785,1,1,2011,"WiFi,Security",1549679
Premium Villa in Chennai,"Chennai, TN",Villa,1147,5,3,1987,"Gym,Garden,Parking,Security",961520
Premium Villa in Chennai,"Chennai, TN",Villa,4516,4,3,2004,"Pool,Garden,WiFi,Gym",2523607
Premium Condo in Hyderabad,"Hyderabad, TS",Condo,4388,1,4,1989,"Security,Parking,Gym",1415249
Premium Apartment in Delhi,"Delhi, DL",Apartment,2197,1,2,1991,Gym,1353420
Premium Apartment in Ahmedabad,"Ahmedabad, GJ",Apartment,3205,2,1,1991,"WiFi,Security",987542
Premium Apartment in Ahmedabad,"Ahmedabad, GJ",Apartment,909,2,2,2008,Parking,383121
Premium Apartment in Kolkata,"Kolkata, WB",Apartment,572,5,3,1985,"Parking,Pool,Gym,Security,Garden",482409
Premium Condo in Ahmedabad,"Ahmedabad, GJ",Condo,4467,2,3,2020,"Parking,Security",1556784
Premium Condo in Pune,"Pune, MH",Condo,1734,2,4,1992,"Pool,Parking,Garden",764968
Premium Condo in Ahmedabad,"Ahmedabad, GJ",Condo,3391,1,3,1983,"Pool,Gym,WiFi,Parking,Garden",1163505
Premium Penthouse in Delhi,"Delhi, DL",Penthouse,3044,3,1,2017,"WiFi,Gym",4086007
Premium Townhouse in Bangalore,"Bangalore, KA",Townhouse,1951,3,2,1992,WiFi,1138141
Premium Penthouse in Delhi,"Delhi, DL",Penthouse,2236,2,1,1983,"Pool,Garden,Gym,WiFi",2714398
Premium Condo in Kolkata,"Kolkata, WB",Condo,4502,1,2,2020,Garden,1482872
Premium Villa in Kolkata,"Kolkata, WB",Villa,4709,1,1,1985,"Pool,Parking,Security,Gym,WiFi",2156807
Premium Townhouse in Hyderabad,"Hyderabad, TS",Townhouse,4443,1,2,2004,"Pool,Gym,WiFi,Security",1369947
Premium Villa in Hyderabad,"Hyderabad, TS",Villa,3720,6,1,1989,"Pool,Parking,Gym,Security",2215423
Premium Villa in Kolkata,"Kolkata, WB",Villa,2405,2,1,2009,"WiFi,Security",1197874
Premium Apartment in Chennai,"Chennai, TN",Apartment,3168,4,1,1990,"Pool,Security",1203893
Premium Apartment in Chennai,"Chennai, TN",Apartment,2685,2,1,1991,"Garden,Security,Parking",877414
Premium Apartment in Kolkata,"Kolkata, WB",Apartment,3518,5,2,1987,"Pool,Security,WiFi,Garden,Parking",1250269
Premium Condo in Pune,"Pune, MH",Condo,3098,6,1,2012,"Security,Gym,Pool,Parking",1239534
Premium Apartment in Kolkata,"Kolkata, WB",Apartment,3406,1,3,2018,"Security,Garden,Gym,Parking",1052868
Premium Penthouse in Delhi,"Delhi, DL",Penthouse,4504,6,2,2011,WiFi,6582238
Premium Penthouse in Ahmedabad,"Ahmedabad, GJ",Penthouse,4231,1,1,1996,"Security,Pool,Garden",2876915
Premium Villa in Hyderabad,"Hyderabad, TS",Villa,1870,1,2,2023,"WiFi,Security,Gym",909329
Premium Apartment in Ahmedabad,"Ahmedabad, GJ",Apartment,4050,6,4,2024,"Gym,Parking",1674879
Premium Penthouse in Ahmedabad,"Ahmedabad, GJ",Penthouse,2672,5,3,2006,Security,2128741
Premium Villa in Hyderabad,"Hyderabad, TS",Villa,2397,4,1,1992,"Garden,Gym",1294331
Premium Penthouse in Bangalore,"Bangalore, KA",Penthouse,1368,2,2,2018,"Garden,WiFi",1702906
Premium Apartment in Chennai,"Chennai, TN",Apartment,3883,1,1,1990,"WiFi,Garden",1153702
Premium Penthouse in Hyderabad,"Hyderabad, TS",Penthouse,3090,4,4,1996,WiFi,2277773
Premium Villa in Bangalore,"Bangalore, KA",Villa,4647,6,4,1987,"Pool,Garden,Gym",4062246
Premium Condo in Chennai,"Chennai, TN",Condo,3998,3,2,2009,Parking,1407255
Premium Apartment in Kolkata,"Kolkata, WB",Apartment,4625,3,1,1994,"Security,WiFi,Garden",1659005
Premium Condo in Ahmedabad,"Ahmedabad, GJ",Condo,4357,2,4,1989,"WiFi,Pool,Garden",1622496
Premium Villa in Delhi,"Delhi, DL",Villa,3266,5,1,2002,"Pool,Gym,WiFi,Security,Parking",3039992
Premium Villa in Delhi,"Delhi, DL",Villa,949,5,1,2006,"Security,Garden,WiFi,Gym",1449419
Premium Townhouse in Bangalore,"Bangalore, KA",Townhouse,4503,5,4,2011,"Parking,Pool",2439461
Premium Condo in Delhi,"Delhi, DL",Condo,4314,3,3,2008,"Security,Garden,Gym",2728223
Premium Townhouse in Chennai,"Chennai, TN",Townhouse,500,5,1,2023,"Pool,Security,Garden,Gym,WiFi",421148
Premium Villa in Chennai,"Chennai, TN",Villa,3247,5,4,2020,"Garden,Pool,Parking",2001388
Premium Penthouse in Kolkata,"Kolkata, WB",Penthouse,4586,6,3,1995,"Security,Garden,Parking",3512177
Premium Townhouse in Bangalore,"Bangalore, KA",Townhouse,1944,3,3,2005,"WiFi,Security,Gym",1210964
Premium Villa in Delhi,"Delhi, DL",Villa,3739,5,1,2017,"Security,Pool",3582838
Premium Apartment in Bangalore,"Bangalore, KA",Apartment,2507,1,3,2013,"Parking,Garden,Pool,Gym",1200142
Premium Penthouse in Ahmedabad,"Ahmedabad, GJ",Penthouse,4533,4,3,1986,"WiFi,Garden,Gym,Parking",2925184
Premium Townhouse in Pune,"Pune, MH",Townhouse,2260,4,4,2013,"Security,Gym,WiFi,Parking",1045433
Premium Villa in Mumbai,"Mumbai, MH",Villa,765,1,1,1981,"Pool,Gym",840206
Premium Townhouse in Pune,"Pune, MH",Townhouse,1627,2,1,2011,Gym,661764
Premium Apartment in Chennai,"Chennai, TN",Apartment,2858,4,4,1991,"Parking,Gym,Pool,Security,Garden",1046252
Premium Townhouse in Bangalore,"Bangalore, KA",Townhouse,2994,3,4,2022,"Pool,Garden",1576833
Premium Villa in Chennai,"Chennai, TN",Villa,3165,6,2,1992,"Security,Gym,Pool,Garden,Parking",1828355
Premium Condo in Chennai,"Chennai, TN",Condo,4334,4,1,2022,"Garden,Parking,Gym,WiFi,Pool",1420076
Premium Apartment in Kolkata,"Kolkata, WB",Apartment,3818,1,4,2009,"Parking,Garden,WiFi",1378696
Premium Apartment in Kolkata,"Kolkata, WB",Apartment,4936,6,4,2021,"Gym,Parking,Garden",1781270
Premium Townhouse in Pune,"Pune, MH",Townhouse,4328,6,1,1997,"Security,Gym,Parking,WiFi",1490389
Premium Apartment in Delhi,"Delhi, DL",Apartment,1876,3,2,1984,"Parking,Pool,Gym",1424388
Premium Villa in Kolkata,"Kolkata, WB",Villa,3057,2,3,1999,"Security,Pool,Garden",1681475
Premium Condo in Delhi,"Delhi, DL",Condo,1894,1,3,1987,"Garden,Gym,Pool,WiFi",1165501
Premium Townhouse in Kolkata,"Kolkata, WB",Townhouse,4608,3,2,1986,Pool,1699061
Premium Townhouse in Hyderabad,"Hyderabad, TS",Townhouse,1083,5,2,2010,Pool,603989
Premium Townhouse in Pune,"Pune, MH",Townhouse,3483,4,3,1988,"Pool,Security,Gym",1380132
Premium Villa in Kolkata,"Kolkata, WB",Villa,979,5,4,2013,"Security,Pool,WiFi,Gym,Garden",922387
Premium Townhouse in Mumbai,"Mumbai, MH",Townhouse,2787,4,1,2006,"Security,WiFi",2046345
Premium Apartment in Hyderabad,"Hyderabad, TS",Apartment,4130,5,2,2015,"WiFi,Pool,Security",1562028
Premium Townhouse in Ahmedabad,"Ahmedabad, GJ",Townhouse,4578,3,4,1987,"Gym,Pool,WiFi,Parking",1460123
Premium Apartment in Bangalore,"Bangalore, KA",Apartment,2849,3,1,1993,"Garden,WiFi,Parking",1461342
Premium Condo in Mumbai,"Mumbai, MH",Condo,3839,2,4,1999,"Pool,Garden",2566130
Premium Villa in Pune,"Pune, MH",Villa,2301,3,4,1996,"Gym,WiFi",1475244
Premium Villa in Pune,"Pune, MH",Villa,4717,2,4,2005,"Parking,Gym,Pool",2574925
Premium Condo in Kolkata,"Kolkata, WB",Condo,3248,4,3,2001,"Pool,Garden",1229009
Premium Villa in Kolkata,"Kolkata, WB",Villa,1870,5,1,2016,"Security,Pool,Parking",1345362
Premium Condo in Hyderabad,"Hyderabad, TS",Condo,4378,4,3,1986,"Garden,Gym",1717788
Premium Townhouse in Bangalore,"Bangalore, KA",Townhouse,2503,5,2,1997,"Garden,Security,Parking,WiFi,Pool",1414352
Premium Villa in Pune,"Pune, MH",Villa,4199,2,4,1983,"WiFi,Gym,Garden,Security",2112844
Premium Villa in Bangalore,"Bangalore, KA",Villa,3527,3,3,1999,Garden,3070766
Premium Penthouse in Ahmedabad,"Ahmedabad, GJ",Penthouse,4709,6,3,1989,Security,3345638
Premium Condo in Delhi,"Delhi, DL",Condo,3703,1,4,1995,"Parking,WiFi,Security,Pool,Gym",2428819
Premium Condo in Ahmedabad,"Ahmedabad, GJ",Condo,2664,6,2,1984,"Parking,Pool,Security",1046668
Premium Villa in Kolkata,"Kolkata, WB",Villa,2404,2,4,1985,"WiFi,Gym",1436929
Premium Apartment in Delhi,"Delhi, DL",Apartment,1882,2,4,1985,"WiFi,Garden,Gym,Pool",1357074
Premium Apartment in Pune,"Pune, MH",Apartment,3899,5,1,1999,"Garden,WiFi,Gym",1488446
Premium Villa in Chennai,"Chennai, TN",Villa,4630,6,2,1998,"Gym,Security,Garden,WiFi,Pool",2481565
Premium Townhouse in Bangalore,"Bangalore, KA",Townhouse,2874,6,3,1992,"Garden,Parking,Gym,Security",1763888
Premium Penthouse in Chennai,"Chennai, TN",Penthouse,988,3,4,1982,WiFi,1053511
Premium Apartment in Kolkata,"Kolkata, WB",Apartment,995,3,4,1998,"Garden,Parking",566608
Premium Townhouse in Kolkata,"Kolkata, WB",Townhouse,543,5,2,2018,Garden,434206
Premium Villa in Chennai,"Chennai, TN",Villa,4603,2,4,2001,"Parking,Security,Gym",2392260
Premium Apartment in Bangalore,"Bangalore, KA",Apartment,3008,3,3,1986,Pool,1772572
Premium Villa in Hyderabad,"Hyderabad, TS",Villa,2059,2,4,1997,"Garden,Parking,Security,WiFi,Gym",1244790
Premium Apartment in Pune,"Pune, MH",Apartment,1061,6,1,1990,"Security,Parking",613342
Premium Apartment in Chennai,"Chennai, TN",Apartment,3799,5,1,2019,"Gym,WiFi,Pool,Garden,Parking",1281842
Premium Villa in Chennai,"Chennai, TN",Villa,3646,6,2,1986,"WiFi,Garden,Pool",2173939
Premium Townhouse in Mumbai,"Mumbai, MH",Townhouse,2849,2,1,2008,Garden,2064723
Premium Penthouse in Hyderabad,"Hyderabad, TS",Penthouse,2960,4,1,2016,Security,2233185
Premium Villa in Bangalore,"Bangalore, KA",Villa,1970,1,3,2020,Gym,1514922
Premium Apartment in Mumbai,"Mumbai, MH",Apartment,4839,3,3,2007,"WiFi,Garden,Parking,Pool",3527682
Premium Penthouse in Pune,"Pune, MH",Penthouse,4411,1,1,1986,"Pool,WiFi,Security,Parking,Gym",2893521
Premium Penthouse in Chennai,"Chennai, TN",Penthouse,1321,2,3,1996,"Garden,Security,Pool",1151488
Premium Condo in Pune,"Pune, MH",Condo,588,5,1,1983,"Pool,WiFi",427971
Premium Penthouse in Chennai,"Chennai, TN",Penthouse,2335,6,2,2000,WiFi,2213175
Premium Townhouse in Hyderabad,"Hyderabad, TS",Townhouse,2243,1,4,1996,"Garden,Gym",861979
Premium Townhouse in Pune,"Pune, MH",Townhouse,3988,6,1,2005,Gym,1561721
Premium Apartment in Mumbai,"Mumbai, MH",Apartment,922,5,3,2012,"Garden,Pool,Parking,Gym",1067552
Premium Condo in Hyderabad,"Hyderabad, TS",Condo,4969,1,1,2020,"Garden,Gym,WiFi",1674836
Premium Villa in Pune,"Pune, MH",Villa,2314,6,2,1992,"Pool,WiFi,Parking,Security,Garden",1407706
Premium Penthouse in Mumbai,"Mumbai, MH",Penthouse,2118,1,3,2014,"Security,Parking,WiFi,Pool,Gym",3180228
Premium Townhouse in Hyderabad,"Hyderabad, TS",Townhouse,2144,5,3,1991,"WiFi,Parking,Garden,Gym,Pool",937086
Premium Townhouse in Chennai,"Chennai, TN",Townhouse,1869,5,4,2003,"Pool,Parking",921386
Premium Apartment in Kolkata,"Kolkata, WB",Apartment,3352,5,1,2007,Parking,1322452
Premium Villa in Delhi,"Delhi, DL",Villa,4996,3,3,1992,"Gym,Parking,Security,Pool",4381874
Premium Apartment in Delhi,"Delhi, DL",Apartment,1459,2,2,1988,"Garden,Gym,Pool",947810
Premium Penthouse in Bangalore,"Bangalore, KA",Penthouse,2717,4,2,2001,Security,3354143
Premium Apartment in Bangalore,"Bangalore, KA",Apartment,536,3,1,2010,"Parking,Garden,Gym,Security,Pool",468954
Premium Penthouse in Delhi,"Delhi, DL",Penthouse,4118,3,3,2006,"Security,WiFi",5266262
Premium Villa in Delhi,"Delhi, DL",Villa,1642,3,4,2000,Parking,1791990
Premium Condo in Hyderabad,"Hyderabad, TS",Condo,1948,3,3,2023,"Pool,WiFi",859626
Premium Condo in Kolkata,"Kolkata, WB",Condo,2661,4,1,2016,WiFi,938328
Premium Villa in Chennai,"Chennai, TN",Villa,2992,4,1,2005,"Gym,Pool,Parking",1609964
Premium Villa in Kolkata,"Kolkata, WB",Villa,4028,3,2,2000,"Pool,Gym,Garden,Security,Parking",2250908
Premium Penthouse in Bangalore,"Bangalore, KA",Penthouse,2318,5,3,1983,"Pool,Garden,Security,Parking",2764002
Premium Villa in Chennai,"Chennai, TN",Villa,4723,2,2,2011,"Parking,Security,WiFi",2447224
Premium Villa in Pune,"Pune, MH",Villa,1908,6,4,1994,"Gym,Security,WiFi,Pool,Parking",1427779
Premium Penthouse in Chennai,"Chennai, TN",Penthouse,4763,4,4,2011,"Security,WiFi,Pool,Gym",3742542
Premium Villa in Pune,"Pune, MH",Villa,589,1,4,2012,"Security,Pool,WiFi,Garden,Parking",427134
Premium Townhouse in Ahmedabad,"Ahmedabad, GJ",Townhouse,1262,1,2,2016,Pool,454673
Premium Condo in Delhi,"Delhi, DL",Condo,4176,1,3,2020,"WiFi,Pool,Parking",2237415
Premium Apartment in Chennai,"Chennai, TN",Apartment,2002,2,1,2022,Gym,751054
Premium Villa in Chennai,"Chennai, TN",Villa,2049,2,1,2015,"Parking,Security,Garden",1182608
Premium Townhouse in Hyderabad,"Hyderabad, TS",Townhouse,2442,6,2,1986,"Pool,Gym,Parking,Garden",1134391
Premium Penthouse in Chennai,"Chennai, TN",Penthouse,1252,3,1,2006,"WiFi,Parking,Pool",1162462
Premium Villa in Delhi,"Delhi, DL",Villa,3669,1,3,1997,Gym,3196942
Premium Penthouse in Chennai,"Chennai, TN",Penthouse,510,5,1,2024,Pool,849543
Premium Penthouse in Kolkata,"Kolkata, WB",Penthouse,3044,1,1,2003,"Security,Pool,Garden,Gym",1918389
Premium Condo in Delhi,"Delhi, DL",Condo,556,3,4,2022,"Garden,Parking,WiFi,Security",758575
Premium Villa in Mumbai,"Mumbai, MH",Villa,2216,2,3,1985,"Security,Pool,Gym",2348810
Premium Condo in Chennai,"Chennai, TN",Condo,4120,3,4,2006,Security,1364687
Premium Penthouse in Chennai,"Chennai, TN",Penthouse,3528,6,3,2007,Parking,2987613
Premium Villa in Hyderabad,"Hyderabad, TS",Villa,1596,5,4,2007,"Pool,WiFi,Garden,Parking,Security",1160042
Premium Condo in Hyderabad,"Hyderabad, TS",Condo,4660,4,2,1998,"Security,Gym,Garden,Pool",1657691
Premium Townhouse in Ahmedabad,"Ahmedabad, GJ",Townhouse,1417,6,4,1980,Pool,872540
Premium Condo in Delhi,"Delhi, DL",Condo,4846,5,4,2003,"Parking,WiFi,Pool",3291483
Premium Penthouse in Delhi,"Delhi, DL",Penthouse,3277,2,3,1982,WiFi,4043370
Premium Townhouse in Mumbai,"Mumbai, MH",Townhouse,1587,4,4,2001,Garden,1444634
Premium Villa in Bangalore,"Bangalore, KA",Villa,745,1,4,1985,"Parking,Pool,WiFi,Garden,Gym",755821
Premium Apartment in Mumbai,"Mumbai, MH",Apartment,3022,1,3,1987,"WiFi,Garden,Pool,Security",2081957
Premium Condo in Ahmedabad,"Ahmedabad, GJ",Condo,3416,4,1,1988,"Pool,Gym,Parking,Garden,WiFi",1323642
Premium Condo in Kolkata,"Kolkata, WB",Condo,4296,3,2,1984,"Gym,WiFi",1474659
Premium Condo in Delhi,"Delhi, DL",Condo,899,6,3,1994,Parking,1212235
Premium Townhouse in Chennai,"Chennai, TN",Townhouse,1593,1,2,1981,"Security,Gym,Garden",570234
Premium Townhouse in Kolkata,"Kolkata, WB",Townhouse,3839,2,2,2009,"Security,Parking,Garden,WiFi",1173890
Premium Penthouse in Delhi,"Delhi, DL",Penthouse,1769,3,3,1982,"Parking,Pool,Gym",2917579
Premium Apartment in Pune,"Pune, MH",Apartment,4149,2,4,1985,"Security,Parking,Pool",1340507
Premium Villa in Pune,"Pune, MH",Villa,4172,3,4,1990,"Parking,Gym,Security",2385901
Premium Penthouse in Bangalore,"Bangalore, KA",Penthouse,1549,3,4,2011,Parking,2082550
Premium Penthouse in Delhi,"Delhi, DL",Penthouse,1117,2,1,1984,"Gym,Parking,WiFi,Security",1706766
Premium Villa in Hyderabad,"Hyderabad, TS",Villa,3357,3,4,2018,Gym,1841900
Premium Penthouse in Bangalore,"Bangalore, KA",Penthouse,4350,3,2,1984,"WiFi,Garden,Pool,Gym",4364592
Premium Apartment in Mumbai,"Mumbai, MH",Apartment,1725,1,4,2000,Gym,1421964
Premium Apartment in Hyderabad,"Hyderabad, TS",Apartment,906,6,1,1991,"Garden,Gym,Parking,Security",614629
Premium Villa in Kolkata,"Kolkata, WB",Villa,4633,4,1,1994,"Parking,Security",2472253
Premium Condo in Pune,"Pune, MH",Condo,2167,5,1,1992,"Security,WiFi,Pool,Parking,Gym",908652
Premium Townhouse in Delhi,"Delhi, DL",Townhouse,4422,2,3,2010,Parking,2785923
Premium Condo in Chennai,"Chennai, TN",Condo,4919,1,4,1992,"WiFi,Security,Pool,Parking",1602795
Premium Condo in Ahmedabad,"Ahmedabad, GJ",Condo,4847,2,1,1999,Garden,1533134
Premium Apartment in Hyderabad,"Hyderabad, TS",Apartment,3353,3,2,2023,"Gym,Security,WiFi,Garden,Parking",1311249
Premium Condo in Kolkata,"Kolkata, WB",Condo,4852,4,1,2006,Pool,1623708
Premium Townhouse in Kolkata,"Kolkata, WB",Townhouse,1862,2,4,2024,Pool,767964
Premium Condo in Ahmedabad,"Ahmedabad, GJ",Condo,2209,5,3,1999,"Garden,Parking,WiFi,Gym",993964
Premium Apartment in Delhi,"Delhi, DL",Apartment,2307,2,3,1999,"Security,Garden",1482212
Premium Condo in Mumbai,"Mumbai, MH",Condo,2041,2,2,2022,Pool,1448711
Premium Villa in Bangalore,"Bangalore, KA",Villa,1630,5,4,2024,"Security,Parking,Gym,Pool,Garden",1931631
Premium Apartment in Ahmedabad,"Ahmedabad, GJ",Apartment,527,3,3,1996,"WiFi,Security,Parking,Gym",385506
Premium Penthouse in Kolkata,"Kolkata, WB",Penthouse,4830,5,1,1989,"Garden,Security,Pool,Gym",3641107
Premium Penthouse in Bangalore,"Bangalore, KA",Penthouse,3525,5,2,2000,"Garden,WiFi",4226062
Premium Condo in Hyderabad,"Hyderabad, TS",Condo,2002,5,1,2005,"Gym,Pool,Security,WiFi,Parking",955000
Premium Apartment in Chennai,"Chennai, TN",Apartment,4061,1,2,2004,Gym,1180564
Premium Penthouse in Bangalore,"Bangalore, KA",Penthouse,4279,1,1,1989,"Pool,Parking",4449322
Premium Penthouse in Ahmedabad,"Ahmedabad, GJ",Penthouse,2676,1,2,2005,"Parking,WiFi,Pool,Security",1924733
Premium Condo in Kolkata,"Kolkata, WB",Condo,2393,5,1,1996,Parking,975427
Premium Apartment in Bangalore,"Bangalore, KA",Apartment,2673,4,4,2024,"Garden,WiFi,Security",1563286
Premium Apartment in Hyderabad,"Hyderabad, TS",Apartment,1613,1,2,2000,"WiFi,Parking",584133
Premium Villa in Bangalore,"Bangalore, KA",Villa,3888,5,4,1999,"Gym,Garden,Pool,Parking",3472498
Premium Villa in Bangalore,"Bangalore, KA",Villa,1464,3,4,2012,"Garden,WiFi,Parking",1508817
Premium Townhouse in Pune,"Pune, MH",Townhouse,3820,3,3,2000,"Pool,Gym,WiFi,Parking",1474630
Premium Condo in Delhi,"Delhi, DL",Condo,1294,5,2,2022,"WiFi,Security,Parking",1121344
Premium Villa in Hyderabad,"Hyderabad, TS",Villa,2552,4,4,1997,"Gym,WiFi,Pool,Security",1696574
Premium Penthouse in Kolkata,"Kolkata, WB",Penthouse,2086,1,2,2019,Security,1503146
Premium Townhouse in Pune,"Pune, MH",Townhouse,2056,1,3,2010,"WiFi,Security,Gym,Pool",663542
Premium Villa in Chennai,"Chennai, TN",Villa,2381,6,3,2019,Security,1548909
Premium Townhouse in Delhi,"Delhi, DL",Townhouse,2174,2,2,2022,"Security,Gym,Garden,Parking",1453516
Premium Townhouse in Hyderabad,"Hyderabad, TS",Townhouse,2868,5,3,1991,"WiFi,Gym,Garden,Parking,Security",1136964
Premium Villa in Mumbai,"Mumbai, MH",Villa,1889,1,1,1987,WiFi,1749510
Premium Apartment in Bangalore,"Bangalore, KA",Apartment,2873,6,1,2011,"Pool,Gym,WiFi,Parking,Security",1800506
Premium Penthouse in Hyderabad,"Hyderabad, TS",Penthouse,3879,4,4,2023,"Garden,Security,Pool,Parking",2742301
Premium Condo in Pune,"Pune, MH",Condo,2970,2,1,1994,Parking,939413
Premium Penthouse in Pune,"Pune, MH",Penthouse,1179,1,2,2008,"Pool,Garden,Gym,WiFi",861136
Premium Penthouse in Kolkata,"Kolkata, WB",Penthouse,1583,2,1,1989,"Pool,Gym,Parking,Garden",1204495
Premium Condo in Hyderabad,"Hyderabad, TS",Condo,1487,4,1,1990,"Parking,Gym,Security",639562
Premium Condo in Pune,"Pune, MH",Condo,2557,4,4,1995,"Pool,Security",1084189
Premium Apartment in Kolkata,"Kolkata, WB",Apartment,1366,4,1,2016,Gym,661399
Premium Villa in Mumbai,"Mumbai, MH",Villa,534,2,1,2001,"Garden,Parking,Pool,Gym",910031
Premium Villa in Hyderabad,"Hyderabad, TS",Villa,3290,4,2,2006,"Garden,Security,WiFi,Pool,Gym",1768917
Premium Villa in Hyderabad,"Hyderabad, TS",Villa,3059,4,4,1982,"WiFi,Parking,Pool,Security",1932474
Premium Apartment in Bangalore,"Bangalore, KA",Apartment,3733,4,2,1998,"Garden,Parking",2134734
Premium Condo in Ahmedabad,"Ahmedabad, GJ",Condo,4055,1,3,1981,"WiFi,Garden,Pool",1420211
Premium Penthouse in Ahmedabad,"Ahmedabad, GJ",Penthouse,2831,4,1,1994,"Garden,WiFi,Pool,Gym,Security",2273470
Premium Apartment in Chennai,"Chennai, TN",Apartment,665,2,4,1992,"Pool,Security,WiFi,Parking,Gym",395929
Premium Apartment in Mumbai,"Mumbai, MH",Apartment,4004,6,2,2000,"Gym,Garden,Security,Pool",2881314
Premium Apartment in Bangalore,"Bangalore, KA",Apartment,4590,1,1,1988,"Gym,WiFi,Security,Pool,Garden",2005805
Premium Condo in Kolkata,"Kolkata, WB",Condo,4990,6,4,2011,"Pool,Garden,WiFi,Security,Gym",1986948
Premium Penthouse in Pune,"Pune, MH",Penthouse,1219,3,2,1991,"WiFi,Garden",1179568
Premium Condo in Kolkata,"Kolkata, WB",Condo,2706,6,2,1990,Pool,1086127
Premium Villa in Mumbai,"Mumbai, MH",Villa,4633,3,1,1980,"WiFi,Gym,Garden,Parking,Security",4535056
Premium Apartment in Ahmedabad,"Ahmedabad, GJ",Apartment,3570,3,4,2021,"Pool,Security,Gym,Parking",1322925
Premium Condo in Mumbai,"Mumbai, MH",Condo,4567,6,1,1994,"Garden,Pool,Gym",3248999
Premium Townhouse in Kolkata,"Kolkata, WB",Townhouse,3902,6,3,2011,"Gym,Garden",1655080
Premium Apartment in Delhi,"Delhi, DL",Apartment,3963,1,3,1988,"Parking,Gym,Garden,Security",2503666
Premium Condo in Ahmedabad,"Ahmedabad, GJ",Condo,3808,4,4,2008,"Garden,Security,Pool",1403389
Premium Penthouse in Delhi,"Delhi, DL",Penthouse,2847,2,2,2013,"Garden,Gym,Parking",3744660
Premium Villa in Delhi,"Delhi, DL",Villa,1097,4,4,2021,"WiFi,Gym,Security,Pool,Garden",1541632
Premium Apartment in Ahmedabad,"Ahmedabad, GJ",Apartment,2159,4,2,2019,"Gym,Security",874759
Premium Villa in Chennai,"Chennai, TN",Villa,4269,5,2,2004,"Gym,Parking",2539962
Premium Townhouse in Chennai,"Chennai, TN",Townhouse,3966,4,1,2007,"WiFi,Parking,Security,Gym",1501098
Premium Villa in Mumbai,"Mumbai, MH",Villa,537,3,4,2022,Parking,1081391
Premium Condo in Hyderabad,"Hyderabad, TS",Condo,4227,2,3,2009,Parking,1356462
Premium Townhouse in Mumbai,"Mumbai, MH",Townhouse,3923,6,3,2010,"Parking,WiFi,Gym,Pool",3372810
Premium Townhouse in Bangalore,"Bangalore, KA",Townhouse,1626,4,4,1983,"Pool,Security,Gym,WiFi,Parking",1103778
Premium Penthouse in Kolkata,"Kolkata, WB",Penthouse,2562,1,4,1981,"Pool,Garden,Parking,Security",1813029
Premium Villa in Kolkata,"Kolkata, WB",Villa,1638,6,1,1991,"Security,Gym",1248633
Premium Townhouse in Ahmedabad,"Ahmedabad, GJ",Townhouse,2895,2,3,2007,"Parking,Security,Garden,Pool",1033461
Premium Condo in Bangalore,"Bangalore, KA",Condo,4678,5,4,2005,WiFi,2664442
Premium Condo in Chennai,"Chennai, TN",Condo,4235,2,4,1988,"Parking,Pool,Security,Gym,WiFi",1525761
Premium Apartment in Bangalore,"Bangalore, KA",Apartment,3152,5,3,1989,"Pool,Security,Parking,WiFi",1794625
Premium Penthouse in Hyderabad,"Hyderabad, TS",Penthouse,862,2,4,1983,"Security,WiFi,Parking",821569
Premium Apartment in Pune,"Pune, MH",Apartment,2261,1,3,1988,Garden,716954
Premium Villa in Chennai,"Chennai, TN",Villa,1277,3,2,2018,"Gym,Garden",831625
Premium Penthouse in Ahmedabad,"Ahmedabad, GJ",Penthouse,3182,4,1,1985,"Garden,WiFi",2443032
Premium Townhouse in Hyderabad,"Hyderabad, TS",Townhouse,1515,3,2,2010,Pool,595769
Premium Apartment in Delhi,"Delhi, DL",Apartment,3535,3,1,2007,"Gym,WiFi,Parking,Garden,Security",2096896
Premium Condo in Kolkata,"Kolkata, WB",Condo,2614,1,4,1991,"WiFi,Garden,Gym,Parking",986534
Premium Apartment in Kolkata,"Kolkata, WB",Apartment,1175,3,1,1989,Parking,514093
Premium Penthouse in Hyderabad,"Hyderabad, TS",Penthouse,3784,5,2,2013,"WiFi,Pool",3045364
Premium Penthouse in Ahmedabad,"Ahmedabad, GJ",Penthouse,2531,5,1,1982,"Gym,Security,Pool,Garden,WiFi",2173891
Premium Condo in Mumbai,"Mumbai, MH",Condo,3125,5,4,2012,"Parking,Pool",2543366
Premium Penthouse in Mumbai,"Mumbai, MH",Penthouse,4932,5,2,1984,"Garden,Security,Parking,WiFi,Pool",7420114
Premium Townhouse in Kolkata,"Kolkata, WB",Townhouse,1863,3,1,2005,"Parking,Security,WiFi",657884
Premium Townhouse in Kolkata,"Kolkata, WB",Townhouse,669,6,1,2011,Security,469498
Premium Villa in Hyderabad,"Hyderabad, TS",Villa,872,1,3,2012,"Security,Pool,Gym",532482
Premium Penthouse in Hyderabad,"Hyderabad, TS",Penthouse,4785,2,4,2022,"Gym,WiFi",3296699
Premium Penthouse in Bangalore,"Bangalore, KA",Penthouse,4076,6,4,2013,"Pool,Garden,Gym",4728112
Premium Penthouse in Chennai,"Chennai, TN",Penthouse,3474,5,2,2002,Garden,2779197
Premium Apartment in Kolkata,"Kolkata, WB",Apartment,1513,2,3,1997,"Garden,WiFi,Parking,Pool",648293
Premium Villa in Hyderabad,"Hyderabad, TS",Villa,3988,1,1,1994,"WiFi,Parking",1735276
Premium Condo in Bangalore,"Bangalore, KA",Condo,2887,1,3,2005,"Pool,Security,Gym",1452196
Premium Condo in Mumbai,"Mumbai, MH",Condo,1904,2,2,2022,Pool,1380624
Premium Townhouse in Pune,"Pune, MH",Townhouse,2259,4,2,2023,"Garden,Pool,Security",979694
Premium Condo in Chennai,"Chennai, TN",Condo,547,4,3,1985,"Security,WiFi,Garden,Parking,Pool",414825
Premium Condo in Mumbai,"Mumbai, MH",Condo,1097,5,1,1996,"Security,Pool,Parking,Garden,WiFi",1158220
Premium Apartment in Mumbai,"Mumbai, MH",Apartment,2720,4,4,2004,"Gym,Garden,Pool,Security,WiFi",2335278
Premium Apartment in Mumbai,"Mumbai, MH",Apartment,1779,2,1,2000,"Gym,Garden,WiFi",1209460
Premium Penthouse in Mumbai,"Mumbai, MH",Penthouse,1021,2,2,1984,Security,1692573
Premium Apartment in Kolkata,"Kolkata, WB",Apartment,2829,6,4,1999,"Garden,Parking",1136976
Premium Condo in Kolkata,"Kolkata, WB",Condo,4434,2,1,1992,"Gym,Parking,Pool,Security,Garden",1372968
Premium Condo in Pune,"Pune, MH",Condo,4184,3,1,1997,"Security,Gym",1424149
Premium Condo in Ahmedabad,"Ahmedabad, GJ",Condo,4606,2,4,1987,"WiFi,Gym,Garden,Pool,Parking",1571077
Premium Villa in Pune,"Pune, MH",Villa,3731,4,4,1987,"Parking,Garden,Pool,Security,Gym",2269504
Premium Apartment in Kolkata,"Kolkata, WB",Apartment,3351,6,2,2016,"WiFi,Garden,Pool,Gym",1219103
Premium Villa in Chennai,"Chennai, TN",Villa,4781,6,4,2000,"Pool,Parking,Garden",2801271
Premium Condo in Mumbai,"Mumbai, MH",Condo,1258,1,4,1987,"Garden,Pool,Gym,Security",1086450
Premium Townhouse in Ahmedabad,"Ahmedabad, GJ",Townhouse,880,3,1,1989,"WiFi,Gym",475950
Premium Villa in Kolkata,"Kolkata, WB",Villa,2820,1,4,1989,Pool,1506195
Premium Townhouse in Kolkata,"Kolkata, WB",Townhouse,2767,3,2,1996,"Garden,WiFi,Pool,Gym",1076289
Premium Penthouse in Hyderabad,"Hyderabad, TS",Penthouse,2779,3,1,1983,"Pool,Security,Gym,WiFi",1895637
Premium Apartment in Delhi,"Delhi, DL",Apartment,1461,2,1,2015,Gym,931170
Premium Penthouse in Kolkata,"Kolkata, WB",Penthouse,2638,2,4,1987,"WiFi,Garden,Security",1900680
Premium Penthouse in Hyderabad,"Hyderabad, TS",Penthouse,2378,1,2,1995,"Gym,Security",1562099
Premium Penthouse in Hyderabad,"Hyderabad, TS",Penthouse,4444,2,2,1982,"Security,Gym",3196891
Premium Apartment in Delhi,"Delhi, DL",Apartment,1753,3,3,1997,WiFi,1260517
Premium Apartment in Pune,"Pune, MH",Apartment,3564,2,1,2001,WiFi,1303924
Premium Condo in Pune,"Pune, MH",Condo,4719,3,1,2003,Pool,1634436
Premium Penthouse in Ahmedabad,"Ahmedabad, GJ",Penthouse,4593,1,2,2024,"Gym,Parking,Security",3066030
Premium Apartment in Chennai,"Chennai, TN",Apartment,1750,4,4,2024,"Parking,Pool,Security,WiFi",796187
Premium Townhouse in Chennai,"Chennai, TN",Townhouse,3492,1,1,2011,"Pool,Security",1071769
Premium Condo in Ahmedabad,"Ahmedabad, GJ",Condo,1216,1,1,2012,"Pool,Security,Garden,WiFi,Gym",443895
Premium Apartment in Delhi,"Delhi, DL",Apartment,3099,1,1,2006,"Parking,Pool,Gym",1827422
Premium Townhouse in Hyderabad,"Hyderabad, TS",Townhouse,4811,5,2,1987,Garden,1642948
Premium Penthouse in Chennai,"Chennai, TN",Penthouse,897,5,1,2024,"Security,Garden,Parking,WiFi,Pool",1045861
Premium Villa in Hyderabad,"Hyderabad, TS",Villa,1486,6,3,2008,"Gym,Parking,Pool",1320166
Premium Villa in Ahmedabad,"Ahmedabad, GJ",Villa,975,3,2,1985,"Gym,Parking,Garden,Pool",729531
Premium Apartment in Pune,"Pune, MH",Apartment,1170,6,4,2024,"Parking,Security,Gym,Pool,WiFi",740654
Premium Condo in Hyderabad,"Hyderabad, TS",Condo,4276,6,1,2003,"Parking,Gym,Garden,WiFi",1705526
Premium Apartment in Bangalore,"Bangalore, KA",Apartment,3967,3,4,2009,"Pool,WiFi,Garden",2268955
Premium Apartment in Pune,"Pune, MH",Apartment,3172,6,4,1999,Pool,1294419
Premium Townhouse in Hyderabad,"Hyderabad, TS",Townhouse,3112,6,3,2006,Gym,1186961
Premium Villa in Mumbai,"Mumbai, MH",Villa,3300,2,3,1981,"Garden,Gym,WiFi,Security,Pool",3269459
Premium Villa in Pune,"Pune, MH",Villa,2246,6,3,1998,"Pool,Garden,WiFi,Parking,Security",1408926
Premium Townhouse in Hyderabad,"Hyderabad, TS",Townhouse,1008,5,3,1984,"Parking,Gym,Security",601370
Premium Townhouse in Bangalore,"Bangalore, KA",Townhouse,3303,6,1,2017,"Parking,Garden,WiFi,Gym,Pool",2069432
Premium Penthouse in Ahmedabad,"Ahmedabad, GJ",Penthouse,3122,6,4,2005,"Garden,Gym,Pool,Parking",2401525
Premium Penthouse in Kolkata,"Kolkata, WB",Penthouse,1399,3,1,2015,Gym,1062603
Premium Apartment in Delhi,"Delhi, DL",Apartment,4182,5,2,1991,Gym,2842338
Premium Condo in Hyderabad,"Hyderabad, TS",Condo,2392,3,2,2013,"WiFi,Gym",910325
Premium Apartment in Bangalore,"Bangalore, KA",Apartment,3939,3,3,2024,"Gym,Garden,WiFi,Security,Pool",2264484
Premium Townhouse in Mumbai,"Mumbai, MH",Townhouse,1079,3,3,2002,"Gym,Garden,Parking,Pool,WiFi",1103814
Premium Villa in Chennai,"Chennai, TN",Villa,1479,5,1,1992,"Pool,Parking",980371
Premium Apartment in Mumbai,"Mumbai, MH",Apartment,3337,2,4,2003,"Parking,Security,Garden,Pool",2162603
Premium Townhouse in Chennai,"Chennai, TN",Townhouse,2239,4,3,1989,Gym,939679
Premium Apartment in Pune,"Pune, MH",Apartment,2886,5,1,2007,Gym,1041401
Premium Penthouse in Pune,"Pune, MH",Penthouse,1885,5,3,2005,"Gym,Pool,Parking,Security,Garden",1736975
Premium Townhouse in Bangalore,"Bangalore, KA",Townhouse,4817,2,1,1983,"Garden,Security,WiFi,Parking,Gym",2310298
Premium Villa in Delhi,"Delhi, DL",Villa,1957,5,4,1982,"Gym,Parking,Pool,WiFi,Security",2447812
Premium Penthouse in Mumbai,"Mumbai, MH",Penthouse,4318,5,2,1989,WiFi,6482848
Premium Penthouse in Chennai,"Chennai, TN",Penthouse,2369,5,2,1986,"Gym,WiFi,Parking",1979317
Premium Condo in Kolkata,"Kolkata, WB",Condo,1545,5,3,1983,"Parking,Pool,Gym",778960
Premium Penthouse in Bangalore,"Bangalore, KA",Penthouse,1508,1,3,1993,Garden,1648218
Premium Penthouse in Hyderabad,"Hyderabad, TS",Penthouse,950,1,2,2013,"Garden,Gym,Pool",744098
Premium Condo in Pune,"Pune, MH",Condo,2118,3,1,2001,Pool,885156
Premium Villa in Pune,"Pune, MH",Villa,1932,5,3,2021,"Security,Garden",1330526
Premium Villa in Mumbai,"Mumbai, MH",Villa,1629,4,3,2005,"Gym,Pool,Security,Parking,WiFi",2022552
Premium Townhouse in Kolkata,"Kolkata, WB",Townhouse,3541,1,3,2022,"WiFi,Security,Parking,Pool,Garden",1074183
Premium Villa in Ahmedabad,"Ahmedabad, GJ",Villa,4258,4,2,2008,"Gym,Garden,Pool",2294460
Premium Penthouse in Bangalore,"Bangalore, KA",Penthouse,3546,5,4,2020,"Security,Pool,Garden",4272444
Premium Apartment in Chennai,"Chennai, TN",Apartment,954,6,1,2023,"WiFi,Gym,Pool,Parking",635328
Premium Penthouse in Mumbai,"Mumbai, MH",Penthouse,4187,2,4,1980,WiFi,5203957
Premium Apartment in Ahmedabad,"Ahmedabad, GJ",Apartment,3716,1,4,2019,Garden,1173404
Premium Condo in Delhi,"Delhi, DL",Condo,757,4,2,1984,"Gym,WiFi,Pool,Parking,Security",822337
Premium Townhouse in Delhi,"Delhi, DL",Townhouse,4375,6,3,2012,"Gym,Security,Garden",2973139
Premium Penthouse in Mumbai,"Mumbai, MH",Penthouse,3572,1,4,2015,"Parking,WiFi",4857608
Premium Penthouse in Ahmedabad,"Ahmedabad, GJ",Penthouse,1891,2,2,2006,"Parking,Garden,Gym,WiFi",1454954
Premium Villa in Bangalore,"Bangalore, KA",Villa,1591,4,1,1988,"Gym,WiFi",1465116
Premium Condo in Hyderabad,"Hyderabad, TS",Condo,1222,3,2,2013,"Security,Parking",535714
Premium Penthouse in Ahmedabad,"Ahmedabad, GJ",Penthouse,1631,4,3,1981,"Pool,Security,Gym",1463600
Premium Apartment in Kolkata,"Kolkata, WB",Apartment,4089,3,1,2003,"Pool,Parking,Security,WiFi",1501199
Premium Villa in Bangalore,"Bangalore, KA",Villa,2238,3,1,1994,"Gym,Parking,WiFi",1987951
Premium Apartment in Kolkata,"Kolkata, WB",Apartment,1284,2,3,1983,"Parking,Gym,Pool,WiFi,Garden",551854
Premium Townhouse in Kolkata,"Kolkata, WB",Townhouse,4313,6,1,2014,Gym,1637205
Premium Condo in Bangalore,"Bangalore, KA",Condo,1255,4,1,1993,"Pool,Garden,Gym,Parking",869270
Premium Townhouse in Hyderabad,"Hyderabad, TS",Townhouse,3155,2,4,1983,"Pool,Parking,WiFi",1220180
Premium Villa in Hyderabad,"Hyderabad, TS",Villa,1160,1,1,2011,WiFi,650459
Premium Townhouse in Kolkata,"Kolkata, WB",Townhouse,2014,2,2,2006,Security,721137
Premium Apartment in Delhi,"Delhi, DL",Apartment,2856,6,2,2019,"Parking,Garden",2082422
Premium Apartment in Mumbai,"Mumbai, MH",Apartment,4774,2,1,2024,"WiFi,Pool,Security,Parking,Gym",3192828
Premium Penthouse in Hyderabad,"Hyderabad, TS",Penthouse,1338,1,1,2022,"Pool,Garden,WiFi,Parking,Gym",949812
Premium Villa in Mumbai,"Mumbai, MH",Villa,4139,5,1,2010,Garden,4496046
Premium Penthouse in Kolkata,"Kolkata, WB",Penthouse,3304,3,1,2002,"Parking,Security,Garden,Pool",2372776
Premium Villa in Kolkata,"Kolkata, WB",Villa,3131,5,3,1985,"Pool,Gym,Garden",1999226
Premium Condo in Mumbai,"Mumbai, MH",Condo,1548,6,2,1991,"Gym,WiFi,Garden,Parking",1506793
Premium Penthouse in Bangalore,"Bangalore, KA",Penthouse,2271,3,2,1992,Gym,2779710
Premium Villa in Kolkata,"Kolkata, WB",Villa,3560,6,3,2023,WiFi,2332692
Premium Villa in Delhi,"Delhi, DL",Villa,2069,5,4,1991,"Pool,Garden",2461569
Premium Apartment in Pune,"Pune, MH",Apartment,4374,1,2,1994,"Parking,Pool,Gym,Garden",1373705
Premium Apartment in Ahmedabad,"Ahmedabad, GJ",Apartment,3081,3,4,2017,"Security,Gym",1046283
Premium Villa in Hyderabad,"Hyderabad, TS",Villa,3740,6,2,1998,Pool,2126078
Premium Villa in Bangalore,"Bangalore, KA",Villa,985,4,2,2004,"Garden,Pool,WiFi,Parking",1157132
Premium Condo in Chennai,"Chennai, TN",Condo,1311,1,1,1984,"WiFi,Garden,Pool",476357
Premium Apartment in Hyderabad,"Hyderabad, TS",Apartment,3188,6,2,2014,"Parking,Pool,Gym",1271064
Premium Villa in Chennai,"Chennai, TN",Villa,4401,5,4,2006,Parking,2531423
Premium Apartment in Delhi,"Delhi, DL",Apartment,2006,3,3,1982,"Garden,Gym,Security",1366836
Premium Townhouse in Bangalore,"Bangalore, KA",Townhouse,1199,6,1,2019,Garden,974776
Premium Townhouse in Kolkata,"Kolkata, WB",Townhouse,3326,1,3,1996,"Gym,Parking",1068832
Premium Townhouse in Bangalore,"Bangalore, KA",Townhouse,3958,3,1,1986,Security,1879838
Premium Townhouse in Kolkata,"Kolkata, WB",Townhouse,2988,6,4,1996,Pool,1402241
Premium Penthouse in Mumbai,"Mumbai, MH",Penthouse,2494,3,4,1994,"Security,Pool,WiFi,Garden",4141108
Premium Townhouse in Kolkata,"Kolkata, WB",Townhouse,4448,2,1,1998,"WiFi,Pool,Security",1570235
Premium Condo in Hyderabad,"Hyderabad, TS",Condo,2705,1,2,1989,"Garden,Parking,Pool,Security",818525
Premium Apartment in Hyderabad,"Hyderabad, TS",Apartment,3656,6,4,1987,Security,1439340
Premium Condo in Ahmedabad,"Ahmedabad, GJ",Condo,4070,3,3,2013,"Security,Gym,Parking",1568091
Premium Villa in Chennai,"Chennai, TN",Villa,1345,1,1,2021,"WiFi,Gym",753896
Premium Apartment in Chennai,"Chennai, TN",Apartment,3457,2,4,2004,"Pool,Parking",1265459
Premium Villa in Bangalore,"Bangalore, KA",Villa,3281,6,4,1990,Security,3035334
Premium Villa in Mumbai,"Mumbai, MH",Villa,4592,1,4,2023,"Gym,Pool,Parking",4776431
Premium Penthouse in Chennai,"Chennai, TN",Penthouse,3345,6,4,1991,Gym,2986405
Premium Apartment in Bangalore,"Bangalore, KA",Apartment,622,3,1,2014,"Parking,Gym,Pool,Security,Garden",519598
Premium Apartment in Chennai,"Chennai, TN",Apartment,4024,4,3,1985,"Gym,Parking",1585012
Premium Villa in Chennai,"Chennai, TN",Villa,780,4,2,1987,"Garden,Gym,WiFi,Security,Pool",744061
Premium Penthouse in Kolkata,"Kolkata, WB",Penthouse,1729,1,3,2018,Parking,1379654
Premium Condo in Kolkata,"Kolkata, WB",Condo,2688,2,3,2012,"Gym,Pool,Security,WiFi",974377
Premium Townhouse in Mumbai,"Mumbai, MH",Townhouse,4406,2,1,2003,"Security,Parking",2737597
Premium Townhouse in Ahmedabad,"Ahmedabad, GJ",Townhouse,2941,4,2,2002,"Parking,Gym,WiFi,Pool",1132624
Premium Penthouse in Pune,"Pune, MH",Penthouse,866,4,4,2015,"Garden,WiFi,Gym,Security,Parking",977436
Premium Villa in Mumbai,"Mumbai, MH",Villa,4800,5,4,2020,"Parking,Gym",5408703
Premium Villa in Mumbai,"Mumbai, MH",Villa,4947,6,3,1994,"Pool,Parking,Garden,Security",5287325
Premium Villa in Pune,"Pune, MH",Villa,4866,3,3,2022,"Pool,Gym,Parking,WiFi",2431505
Premium Penthouse in Bangalore,"Bangalore, KA",Penthouse,4670,1,4,2024,"WiFi,Parking,Pool,Security",4142508
Premium Penthouse in Hyderabad,"Hyderabad, TS",Penthouse,1977,1,4,1986,"Pool,Gym,Garden,Parking,Security",1321013
Premium Penthouse in Mumbai,"Mumbai, MH",Penthouse,4986,5,3,2010,"Gym,WiFi",7321391
Premium Condo in Hyderabad,"Hyderabad, TS",Condo,4264,1,4,1993,"Pool,Security,WiFi,Parking",1459360
Premium Townhouse in Kolkata,"Kolkata, WB",Townhouse,4856,1,1,1990,"Pool,WiFi,Gym",1451142
Premium Villa in Delhi,"Delhi, DL",Villa,3249,6,2,1995,"Garden,Gym,WiFi,Pool,Parking",3548121
Premium Villa in Hyderabad,"Hyderabad, TS",Villa,2633,2,4,1995,Security,1313816
Premium Townhouse in Kolkata,"Kolkata, WB",Townhouse,3365,6,4,1995,"Parking,Gym,Garden",1390413
Premium Penthouse in Bangalore,"Bangalore, KA",Penthouse,2573,5,3,2023,"Gym,WiFi,Pool",3062185
Premium Penthouse in Kolkata,"Kolkata, WB",Penthouse,4504,1,3,1998,"Parking,Pool,Security,Garden",2713673
Premium Penthouse in Hyderabad,"Hyderabad, TS",Penthouse,3837,1,3,1982,"Parking,Gym",2327929
Premium Apartment in Delhi,"Delhi, DL",Apartment,2060,2,2,1995,Pool,1324305
Premium Townhouse in Mumbai,"Mumbai, MH",Townhouse,2247,3,2,1980,"Security,Pool,WiFi,Parking,Garden",1839179
Premium Townhouse in Hyderabad,"Hyderabad, TS",Townhouse,3006,4,2,1985,"Pool,Gym",1255569
Premium Apartment in Ahmedabad,"Ahmedabad, GJ",Apartment,3565,1,1,2006,Parking,1131408
Premium Apartment in Bangalore,"Bangalore, KA",Apartment,1699,6,1,1992,"Gym,Parking,Security,Garden,Pool",1133833
Premium Villa in Hyderabad,"Hyderabad, TS",Villa,4748,1,3,1980,"Garden,Pool",2225859
Premium Villa in Ahmedabad,"Ahmedabad, GJ",Villa,3416,3,3,1980,"Pool,Gym",1842719
Premium Villa in Ahmedabad,"Ahmedabad, GJ",Villa,2773,4,4,2011,"Pool,Parking,Garden",1590663
Premium Villa in Kolkata,"Kolkata, WB",Villa,915,1,2,2017,"Pool,Gym",494133
Premium Townhouse in Ahmedabad,"Ahmedabad, GJ",Townhouse,2589,2,2,1984,"Gym,WiFi,Pool,Security",967580
Premium Penthouse in Chennai,"Chennai, TN",Penthouse,4805,5,3,2017,"WiFi,Security,Garden,Gym,Parking",3538041
Premium Condo in Chennai,"Chennai, TN",Condo,2951,2,3,2014,"Security,Gym,Parking,Garden,Pool",1072695
Premium Condo in Delhi,"Delhi, DL",Condo,2622,1,4,2006,Gym,1507014
Premium Penthouse in Hyderabad,"Hyderabad, TS",Penthouse,1739,1,1,1981,"Security,Pool,Parking,WiFi,Gym",1144700
Premium Townhouse in Bangalore,"Bangalore, KA",Townhouse,4015,3,4,2006,"Gym,Pool",2062295
Premium Townhouse in Mumbai,"Mumbai, MH",Townhouse,3338,1,1,2015,"Pool,Parking,WiFi",1975033
Premium Townhouse in Hyderabad,"Hyderabad, TS",Townhouse,686,3,3,2008,"Gym,Security",447487
Premium Apartment in Bangalore,"Bangalore, KA",Apartment,685,6,2,2004,"Gym,Parking",830672
Premium Condo in Ahmedabad,"Ahmedabad, GJ",Condo,3570,5,2,2013,"Gym,Pool,Parking,WiFi,Security",1443265
Premium Villa in Pune,"Pune, MH",Villa,2630,3,4,1993,"Garden,Security,Parking,Gym",1463929
Premium Villa in Pune,"Pune, MH",Villa,2211,1,1,2008,"Pool,Garden",1115655
Premium Penthouse in Pune,"Pune, MH",Penthouse,2960,1,4,1986,Garden,2130745
Premium Condo in Hyderabad,"Hyderabad, TS",Condo,2674,4,3,1988,Gym,994726
Premium Condo in Delhi,"Delhi, DL",Condo,2278,3,2,1980,"Gym,Garden",1716796
Premium Apartment in Pune,"Pune, MH",Apartment,1908,4,2,2001,"Garden,Pool,Parking,WiFi,Gym",810939
Premium Apartment in Pune,"Pune, MH",Apartment,1085,1,1,1981,"Garden,WiFi,Parking",407659
Premium Condo in Ahmedabad,"Ahmedabad, GJ",Condo,4414,1,4,1984,Gym,1332042
Premium Townhouse in Ahmedabad,"Ahmedabad, GJ",Townhouse,1382,6,1,1994,Garden,728217
Premium Villa in Mumbai,"Mumbai, MH",Villa,4610,3,4,1988,"Gym,Security,Garden,Parking,Pool",4547833
Premium Townhouse in Ahmedabad,"Ahmedabad, GJ",Townhouse,807,1,3,1989,Parking,379215
Premium Villa in Mumbai,"Mumbai, MH",Villa,1177,4,2,1980,"WiFi,Pool,Parking,Gym",1692149
Premium Penthouse in Pune,"Pune, MH",Penthouse,1603,6,4,2011,"WiFi,Parking,Security",1603162
Premium Penthouse in Ahmedabad,"Ahmedabad, GJ",Penthouse,3559,2,3,1986,"WiFi,Gym,Security,Parking,Garden",2586142
Premium Condo in Ahmedabad,"Ahmedabad, GJ",Condo,1289,6,4,2022,"Garden,Gym,Security,Parking",729525
Premium Condo in Mumbai,"Mumbai, MH",Condo,4142,1,2,2024,"Garden,Parking,Security",2854218
Premium Townhouse in Hyderabad,"Hyderabad, TS",Townhouse,2408,4,1,2012,"Parking,Garden,Security,WiFi",1015469
Premium Apartment in Chennai,"Chennai, TN",Apartment,2850,4,3,1986,"Pool,Security,Gym",1135170
Premium Villa in Chennai,"Chennai, TN",Villa,2827,6,2,2012,Security,1804344
Premium Condo in Hyderabad,"Hyderabad, TS",Condo,2349,5,2,1985,"Parking,Garden,Pool",937303
Premium Apartment in Pune,"Pune, MH",Apartment,2727,2,1,1984,"Security,Garden",947982
Premium Apartment in Hyderabad,"Hyderabad, TS",Apartment,1223,1,4,1996,"WiFi,Gym,Parking",473647
Premium Villa in Mumbai,"Mumbai, MH",Villa,2083,2,4,1991,"WiFi,Gym,Security,Parking",2329299
Premium Villa in Kolkata,"Kolkata, WB",Villa,1306,3,4,2010,"WiFi,Pool,Gym,Security,Parking",853379
Premium Penthouse in Bangalore,"Bangalore, KA",Penthouse,523,3,4,1984,"Pool,Gym,Garden,Security",1275623
Premium Penthouse in Delhi,"Delhi, DL",Penthouse,3803,5,3,1983,"WiFi,Pool,Parking,Garden",5689334
Premium Condo in Chennai,"Chennai, TN",Condo,1449,1,3,2000,"Security,WiFi,Garden,Parking",505940
Premium Penthouse in Bangalore,"Bangalore, KA",Penthouse,1627,6,3,1996,"Garden,Parking,WiFi,Security",2587812
Premium Villa in Hyderabad,"Hyderabad, TS",Villa,4137,1,4,2006,"Security,Gym",2233535
Premium Penthouse in Pune,"Pune, MH",Penthouse,1341,4,4,2006,WiFi,1461120
Premium Condo in Ahmedabad,"Ahmedabad, GJ",Condo,3345,1,1,2020,Garden,978203
Premium Villa in Mumbai,"Mumbai, MH",Villa,4138,1,1,2012,"Security,Gym",4131447
Premium Townhouse in Chennai,"Chennai, TN",Townhouse,4677,5,1,2006,"Security,Parking,Gym,Pool,WiFi",1590460
Premium Condo in Hyderabad,"Hyderabad, TS",Condo,4331,2,1,1993,Garden,1291521
Premium Villa in Pune,"Pune, MH",Villa,1578,4,2,1997,"Security,Pool,Gym",1127705
Premium Penthouse in Delhi,"Delhi, DL",Penthouse,2271,3,4,2019,"WiFi,Security,Pool",3031812
Premium Penthouse in Delhi,"Delhi, DL",Penthouse,958,5,1,2007,"Pool,Parking,Garden,Gym",2201965
Premium Apartment in Pune,"Pune, MH",Apartment,4128,1,4,1984,"Security,Gym",1311227
Premium Apartment in Pune,"Pune, MH",Apartment,2093,1,1,1980,Parking,758313
Premium Townhouse in Bangalore,"Bangalore, KA",Townhouse,2847,1,3,2018,"Pool,WiFi,Gym,Security",1329070
Premium Townhouse in Mumbai,"Mumbai, MH",Townhouse,2641,3,3,2003,"Pool,Parking",1953209
Premium Villa in Delhi,"Delhi, DL",Villa,4102,3,1,2022,WiFi,3614743
Premium Penthouse in Ahmedabad,"Ahmedabad, GJ",Penthouse,1689,3,4,1981,"WiFi,Security",1559246
Premium Villa in Bangalore,"Bangalore, KA",Villa,1840,4,4,2018,"WiFi,Parking,Gym",1825518
Premium Condo in Bangalore,"Bangalore, KA",Condo,3427,1,3,1984,"Gym,WiFi,Security,Pool,Parking",1626121
Premium Penthouse in Pune,"Pune, MH",Penthouse,2949,1,3,1994,"Security,WiFi,Garden,Parking,Pool",2175918
Premium Condo in Delhi,"Delhi, DL",Condo,4687,3,1,2018,"Parking,Gym,Security",2625048
Premium Apartment in Mumbai,"Mumbai, MH",Apartment,2645,1,4,2003,"Gym,Garden,Parking",1844971
Premium Condo in Bangalore,"Bangalore, KA",Condo,1039,3,1,2006,WiFi,742683
Premium Villa in Hyderabad,"Hyderabad, TS",Villa,3281,4,2,1986,Gym,1865452
Premium Condo in Hyderabad,"Hyderabad, TS",Condo,4442,5,2,1980,"WiFi,Gym,Pool,Garden,Parking",1641351
Premium Apartment in Kolkata,"Kolkata, WB",Apartment,1300,5,2,1981,"Security,Pool,Gym",678479
Premium Penthouse in Mumbai,"Mumbai, MH",Penthouse,3331,4,2,2010,Parking,5173563
Premium Villa in Ahmedabad,"Ahmedabad, GJ",Villa,1516,6,1,1997,"Garden,Parking,Gym",1193511
Premium Penthouse in Pune,"Pune, MH",Penthouse,1244,5,4,1988,"Pool,Parking,WiFi,Garden",1433782
Premium Villa in Kolkata,"Kolkata, WB",Villa,4048,1,1,1986,"Pool,Parking,WiFi",2041502
Premium Penthouse in Chennai,"Chennai, TN",Penthouse,1948,3,2,1989,WiFi,1696474
Premium Apartment in Ahmedabad,"Ahmedabad, GJ",Apartment,1818,4,2,1987,Garden,824674
Premium Condo in Hyderabad,"Hyderabad, TS",Condo,4323,3,1,2013,"Pool,Gym,Parking,Security,WiFi",1605649
Premium Apartment in Bangalore,"Bangalore, KA",Apartment,4367,4,4,1999,"WiFi,Security,Garden,Parking",2177636
Premium Apartment in Mumbai,"Mumbai, MH",Apartment,2129,3,3,2017,"Security,Parking,Gym,Pool,WiFi",1530868
Premium Villa in Hyderabad,"Hyderabad, TS",Villa,2564,4,3,1990,"Parking,Pool,Security,WiFi",1673861
Premium Penthouse in Hyderabad,"Hyderabad, TS",Penthouse,4284,4,3,1990,"Security,Pool,Garden,WiFi",2940377
Premium Condo in Hyderabad,"Hyderabad, TS",Condo,4485,5,4,2012,"WiFi,Garden,Parking",1619759
Premium Townhouse in Delhi,"Delhi, DL",Townhouse,1512,1,1,2001,"Security,Pool,Garden",936248
Premium Apartment in Pune,"Pune, MH",Apartment,1087,4,1,1996,"Security,Parking,Garden,WiFi",547457
Premium Penthouse in Mumbai,"Mumbai, MH",Penthouse,1355,6,2,2019,"Garden,Pool",3283084
Premium Apartment in Ahmedabad,"Ahmedabad, GJ",Apartment,953,5,3,1994,Garden,608874
Premium Apartment in Mumbai,"Mumbai, MH",Apartment,4997,2,1,2008,"Pool,WiFi,Security,Gym",3000853
Premium Townhouse in Hyderabad,"Hyderabad, TS",Townhouse,2873,4,2,2014,"Garden,Parking,Security",994325
Premium Townhouse in Hyderabad,"Hyderabad, TS",Townhouse,1735,6,2,2016,"Gym,Garden,Pool",917780
Premium Villa in Bangalore,"Bangalore, KA",Villa,4620,4,2,2002,"Gym,Pool",3344468
Premium Apartment in Ahmedabad,"Ahmedabad, GJ",Apartment,3154,2,1,1986,"Parking,Pool,Gym,Garden,Security",1160243
Premium Condo in Chennai,"Chennai, TN",Condo,3078,3,1,2004,Security,1202273
Premium Penthouse in Hyderabad,"Hyderabad, TS",Penthouse,2714,6,2,2011,"Pool,Gym,Security",2416750
Premium Condo in Pune,"Pune, MH",Condo,949,5,2,1997,"WiFi,Garden,Pool,Gym,Parking",629498
Premium Apartment in Kolkata,"Kolkata, WB",Apartment,4498,4,1,2001,"WiFi,Pool,Security,Parking,Gym",1655169
Premium Villa in Kolkata,"Kolkata, WB",Villa,4342,3,2,2016,Gym,2301234
Premium Villa in Pune,"Pune, MH",Villa,4722,1,4,1992,"WiFi,Parking",2338972
Premium Penthouse in Pune,"Pune, MH",Penthouse,1166,3,1,2015,"Gym,Security,Pool",974106
Premium Townhouse in Chennai,"Chennai, TN",Townhouse,2379,3,2,1996,"Gym,Parking,Security,WiFi,Pool",879810
Premium Villa in Ahmedabad,"Ahmedabad, GJ",Villa,628,5,4,2008,"WiFi,Pool",838944
Premium Townhouse in Mumbai,"Mumbai, MH",Townhouse,1688,6,2,1995,"Garden,Parking",1610131
Premium Apartment in Chennai,"Chennai, TN",Apartment,4008,1,1,1981,"Garden,Pool,WiFi",1375752
Premium Villa in Kolkata,"Kolkata, WB",Villa,3970,6,2,1981,"WiFi,Parking,Garden,Security",2283351
Premium Apartment in Ahmedabad,"Ahmedabad, GJ",Apartment,4385,1,4,2008,"Security,Garden,WiFi",1407930
Premium Villa in Hyderabad,"Hyderabad, TS",Villa,4309,5,2,2020,"WiFi,Gym,Parking,Pool,Garden",2383755
Premium Villa in Ahmedabad,"Ahmedabad, GJ",Villa,1445,1,1,2023,"Pool,Security,Parking",705955
Premium Condo in Ahmedabad,"Ahmedabad, GJ",Condo,3341,1,4,1995,"Security,Garden,WiFi,Gym,Pool",1240008
Premium Condo in Hyderabad,"Hyderabad, TS",Condo,2323,1,4,2005,"Garden,Parking,Pool,WiFi,Gym",752209
Premium Penthouse in Chennai,"Chennai, TN",Penthouse,1464,4,2,2024,"Pool,Parking,Gym,Security,WiFi",1340371
Premium Apartment in Pune,"Pune, MH",Apartment,1488,2,2,2019,"Parking,Pool",635651
Premium Penthouse in Delhi,"Delhi, DL",Penthouse,1539,5,1,2005,Gym,2685568
Premium Penthouse in Kolkata,"Kolkata, WB",Penthouse,2342,6,3,2024,"Pool,Garden,Security,WiFi",2171601
Premium Condo in Kolkata,"Kolkata, WB",Condo,4384,4,2,1981,Gym,1625848
Premium Penthouse in Chennai,"Chennai, TN",Penthouse,2640,1,4,1995,"Parking,Garden",1858147
Premium Penthouse in Bangalore,"Bangalore, KA",Penthouse,1916,5,4,2023,"Security,WiFi,Pool,Parking",2849265
Premium Apartment in Pune,"Pune, MH",Apartment,4032,1,1,1982,"Security,Parking,Pool",1154680
Premium Apartment in Bangalore,"Bangalore, KA",Apartment,4496,3,4,1982,"Gym,Garden",2597631
Premium Townhouse in Bangalore,"Bangalore, KA",Townhouse,3189,4,4,2007,"Gym,Pool,Garden,Parking,Security",1965980
Premium Condo in Hyderabad,"Hyderabad, TS",Condo,1885,4,1,2020,"Pool,Gym,Garden",716283
Premium Penthouse in Bangalore,"Bangalore, KA",Penthouse,1555,1,3,1980,Pool,1891180
Premium Apartment in Bangalore,"Bangalore, KA",Apartment,4044,1,1,2013,"Parking,Gym,WiFi",1930109
Premium Condo in Bangalore,"Bangalore, KA",Condo,2838,4,1,1981,Garden,1545198
Premium Apartment in Delhi,"Delhi, DL",Apartment,2634,2,2,1997,"Gym,Garden,Pool,Parking",1520516
Premium Townhouse in Hyderabad,"Hyderabad, TS",Townhouse,2395,5,4,1989,"WiFi,Security",1043885
Premium Townhouse in Hyderabad,"Hyderabad, TS",Townhouse,3470,1,2,2005,"Security,Garden",1018602
Premium Apartment in Pune,"Pune, MH",Apartment,3770,4,1,2009,"Gym,Garden,Parking,WiFi,Security",1270039
Premium Townhouse in Mumbai,"Mumbai, MH",Townhouse,4293,3,1,2000,"Security,Gym,Pool",2848684
Premium Apartment in Mumbai,"Mumbai, MH",Apartment,2983,6,4,1990,"Security,Pool,Gym,WiFi",2796877
Premium Villa in Delhi,"Delhi, DL",Villa,4922,3,1,2002,"Gym,Parking,Garden,WiFi,Pool",4797972
Premium Apartment in Ahmedabad,"Ahmedabad, GJ",Apartment,2548,3,4,2001,Pool,1038584
Premium Villa in Chennai,"Chennai, TN",Villa,2025,3,1,1997,"Pool,Garden,Security",1200526
Premium Penthouse in Delhi,"Delhi, DL",Penthouse,2887,5,4,2005,Parking,4212634
Premium Condo in Pune,"Pune, MH",Condo,3520,2,2,1988,"Security,Gym,Pool,Parking,Garden",1228392
Premium Condo in Hyderabad,"Hyderabad, TS",Condo,3941,3,2,2002,"Security,Garden,Gym,WiFi,Pool",1327336
Premium Condo in Delhi,"Delhi, DL",Condo,2679,2,3,1999,"Garden,Security,Parking",1709152
Premium Condo in Hyderabad,"Hyderabad, TS",Condo,2108,4,3,1984,"Garden,Gym,Security,Parking",930033
Premium Penthouse in Hyderabad,"Hyderabad, TS",Penthouse,817,2,4,1982,"Pool,Gym",856494
Premium Penthouse in Ahmedabad,"Ahmedabad, GJ",Penthouse,4233,6,1,1999,"Pool,Gym,Parking",2870703
Premium Apartment in Kolkata,"Kolkata, WB",Apartment,1466,6,4,2004,"Pool,Security,Garden,Gym,Parking",825587
Premium Condo in Hyderabad,"Hyderabad, TS",Condo,1962,1,3,2001,Gym,742053
Premium Penthouse in Mumbai,"Mumbai, MH",Penthouse,4995,4,2,1990,"WiFi,Gym,Security,Parking,Pool",6817752
Premium Villa in Chennai,"Chennai, TN",Villa,1684,4,2,1989,"Garden,Gym",1021574
Premium Condo in Mumbai,"Mumbai, MH",Condo,1955,4,4,2021,WiFi,1563236
Premium Penthouse in Chennai,"Chennai, TN",Penthouse,946,6,1,1999,"WiFi,Garden",1175934
Premium Villa in Pune,"Pune, MH",Villa,3330,3,2,2022,Gym,1887199
Premium Townhouse in Delhi,"Delhi, DL",Townhouse,532,3,2,1985,Parking,635088
Premium Villa in Ahmedabad,"Ahmedabad, GJ",Villa,3766,3,3,1997,"Pool,Security",1980536
Premium Penthouse in Ahmedabad,"Ahmedabad, GJ",Penthouse,1193,2,2,2000,"WiFi,Security,Pool,Garden",925609
Premium Condo in Kolkata,"Kolkata, WB",Condo,4719,6,1,2004,"Pool,Parking,Gym,Garden,Security",1662685
Premium Villa in Ahmedabad,"Ahmedabad, GJ",Villa,1565,6,2,2018,"Security,Parking,Garden,Gym",1136607
Premium Condo in Bangalore,"Bangalore, KA",Condo,1972,3,1,2003,"Gym,WiFi,Security,Garden",1077346
Premium Townhouse in Hyderabad,"Hyderabad, TS",Townhouse,3025,6,2,2014,"Gym,Security,Pool,Parking",1285414
Premium Villa in Pune,"Pune, MH",Villa,4439,4,1,1997,Gym,2112823
Premium Townhouse in Ahmedabad,"Ahmedabad, GJ",Townhouse,2129,6,1,1981,"WiFi,Pool,Security",931122
Premium Penthouse in Ahmedabad,"Ahmedabad, GJ",Penthouse,3690,3,1,1990,"Garden,WiFi,Pool,Parking,Gym",2546990
Premium Apartment in Kolkata,"Kolkata, WB",Apartment,877,6,1,1982,Gym,536708
Premium Condo in Mumbai,"Mumbai, MH",Condo,3321,2,3,1980,"Security,Parking,Garden,WiFi",2273201
Premium Villa in Delhi,"Delhi, DL",Villa,3175,4,2,2023,"Gym,Garden",3483728
Premium Condo in Pune,"Pune, MH",Condo,3041,3,1,2016,"WiFi,Gym,Parking,Pool",1058078
Premium Apartment in Bangalore,"Bangalore, KA",Apartment,2979,4,3,1994,"WiFi,Gym,Parking,Security,Garden",1816637
Premium Condo in Chennai,"Chennai, TN",Condo,2880,5,3,1986,"Gym,Pool",1229200
Premium Townhouse in Hyderabad,"Hyderabad, TS",Townhouse,1261,5,3,2010,"Garden,Security,Pool",664371
Premium Penthouse in Chennai,"Chennai, TN",Penthouse,777,5,2,2010,"Parking,Pool,Gym,Garden",1005220
Premium Villa in Mumbai,"Mumbai, MH",Villa,2589,4,2,1981,"WiFi,Pool,Garden,Security,Gym",3079016
Premium Condo in Chennai,"Chennai, TN",Condo,2171,5,1,2005,"Garden,Pool,Parking,WiFi",912460
Premium Townhouse in Delhi,"Delhi, DL",Townhouse,532,3,2,2017,"Garden,Parking,Security",617960
Premium Penthouse in Kolkata,"Kolkata, WB",Penthouse,3371,5,2,2002,"Gym,Parking,WiFi,Garden",2419655
Premium Apartment in Chennai,"Chennai, TN",Apartment,3440,5,3,2004,"Parking,Security,WiFi",1225076
Premium Condo in Hyderabad,"Hyderabad, TS",Condo,633,6,2,2000,"Gym,Security,WiFi",534821
Premium Townhouse in Bangalore,"Bangalore, KA",Townhouse,1233,4,3,2018,"Gym,Garden,Security",881006
Premium Apartment in Delhi,"Delhi, DL",Apartment,2536,5,2,1981,Parking,1717249
Premium Penthouse in Bangalore,"Bangalore, KA",Penthouse,2240,2,4,2000,"Parking,WiFi,Gym,Garden,Security",2804023
Premium Penthouse in Bangalore,"Bangalore, KA",Penthouse,3678,4,2,1997,"Gym,Pool,Garden",3976447
Premium Townhouse in Bangalore,"Bangalore, KA",Townhouse,2153,4,3,1983,"Garden,Pool,WiFi",1464663
Premium Townhouse in Mumbai,"Mumbai, MH",Townhouse,3820,3,1,2005,"Pool,Gym,Security",2678713
Premium Townhouse in Pune,"Pune, MH",Townhouse,1926,1,1,2024,"Security,Garden",670121
Premium Villa in Pune,"Pune, MH",Villa,3636,5,3,2010,"Garden,WiFi",2141884
Premium Villa in Ahmedabad,"Ahmedabad, GJ",Villa,3026,5,2,1989,"Gym,WiFi,Garden,Pool,Security",1744795
Premium Penthouse in Delhi,"Delhi, DL",Penthouse,3543,2,4,1992,Pool,4831567
Premium Condo in Mumbai,"Mumbai, MH",Condo,677,5,3,2011,"Gym,Pool,WiFi",940592
Premium Condo in Mumbai,"Mumbai, MH",Condo,4461,2,3,2021,"WiFi,Parking",2996515
Premium Penthouse in Hyderabad,"Hyderabad, TS",Penthouse,1052,4,4,1988,"Parking,Garden,Pool,Security,WiFi",1116861
Premium Townhouse in Kolkata,"Kolkata, WB",Townhouse,1738,6,4,1991,"Pool,Parking,WiFi,Gym,Garden",958121
Premium Penthouse in Pune,"Pune, MH",Penthouse,3629,2,4,1980,"Pool,Garden",2459353
Premium Apartment in Delhi,"Delhi, DL",Apartment,2478,1,2,1997,"Garden,Gym",1396535
Premium Apartment in Pune,"Pune, MH",Apartment,3430,3,3,2012,"Gym,Pool,WiFi,Garden",1268780
Premium Townhouse in Chennai,"Chennai, TN",Townhouse,812,1,3,1983,Pool,371183
Premium Townhouse in Pune,"Pune, MH",Townhouse,2012,3,2,2021,"Garden,Pool,Parking,Security",745391
Premium Townhouse in Chennai,"Chennai, TN",Townhouse,4225,2,1,2002,Security,1492570
Premium Townhouse in Mumbai,"Mumbai, MH",Townhouse,2548,3,1,2001,"Garden,Gym,Security",1824363
Premium Apartment in Bangalore,"Bangalore, KA",Apartment,2849,6,1,2013,"WiFi,Garden,Pool,Security,Gym",1685311
Premium Villa in Ahmedabad,"Ahmedabad, GJ",Villa,4075,4,2,1994,"Gym,Garden,WiFi",2397113
Premium Penthouse in Hyderabad,"Hyderabad, TS",Penthouse,758,5,4,2002,"WiFi,Garden,Security,Parking,Pool",1088977
Premium Villa in Kolkata,"Kolkata, WB",Villa,3281,6,4,1999,"Parking,Garden,WiFi",2129104
Premium Penthouse in Ahmedabad,"Ahmedabad, GJ",Penthouse,3639,1,2,1997,"Pool,Garden,Parking,Security,WiFi",2227688
Premium Condo in Bangalore,"Bangalore, KA",Condo,1631,1,1,2017,"Gym,Parking,Pool,Security,Garden",851351
Premium Apartment in Bangalore,"Bangalore, KA",Apartment,4512,3,4,2023,Gym,2349567
Premium Condo in Delhi,"Delhi, DL",Condo,1127,1,2,1998,"Garden,WiFi,Parking,Gym,Pool",760381
Premium Villa in Hyderabad,"Hyderabad, TS",Villa,2384,4,4,2004,"Parking,Security,WiFi",1480297
Premium Townhouse in Kolkata,"Kolkata, WB",Townhouse,2021,4,4,2013,"Pool,Security,WiFi,Parking,Gym",809725
Premium Townhouse in Hyderabad,"Hyderabad, TS",Townhouse,3710,4,2,2018,"Security,Garden,Gym,Parking",1373002
Premium Villa in Bangalore,"Bangalore, KA",Villa,4305,4,3,1984,Garden,3438838
Premium Apartment in Bangalore,"Bangalore, KA",Apartment,1610,5,1,1984,"WiFi,Garden,Parking,Gym",1064458
Premium Penthouse in Kolkata,"Kolkata, WB",Penthouse,1695,5,4,1988,"Garden,WiFi",1571923
Premium Penthouse in Pune,"Pune, MH",Penthouse,1026,6,4,1997,Security,1263017
Premium Villa in Hyderabad,"Hyderabad, TS",Villa,1909,3,4,1986,"WiFi,Gym",1187529
Premium Villa in Delhi,"Delhi, DL",Villa,3267,3,2,1982,"Pool,Garden,Gym,Security,Parking",3253125
Premium Penthouse in Chennai,"Chennai, TN",Penthouse,2178,4,2,1997,"Security,Parking,Gym,Pool,WiFi",1844906
Premium Condo in Delhi,"Delhi, DL",Condo,2860,4,4,2015,"Garden,WiFi,Pool,Security",2235802
Premium Apartment in Hyderabad,"Hyderabad, TS",Apartment,4434,6,1,2006,"Pool,Security",1810504
Premium Townhouse in Ahmedabad,"Ahmedabad, GJ",Townhouse,4204,5,4,2018,Pool,1525638
Premium Townhouse in Hyderabad,"Hyderabad, TS",Townhouse,1213,2,2,1988,"Gym,Security,Pool",483684
Premium Condo in Hyderabad,"Hyderabad, TS",Condo,4371,6,4,1995,"Gym,Garden,Parking",1835781
Premium Penthouse in Mumbai,"Mumbai, MH",Penthouse,4161,5,1,2017,Garden,5841491
Premium Villa in Delhi,"Delhi, DL",Villa,1132,5,4,1997,Gym,1956035
Premium Townhouse in Ahmedabad,"Ahmedabad, GJ",Townhouse,899,6,4,2010,Security,661990
Premium Townhouse in Mumbai,"Mumbai, MH",Townhouse,4748,3,3,2013,"Security,Garden",3186014
Premium Townhouse in Kolkata,"Kolkata, WB",Townhouse,2061,3,1,2004,WiFi,804481
Premium Townhouse in Chennai,"Chennai, TN",Townhouse,3245,3,3,1996,"Parking,Security,Gym",1271629
Premium Penthouse in Ahmedabad,"Ahmedabad, GJ",Penthouse,1352,3,2,2023,"WiFi,Parking,Pool,Gym",1193854
Premium Villa in Hyderabad,"Hyderabad, TS",Villa,2050,6,1,1982,"Pool,Security",1299790
Premium Penthouse in Mumbai,"Mumbai, MH",Penthouse,4081,2,2,1984,"Parking,Garden,Pool",5518791
Premium Apartment in Chennai,"Chennai, TN",Apartment,2246,5,3,1988,WiFi,942511
Premium Condo in Mumbai,"Mumbai, MH",Condo,877,2,4,2004,"Parking,Gym,Garden,Security,WiFi",972783
Premium Penthouse in Ahmedabad,"Ahmedabad, GJ",Penthouse,3295,1,4,2013,"Garden,Pool",2211242
Premium Condo in Pune,"Pune, MH",Condo,4965,2,1,2016,"Parking,Garden",1477783
Premium Penthouse in Chennai,"Chennai, TN",Penthouse,4904,5,1,1980,"Gym,Pool,Parking,Security",3531258
Premium Townhouse in Hyderabad,"Hyderabad, TS",Townhouse,4912,1,4,2020,Garden,1745160
Premium Apartment in Delhi,"Delhi, DL",Apartment,1254,2,2,1985,"Parking,Security,Pool,Garden",842467
Premium Townhouse in Kolkata,"Kolkata, WB",Townhouse,4792,1,3,2002,"Gym,Security",1497047
Premium Penthouse in Mumbai,"Mumbai, MH",Penthouse,4923,2,3,1998,WiFi,5931778
Premium Townhouse in Ahmedabad,"Ahmedabad, GJ",Townhouse,2253,3,1,1988,"Pool,Security,WiFi,Garden",847797
Premium Villa in Hyderabad,"Hyderabad, TS",Villa,4154,5,4,2024,"Parking,Security,WiFi",2537719
Premium Villa in Kolkata,"Kolkata, WB",Villa,4450,6,1,2006,"Pool,Garden",2533682
Premium Townhouse in Delhi,"Delhi, DL",Townhouse,4615,3,1,2018,Security,2694486
Premium Apartment in Ahmedabad,"Ahmedabad, GJ",Apartment,3760,5,4,2022,"Pool,WiFi,Security,Parking,Garden",1403378
Premium Villa in Mumbai,"Mumbai, MH",Villa,3438,6,1,2003,"Parking,Garden,Pool,Gym,WiFi",4088516
Premium Apartment in Delhi,"Delhi, DL",Apartment,2233,6,3,2018,"Security,Pool,Parking,Garden",1936703
Premium Condo in Mumbai,"Mumbai, MH",Condo,2098,1,1,2014,"Gym,Pool,WiFi,Parking",1492772
Premium Villa in Delhi,"Delhi, DL",Villa,2418,4,3,2024,"Security,Garden",2649663
Premium Apartment in Chennai,"Chennai, TN",Apartment,3977,6,3,1992,"Security,Parking,Gym",1494207
Premium Apartment in Bangalore,"Bangalore, KA",Apartment,1699,3,1,2018,Pool,1017206
Premium Condo in Ahmedabad,"Ahmedabad, GJ",Condo,1394,5,3,2000,"Garden,Parking",774234
Premium Condo in Delhi,"Delhi, DL",Condo,4431,4,2,1980,"Parking,Security",2878796
Premium Townhouse in Chennai,"Chennai, TN",Townhouse,4752,2,2,1984,"Gym,Security,WiFi,Pool,Parking",1541073
Premium Apartment in Chennai,"Chennai, TN",Apartment,1337,1,4,1989,"WiFi,Gym,Parking,Pool,Security",527501
Premium Apartment in Delhi,"Delhi, DL",Apartment,793,2,2,2008,"Pool,WiFi,Parking,Security,Gym",723811
Premium Apartment in Kolkata,"Kolkata, WB",Apartment,4932,4,2,2015,"Pool,Gym,Security,Parking",1752073
Premium Villa in Hyderabad,"Hyderabad, TS",Villa,4615,1,1,1989,"Parking,Gym,Pool,Security",2090465
Premium Villa in Hyderabad,"Hyderabad, TS",Villa,1131,2,3,2015,"Garden,Parking,Security,WiFi,Gym",810199
Premium Apartment in Kolkata,"Kolkata, WB",Apartment,4666,3,3,2017,"Garden,Parking,Security,WiFi",1503856
Premium Villa in Ahmedabad,"Ahmedabad, GJ",Villa,4893,5,2,2008,"Garden,Pool,Gym",2527660
Premium Townhouse in Delhi,"Delhi, DL",Townhouse,3164,3,4,1982,"Pool,WiFi",2268733
Premium Apartment in Mumbai,"Mumbai, MH",Apartment,4839,6,2,2008,"Security,Parking,WiFi,Pool",3597403
Premium Townhouse in Pune,"Pune, MH",Townhouse,3367,2,4,2018,"Garden,Pool",1108852
Premium Villa in Bangalore,"Bangalore, KA",Villa,510,5,4,1993,"WiFi,Security,Parking,Pool",1161583
Premium Villa in Hyderabad,"Hyderabad, TS",Villa,4302,6,3,1984,Pool,2268753
Premium Townhouse in Ahmedabad,"Ahmedabad, GJ",Townhouse,987,3,2,2004,"Parking,WiFi,Pool,Gym",529456
Premium Townhouse in Mumbai,"Mumbai, MH",Townhouse,3936,6,2,2023,"Security,Pool,Parking,Gym,WiFi",3082513
Premium Penthouse in Chennai,"Chennai, TN",Penthouse,4340,2,1,1996,"Pool,WiFi,Security,Parking",2599649
Premium Penthouse in Delhi,"Delhi, DL",Penthouse,1501,4,1,2016,Security,2471941
Premium Villa in Chennai,"Chennai, TN",Villa,4986,2,1,1999,"Garden,Parking",2594539
Premium Townhouse in Ahmedabad,"Ahmedabad, GJ",Townhouse,1134,4,3,2010,"Pool,Garden,Gym",558081
Premium Villa in Kolkata,"Kolkata, WB",Villa,551,5,4,2017,"WiFi,Pool",706514
Premium Condo in Bangalore,"Bangalore, KA",Condo,2032,2,2,1980,"Security,Pool,Garden",1022872
Premium Penthouse in Kolkata,"Kolkata, WB",Penthouse,3367,4,1,1980,"Security,Parking",2405760
Premium Penthouse in Pune,"Pune, MH",Penthouse,4705,4,1,2021,Garden,3505223
Premium Penthouse in Chennai,"Chennai, TN",Penthouse,4574,2,4,1992,Garden,3181692
Premium Townhouse in Pune,"Pune, MH",Townhouse,4422,6,1,2005,"Gym,WiFi",1784180
Premium Penthouse in Pune,"Pune, MH",Penthouse,752,3,2,2007,Parking,894073
Premium Townhouse in Pune,"Pune, MH",Townhouse,2372,3,1,2003,"Garden,Gym,WiFi,Security",969036
Premium Townhouse in Mumbai,"Mumbai, MH",Townhouse,3381,5,2,2000,"Garden,Gym,WiFi,Pool",2373292
Premium Penthouse in Hyderabad,"Hyderabad, TS",Penthouse,3414,5,1,2008,"WiFi,Parking",2725832
Premium Penthouse in Ahmedabad,"Ahmedabad, GJ",Penthouse,4688,5,2,1980,"WiFi,Pool,Security",3066647
Premium Condo in Pune,"Pune, MH",Condo,840,4,1,2009,Parking,503819
Premium Apartment in Delhi,"Delhi, DL",Apartment,4980,2,2,1996,"WiFi,Gym,Parking,Garden",2930220
Premium Penthouse in Delhi,"Delhi, DL",Penthouse,4901,1,1,2022,"Security,Garden,Parking",5822984
Premium Condo in Ahmedabad,"Ahmedabad, GJ",Condo,4186,3,1,2014,"Pool,Garden,Gym,Security",1503620
Premium Townhouse in Delhi,"Delhi, DL",Townhouse,2150,5,2,2006,"Parking,Pool,Security,Garden,WiFi",1579850
Premium Penthouse in Delhi,"Delhi, DL",Penthouse,2953,5,4,1983,"WiFi,Garden,Security,Parking",3965193
Premium Villa in Pune,"Pune, MH",Villa,1687,5,4,2010,"WiFi,Gym,Garden",1235701
Premium Penthouse in Bangalore,"Bangalore, KA",Penthouse,4922,1,2,2019,Garden,4663724
Premium Villa in Pune,"Pune, MH",Villa,2564,3,1,1981,"Garden,Parking,Security,WiFi",1370142
Premium Villa in Bangalore,"Bangalore, KA",Villa,2581,4,2,1994,Parking,2381513
Premium Townhouse in Delhi,"Delhi, DL",Townhouse,815,5,3,2018,Parking,1053300
Premium Apartment in Hyderabad,"Hyderabad, TS",Apartment,2292,5,3,1991,"Pool,WiFi,Garden,Gym,Security",904034
Premium Apartment in Pune,"Pune, MH",Apartment,1299,4,4,2019,"Garden,WiFi,Security,Parking",604484
Premium Condo in Delhi,"Delhi, DL",Condo,3293,4,4,2001,Pool,2324024
Premium Condo in Delhi,"Delhi, DL",Condo,3181,5,2,2019,"Pool,Gym,Security",2065510
Premium Penthouse in Delhi,"Delhi, DL",Penthouse,3733,3,2,1992,"Garden,Security,Pool,Parking",4673116
Premium Condo in Ahmedabad,"Ahmedabad, GJ",Condo,893,2,4,2009,WiFi,419128
Premium Condo in Hyderabad,"Hyderabad, TS",Condo,805,2,4,2005,"WiFi,Garden,Pool,Security",436817
Premium Villa in Ahmedabad,"Ahmedabad, GJ",Villa,557,1,1,1992,"Garden,Parking",328030
Premium Condo in Mumbai,"Mumbai, MH",Condo,3489,1,2,2016,"Pool,WiFi",2259967
Premium Penthouse in Chennai,"Chennai, TN",Penthouse,2339,5,4,2002,Gym,2185824
Premium Condo in Bangalore,"Bangalore, KA",Condo,2706,5,4,2011,"WiFi,Security,Pool,Parking",1653831
Premium Apartment in Pune,"Pune, MH",Apartment,2329,2,4,1984,"Pool,Parking",846918
Premium Apartment in Kolkata,"Kolkata, WB",Apartment,4250,1,4,2024,"Parking,Gym,Security",1506013
Premium Penthouse in Hyderabad,"Hyderabad, TS",Penthouse,2249,3,1,1980,"Garden,Parking,Gym,WiFi",1716486
Premium Townhouse in Mumbai,"Mumbai, MH",Townhouse,1567,2,1,2020,"Pool,Parking,Gym,Garden,WiFi",1184776
Premium Townhouse in Ahmedabad,"Ahmedabad, GJ",Townhouse,3793,2,2,2012,"Security,Pool,WiFi",1169607
Premium Villa in Delhi,"Delhi, DL",Villa,2273,5,3,1990,"Parking,Garden,Security,Gym,Pool",2690341
Premium Villa in Delhi,"Delhi, DL",Villa,1116,1,4,2022,Gym,1269602
Premium Condo in Pune,"Pune, MH",Condo,1112,5,2,2020,"Parking,Pool,Security",627195
Premium Apartment in Bangalore,"Bangalore, KA",Apartment,1089,4,4,1981,"Security,Pool,Parking",896454
Premium Villa in Mumbai,"Mumbai, MH",Villa,1149,3,3,2005,"Parking,Gym,Garden,Pool,WiFi",1712358
Premium Condo in Ahmedabad,"Ahmedabad, GJ",Condo,648,4,2,1999,"WiFi,Parking,Garden,Pool,Gym",443950
Premium Condo in Chennai,"Chennai, TN",Condo,4933,6,3,2022,"Garden,Parking",2000404
Premium Condo in Hyderabad,"Hyderabad, TS",Condo,2668,5,3,2021,Pool,1146206
Premium Penthouse in Delhi,"Delhi, DL",Penthouse,4587,6,3,2004,"WiFi,Gym,Pool,Security",6382884
Premium Penthouse in Bangalore,"Bangalore, KA",Penthouse,2138,5,2,2019,"Gym,Security,Garden,WiFi,Pool",2529853
Premium Penthouse in Chennai,"Chennai, TN",Penthouse,657,5,3,1999,WiFi,1034778
Premium Townhouse in Chennai,"Chennai, TN",Townhouse,3271,5,1,1990,"Garden,WiFi,Security",1240667
Premium Apartment in Delhi,"Delhi, DL",Apartment,2406,1,3,1999,"Parking,Garden",1466597
Premium Condo in Mumbai,"Mumbai, MH",Condo,3820,3,1,1997,"Security,Pool,Parking",2821098
Premium Townhouse in Chennai,"Chennai, TN",Townhouse,3119,4,2,2024,"WiFi,Pool",1130730
Premium Condo in Kolkata,"Kolkata, WB",Condo,1047,5,2,1988,"Pool,Security",562823
Premium Apartment in Chennai,"Chennai, TN",Apartment,3564,2,3,1985,"Security,Parking,WiFi,Gym,Garden",1191359
Premium Condo in Pune,"Pune, MH",Condo,1887,4,2,1981,"WiFi,Parking,Garden,Pool",730991
Premium Penthouse in Kolkata,"Kolkata, WB",Penthouse,4661,6,3,1998,"Pool,Parking,WiFi,Security,Gym",3613630
Premium Townhouse in Mumbai,"Mumbai, MH",Townhouse,3240,1,3,1981,Pool,2219161
Premium Condo in Ahmedabad,"Ahmedabad, GJ",Condo,1810,6,3,1994,"Gym,Pool,Security,WiFi",877474
Premium Townhouse in Hyderabad,"Hyderabad, TS",Townhouse,2274,3,1,1992,"Parking,Security,Pool",868849
Premium Penthouse in Bangalore,"Bangalore, KA",Penthouse,1851,6,4,2022,"Garden,Security,Parking",2744019
Premium Townhouse in Bangalore,"Bangalore, KA",Townhouse,3322,4,4,2019,"Parking,Garden,Pool,WiFi,Gym",2001805
Premium Penthouse in Delhi,"Delhi, DL",Penthouse,1917,3,2,1992,"Garden,Gym",2504456
Premium Villa in Kolkata,"Kolkata, WB",Villa,2139,3,3,2022,"Security,WiFi,Pool",1237248
Premium Villa in Delhi,"Delhi, DL",Villa,3087,4,2,2013,"Garden,Security",2945751
Premium Condo in Chennai,"Chennai, TN",Condo,3537,5,4,2011,"Gym,WiFi,Parking",1417288
Premium Apartment in Kolkata,"Kolkata, WB",Apartment,2739,6,3,1995,"Parking,Garden",1170929
Premium Villa in Delhi,"Delhi, DL",Villa,3576,6,3,1985,Gym,3691869
Premium Condo in Chennai,"Chennai, TN",Condo,3816,3,2,2010,"Security,Pool,Garden,WiFi,Gym",1385508
Premium Condo in Hyderabad,"Hyderabad, TS",Condo,2630,6,1,2002,"Gym,WiFi,Pool",1031344
Premium Villa in Mumbai,"Mumbai, MH",Villa,4703,4,4,2022,"Security,Garden,Gym,Parking,WiFi",4688147
Premium Apartment in Mumbai,"Mumbai, MH",Apartment,2426,2,3,1988,"Gym,WiFi,Garden,Parking",1939970
Premium Penthouse in Kolkata,"Kolkata, WB",Penthouse,2305,6,1,2008,"Security,Pool,Garden",2099827
Premium Apartment in Bangalore,"Bangalore, KA",Apartment,3848,6,1,2016,"Parking,Garden",2246732
Premium Penthouse in Ahmedabad,"Ahmedabad, GJ",Penthouse,643,1,1,1998,"WiFi,Parking,Garden",532524
Premium Condo in Pune,"Pune, MH",Condo,1207,1,1,2012,"Gym,Garden,Parking,Pool,Security",460774
Premium Penthouse in Chennai,"Chennai, TN",Penthouse,4549,5,2,2008,"WiFi,Security",3465239
Premium Townhouse in Bangalore,"Bangalore, KA",Townhouse,4436,3,4,2019,"Parking,Pool,Gym,WiFi,Security",2177782
Premium Apartment in Delhi,"Delhi, DL",Apartment,3876,4,2,2014,"WiFi,Parking,Garden",2482122
Premium Condo in Delhi,"Delhi, DL",Condo,1756,5,4,2009,"Gym,Security,Garden",1470361
Premium Penthouse in Bangalore,"Bangalore, KA",Penthouse,3375,1,3,1993,"WiFi,Garden,Gym,Pool,Parking",3601154
Premium Penthouse in Chennai,"Chennai, TN",Penthouse,1680,1,1,2015,"Garden,Pool,WiFi,Security,Parking",1168130
Premium Apartment in Mumbai,"Mumbai, MH",Apartment,3810,5,1,1982,"Security,Gym",2837466
Premium Townhouse in Bangalore,"Bangalore, KA",Townhouse,3205,2,2,1996,"WiFi,Gym,Garden",1666321
Premium Townhouse in Mumbai,"Mumbai, MH",Townhouse,3126,5,4,2023,WiFi,2314652
Premium Villa in Bangalore,"Bangalore, KA",Villa,1298,6,3,2014,"Gym,Pool,Security,Parking,WiFi",1703137
Premium Villa in Kolkata,"Kolkata, WB",Villa,2127,5,4,2022,"Gym,Pool,WiFi",1361452
Premium Penthouse in Bangalore,"Bangalore, KA",Penthouse,859,1,1,2017,Gym,932262
Premium Condo in Delhi,"Delhi, DL",Condo,1533,4,3,1983,Parking,1401361
Premium Townhouse in Kolkata,"Kolkata, WB",Townhouse,4486,1,3,2016,Parking,1354642
Premium Villa in Bangalore,"Bangalore, KA",Villa,1565,2,2,1993,"Pool,Gym,Garden,WiFi,Security",1349413
Premium Townhouse in Delhi,"Delhi, DL",Townhouse,4187,1,3,1988,"WiFi,Parking",2560822
Premium Villa in Kolkata,"Kolkata, WB",Villa,623,5,2,1998,"Parking,Security",670551
Premium Villa in Kolkata,"Kolkata, WB",Villa,4279,3,3,2008,"WiFi,Gym,Garden,Parking,Security",2216656
Premium Townhouse in Chennai,"Chennai, TN",Townhouse,4908,2,1,1984,"WiFi,Parking",1556732
Premium Villa in Chennai,"Chennai, TN",Villa,1288,2,2,1988,"Pool,WiFi,Parking,Gym,Security",712252
Premium Apartment in Bangalore,"Bangalore, KA",Apartment,1806,1,3,1995,"Garden,Gym,Pool,Parking,WiFi",930820
Premium Penthouse in Kolkata,"Kolkata, WB",Penthouse,4514,3,2,2019,"Parking,Gym,Garden,WiFi,Security",2780038
Premium Apartment in Delhi,"Delhi, DL",Apartment,1138,1,2,1987,"Security,WiFi",719569
Premium Apartment in Hyderabad,"Hyderabad, TS",Apartment,1990,2,3,1993,"Garden,Pool,WiFi",726619
Premium Condo in Ahmedabad,"Ahmedabad, GJ",Condo,4712,3,4,1984,"Garden,WiFi,Pool,Parking,Gym",1682696
Premium Villa in Delhi,"Delhi, DL",Villa,1981,5,1,1984,Garden,2377779
Premium Villa in Pune,"Pune, MH",Villa,1624,6,1,2001,"Garden,Security,Parking,WiFi",1206981
Premium Condo in Bangalore,"Bangalore, KA",Condo,3682,5,2,2012,"Garden,Pool",1910989
Premium Penthouse in Bangalore,"Bangalore, KA",Penthouse,2379,4,1,1989,"Parking,Pool,Garden,Security",2945026
Premium Villa in Pune,"Pune, MH",Villa,3435,4,4,2001,"Security,Parking,WiFi",2019710
Premium Townhouse in Hyderabad,"Hyderabad, TS",Townhouse,3130,2,4,2009,"Garden,Parking,WiFi",1213047
Premium Apartment in Hyderabad,"Hyderabad, TS",Apartment,3326,6,2,2010,Parking,1256871
Premium Condo in Kolkata,"Kolkata, WB",Condo,4903,6,3,2017,"Garden,Security,Gym",1833390
Premium Villa in Pune,"Pune, MH",Villa,3638,1,4,1982,"Pool,Parking,Garden,Security",1683411
Premium Townhouse in Ahmedabad,"Ahmedabad, GJ",Townhouse,1958,4,1,2017,"Pool,Gym,WiFi,Security",777675
Premium Villa in Chennai,"Chennai, TN",Villa,2698,4,2,2018,"Gym,WiFi",1546173
Premium Villa in Bangalore,"Bangalore, KA",Villa,663,4,4,2010,"Parking,Pool,Security,WiFi",1086367
Premium Townhouse in Ahmedabad,"Ahmedabad, GJ",Townhouse,1083,5,4,1984,Security,614798
Premium Penthouse in Hyderabad,"Hyderabad, TS",Penthouse,4646,5,3,1984,Pool,3167065
Premium Apartment in Pune,"Pune, MH",Apartment,2006,2,2,1988,"Security,Parking",716730
Premium Villa in Ahmedabad,"Ahmedabad, GJ",Villa,571,6,4,1994,"WiFi,Security",820606
Premium Townhouse in Pune,"Pune, MH",Townhouse,724,1,2,2004,"WiFi,Garden,Security,Gym,Parking",279468
Premium Penthouse in Kolkata,"Kolkata, WB",Penthouse,1332,5,3,2010,WiFi,1363585
Premium Villa in Hyderabad,"Hyderabad, TS",Villa,1277,6,2,1996,"Parking,Gym,Pool,WiFi",1017234
Premium Penthouse in Chennai,"Chennai, TN",Penthouse,3613,6,3,1995,"Pool,Parking,Security,WiFi,Gym",2901457
Premium Condo in Chennai,"Chennai, TN",Condo,2099,1,4,1981,"WiFi,Gym,Pool,Security,Parking",827132
Premium Penthouse in Bangalore,"Bangalore, KA",Penthouse,2282,5,1,2024,"WiFi,Parking",2753037
Premium Townhouse in Bangalore,"Bangalore, KA",Townhouse,1604,5,4,2008,"Parking,WiFi,Pool,Gym,Security",1291965
Premium Townhouse in Delhi,"Delhi, DL",Townhouse,4906,3,2,2008,Gym,3176961
Premium Condo in Ahmedabad,"Ahmedabad, GJ",Condo,1260,5,2,1981,"Security,Gym",684857
Premium Townhouse in Bangalore,"Bangalore, KA",Townhouse,1578,3,2,2019,Gym,1009805
Premium Apartment in Ahmedabad,"Ahmedabad, GJ",Apartment,2539,2,4,1999,"Garden,WiFi",1011539
Premium Penthouse in Chennai,"Chennai, TN",Penthouse,2381,3,1,1983,"Parking,Pool,Garden",1649449
Premium Townhouse in Mumbai,"Mumbai, MH",Townhouse,1655,4,2,1999,Parking,1524758
Premium Townhouse in Hyderabad,"Hyderabad, TS",Townhouse,3936,5,4,2024,Gym,1584395
Premium Townhouse in Hyderabad,"Hyderabad, TS",Townhouse,4170,5,4,1987,Parking,1725461
Premium Penthouse in Mumbai,"Mumbai, MH",Penthouse,3162,5,3,1996,"Gym,Garden,Pool",4835420
Premium Apartment in Pune,"Pune, MH",Apartment,3894,2,2,1994,"Garden,Parking",1302431
Premium Condo in Chennai,"Chennai, TN",Condo,3254,5,1,1991,Pool,1363417
Premium Penthouse in Hyderabad,"Hyderabad, TS",Penthouse,2662,4,2,2009,"Security,Pool,WiFi,Gym,Parking",1936383
Premium Penthouse in Chennai,"Chennai, TN",Penthouse,932,4,4,1984,"Security,WiFi",1170303
Premium Penthouse in Hyderabad,"Hyderabad, TS",Penthouse,1513,1,4,1986,Gym,1053415
Premium Condo in Mumbai,"Mumbai, MH",Condo,4471,1,3,1992,"WiFi,Security",2902123
Premium Villa in Ahmedabad,"Ahmedabad, GJ",Villa,1948,2,4,2019,"Parking,Gym,Garden",1105081
Premium Apartment in Bangalore,"Bangalore, KA",Apartment,2377,3,2,1983,"WiFi,Security",1348650
Premium Townhouse in Mumbai,"Mumbai, MH",Townhouse,2894,2,3,1996,"Parking,Garden,Gym,Pool",2194144
Premium Penthouse in Ahmedabad,"Ahmedabad, GJ",Penthouse,2517,3,2,2015,"WiFi,Gym,Garden,Parking,Security",2046437
Premium Apartment in Kolkata,"Kolkata, WB",Apartment,2445,4,1,2018,"Pool,Security,Gym,Garden",962740
Premium Villa in Mumbai,"Mumbai, MH",Villa,3429,3,3,1999,"Gym,Pool,Security,WiFi,Garden",3422464
Premium Condo in Kolkata,"Kolkata, WB",Condo,1652,2,4,2008,"Pool,Security,WiFi,Gym,Garden",612191
Premium Penthouse in Bangalore,"Bangalore, KA",Penthouse,1156,5,1,1989,Pool,2005416
Premium Villa in Mumbai,"Mumbai, MH",Villa,1816,3,4,2004,"WiFi,Pool",2142146
Premium Penthouse in Pune,"Pune, MH",Penthouse,3655,5,4,1995,"WiFi,Security",2671658
Premium Condo in Ahmedabad,"Ahmedabad, GJ",Condo,3856,6,2,2008,"Pool,Parking",1383211
Premium Townhouse in Hyderabad,"Hyderabad, TS",Townhouse,1345,5,4,1995,"Garden,Parking,WiFi,Gym,Pool",662922
Premium Townhouse in Mumbai,"Mumbai, MH",Townhouse,4583,3,2,1999,"Pool,Parking,WiFi,Security",2957002
Premium Condo in Bangalore,"Bangalore, KA",Condo,3193,3,1,2020,"Garden,Pool",1806447
Premium Penthouse in Hyderabad,"Hyderabad, TS",Penthouse,3322,6,3,1999,"Parking,Garden,Pool",2713888
Premium Townhouse in Kolkata,"Kolkata, WB",Townhouse,2642,6,4,1990,"Pool,Parking,Garden,Gym,WiFi",1105526
Premium Penthouse in Hyderabad,"Hyderabad, TS",Penthouse,3517,3,2,1994,"WiFi,Parking,Security",2451504
Premium Penthouse in Hyderabad,"Hyderabad, TS",Penthouse,3553,1,3,2001,"Pool,Gym,Parking,Security",2286882
Premium Townhouse in Kolkata,"Kolkata, WB",Townhouse,3010,3,3,2005,"Pool,WiFi",1123517
Premium Penthouse in Hyderabad,"Hyderabad, TS",Penthouse,3631,5,1,1987,"Pool,Parking,WiFi",2536408
Premium Penthouse in Hyderabad,"Hyderabad, TS",Penthouse,4446,1,4,1994,"Gym,Parking,WiFi,Garden,Security",2968774
Premium Villa in Bangalore,"Bangalore, KA",Villa,2033,3,2,1980,Pool,1692464
Premium Penthouse in Bangalore,"Bangalore, KA",Penthouse,2453,1,1,2024,"Parking,Security",2272957
Premium Penthouse in Pune,"Pune, MH",Penthouse,2220,2,1,2012,WiFi,1666739
Premium Condo in Delhi,"Delhi, DL",Condo,730,5,2,2001,"Gym,Security,Garden,Parking",861514
Premium Apartment in Hyderabad,"Hyderabad, TS",Apartment,772,3,2,2014,"Garden,Pool",449963
Premium Condo in Ahmedabad,"Ahmedabad, GJ",Condo,4900,5,2,2010,WiFi,1710558
Premium Penthouse in Mumbai,"Mumbai, MH",Penthouse,899,4,2,1998,"WiFi,Security,Parking,Garden",2134109
Premium Townhouse in Chennai,"Chennai, TN",Townhouse,1397,2,4,2005,Pool,572131
Premium Townhouse in Delhi,"Delhi, DL",Townhouse,3065,6,2,1985,Security,2408756
Premium Townhouse in Pune,"Pune, MH",Townhouse,2764,2,4,2015,"Pool,Gym,Security",935272
Premium Villa in Ahmedabad,"Ahmedabad, GJ",Villa,3674,4,3,2014,"Gym,Garden,Security,Pool,Parking",1923311
Premium Penthouse in Mumbai,"Mumbai, MH",Penthouse,4030,2,3,1997,"WiFi,Garden",5464530
Premium Villa in Hyderabad,"Hyderabad, TS",Villa,4397,3,2,1991,"WiFi,Parking",2060334
Premium Apartment in Hyderabad,"Hyderabad, TS",Apartment,3558,6,2,2018,Garden,1321752
Premium Villa in Mumbai,"Mumbai, MH",Villa,4901,2,4,1985,"Security,WiFi,Pool",5047972
Premium Villa in Ahmedabad,"Ahmedabad, GJ",Villa,2820,4,3,1985,"Parking,Garden",1622789
Premium Penthouse in Chennai,"Chennai, TN",Penthouse,774,1,2,2011,"WiFi,Gym,Garden",683763
Premium Condo in Hyderabad,"Hyderabad, TS",Condo,1647,1,3,2012,"Pool,Gym,Garden,WiFi",640076
Premium Villa in Bangalore,"Bangalore, KA",Villa,4985,2,2,2005,"Security,Parking",3379235
Premium Villa in Hyderabad,"Hyderabad, TS",Villa,1572,6,3,2014,"Security,Garden,WiFi",1341014
Premium Penthouse in Chennai,"Chennai, TN",Penthouse,4337,6,3,1980,Security,3581711
Premium Apartment in Pune,"Pune, MH",Apartment,1058,6,3,2007,"Security,Pool,Parking",657633
Premium Condo in Bangalore,"Bangalore, KA",Condo,1195,5,1,2016,"Gym,WiFi,Garden,Parking",1019084
Premium Townhouse in Kolkata,"Kolkata, WB",Townhouse,4836,5,1,1990,"WiFi,Garden,Parking,Gym",1878704
Premium Condo in Mumbai,"Mumbai, MH",Condo,2531,2,1,1982,"WiFi,Pool,Garden,Security",1778691
Premium Apartment in Hyderabad,"Hyderabad, TS",Apartment,2260,1,3,2001,Garden,759850
Premium Condo in Bangalore,"Bangalore, KA",Condo,955,1,2,2018,"Parking,Garden",596831
Premium Villa in Bangalore,"Bangalore, KA",Villa,2152,5,4,2011,"Gym,Garden",2147572
Premium Condo in Hyderabad,"Hyderabad, TS",Condo,626,1,3,2022,"Security,Garden,Parking,Pool",308670
Premium Villa in Pune,"Pune, MH",Villa,2665,3,2,1999,"Parking,WiFi,Pool,Garden,Security",1623336
Premium Penthouse in Delhi,"Delhi, DL",Penthouse,2382,3,2,2010,"Gym,Security,Garden,WiFi,Parking",3233856
Premium Condo in Bangalore,"Bangalore, KA",Condo,4684,6,3,1981,"Gym,Garden,WiFi,Parking",2531913
Premium Apartment in Ahmedabad,"Ahmedabad, GJ",Apartment,1529,4,1,2017,"Garden,Gym,Parking,Pool,Security",740384
Premium Penthouse in Kolkata,"Kolkata, WB",Penthouse,1754,3,2,2019,Parking,1456044
Premium Penthouse in Ahmedabad,"Ahmedabad, GJ",Penthouse,4675,2,4,2009,"Gym,Security,Parking,Garden,Pool",3421960
Premium Apartment in Hyderabad,"Hyderabad, TS",Apartment,1930,4,4,1993,"WiFi,Parking,Gym,Garden",873463
Premium Townhouse in Ahmedabad,"Ahmedabad, GJ",Townhouse,1214,6,1,2003,"Security,Parking",702660
Premium Townhouse in Bangalore,"Bangalore, KA",Townhouse,1599,2,1,2001,"Security,WiFi,Parking,Pool",928063
Premium Condo in Bangalore,"Bangalore, KA",Condo,4950,4,2,2021,"Gym,WiFi",2781827
Premium Townhouse in Mumbai,"Mumbai, MH",Townhouse,4461,1,3,1984,Garden,3137488
Premium Villa in Chennai,"Chennai, TN",Villa,1312,4,4,1993,"Parking,Gym",1074070
Premium Townhouse in Ahmedabad,"Ahmedabad, GJ",Townhouse,2514,1,4,1998,"WiFi,Garden,Security,Parking,Pool",805753
Premium Penthouse in Ahmedabad,"Ahmedabad, GJ",Penthouse,4403,4,1,2024,"Parking,Gym,WiFi,Garden,Security",2986735
Premium Apartment in Chennai,"Chennai, TN",Apartment,4507,3,3,2006,"Garden,Pool,Gym,WiFi",1472826
Premium Villa in Ahmedabad,"Ahmedabad, GJ",Villa,3626,4,4,2013,"Gym,Pool,Garden,Parking,Security",2087697
Premium Condo in Chennai,"Chennai, TN",Condo,3356,3,1,2020,WiFi,1196848
Premium Apartment in Mumbai,"Mumbai, MH",Apartment,3958,3,4,1999,Pool,2969720
Premium Penthouse in Mumbai,"Mumbai, MH",Penthouse,527,4,3,1998,"Pool,Parking",1779293
Premium Villa in Hyderabad,"Hyderabad, TS",Villa,3754,1,4,1995,"Security,WiFi,Parking,Pool,Garden",1821601
Premium Townhouse in Pune,"Pune, MH",Townhouse,992,4,2,1995,"Garden,Security,WiFi,Pool,Parking",581330
Premium Condo in Hyderabad,"Hyderabad, TS",Condo,1887,3,4,1998,Gym,837766
Premium Penthouse in Ahmedabad,"Ahmedabad, GJ",Penthouse,4104,1,2,2014,"Pool,Garden,Parking,Gym,WiFi",2632328
Premium Townhouse in Pune,"Pune, MH",Townhouse,3013,1,2,2015,"Garden,Gym,Pool,Security",1019425
Premium Apartment in Ahmedabad,"Ahmedabad, GJ",Apartment,2380,2,3,2020,"Garden,Gym",821913
Premium Condo in Mumbai,"Mumbai, MH",Condo,520,1,3,2011,"Pool,Garden",551424
Premium Apartment in Pune,"Pune, MH",Apartment,2069,4,4,1987,"Pool,Security,Parking,WiFi,Garden",856128
Premium Apartment in Chennai,"Chennai, TN",Apartment,4879,1,1,2023,"Gym,WiFi",1396996
Premium Apartment in Ahmedabad,"Ahmedabad, GJ",Apartment,3980,4,2,1984,"Pool,Security",1547412
Premium Condo in Bangalore,"Bangalore, KA",Condo,2209,3,1,2008,Security,1328228
Premium Villa in Hyderabad,"Hyderabad, TS",Villa,4988,6,3,2004,"WiFi,Security,Gym,Pool,Parking",2676302
Premium Villa in Chennai,"Chennai, TN",Villa,3628,3,3,2013,"Security,Gym",1978135
Premium Townhouse in Delhi,"Delhi, DL",Townhouse,3227,4,3,2005,"Garden,Security,Parking",2191026
Premium Condo in Bangalore,"Bangalore, KA",Condo,3446,4,4,1988,"Garden,Parking,Gym,Security",2081655
Premium Townhouse in Mumbai,"Mumbai, MH",Townhouse,4853,6,4,2000,"Pool,Parking,Security,Garden,WiFi",3313430
Premium Apartment in Pune,"Pune, MH",Apartment,4829,1,3,1995,"Security,Garden",1686898
Premium Villa in Pune,"Pune, MH",Villa,3918,5,2,1990,"Garden,Security",2390182
Premium Townhouse in Chennai,"Chennai, TN",Townhouse,4890,1,2,2023,"Gym,Security,Parking,Garden,Pool",1497487
Premium Apartment in Ahmedabad,"Ahmedabad, GJ",Apartment,1155,1,1,1987,WiFi,413499
Premium Condo in Hyderabad,"Hyderabad, TS",Condo,2729,2,1,2005,"WiFi,Pool,Gym,Parking",861375
Premium Penthouse in Hyderabad,"Hyderabad, TS",Penthouse,2919,2,1,1988,"WiFi,Garden,Parking,Gym",1884258
Premium Townhouse in Delhi,"Delhi, DL",Townhouse,1903,5,2,2000,"Security,WiFi",1398455
Premium Townhouse in Kolkata,"Kolkata, WB",Townhouse,866,3,3,1993,"Pool,WiFi,Security",463447
Premium Apartment in Hyderabad,"Hyderabad, TS",Apartment,4410,5,2,1990,Garden,1621099
Premium Condo in Ahmedabad,"Ahmedabad, GJ",Condo,906,4,4,2021,"Gym,Pool",561156
Premium Condo in Chennai,"Chennai, TN",Condo,3566,3,4,1984,Gym,1298066
Premium Apartment in Ahmedabad,"Ahmedabad, GJ",Apartment,957,1,2,1985,Pool,341489
Premium Apartment in Bangalore,"Bangalore, KA",Apartment,3245,3,1,2021,"WiFi,Garden,Gym",1563093
Premium Penthouse in Bangalore,"Bangalore, KA",Penthouse,2101,5,3,2013,"Parking,WiFi,Garden,Gym",3072454
Premium Villa in Pune,"Pune, MH",Villa,3920,5,2,1988,Parking,2390679
Premium Condo in Chennai,"Chennai, TN",Condo,3516,1,1,1993,"Parking,Gym",1077819
Premium Villa in Kolkata,"Kolkata, WB",Villa,2979,2,3,1997,WiFi,1597617
Premium Condo in Pune,"Pune, MH",Condo,2688,6,1,1994,"Pool,WiFi",1063463
Premium Villa in Ahmedabad,"Ahmedabad, GJ",Villa,3748,3,1,2004,Parking,2093938
Premium Penthouse in Bangalore,"Bangalore, KA",Penthouse,4222,6,4,2002,"Gym,Pool,WiFi,Garden",4492453
Premium Townhouse in Mumbai,"Mumbai, MH",Townhouse,3777,2,4,1991,"Gym,WiFi,Parking",2695059
Premium Villa in Delhi,"Delhi, DL",Villa,4906,5,2,2023,"Parking,Gym",5222932
Premium Apartment in Pune,"Pune, MH",Apartment,2810,2,2,2020,"Pool,Gym,WiFi,Parking",1052896
Premium Apartment in Hyderabad,"Hyderabad, TS",Apartment,2127,5,1,2018,"Pool,WiFi,Parking,Garden,Security",827045
Premium Penthouse in Delhi,"Delhi, DL",Penthouse,4567,4,3,1990,Security,5992545
Premium Townhouse in Bangalore,"Bangalore, KA",Townhouse,3482,4,2,2024,"WiFi,Gym,Security",1790528
Premium Condo in Hyderabad,"Hyderabad, TS",Condo,1556,6,4,2000,"Pool,Garden,WiFi,Parking",786921
Premium Villa in Mumbai,"Mumbai, MH",Villa,1159,4,1,2018,"Pool,WiFi",1801985
Premium Villa in Delhi,"Delhi, DL",Villa,2173,1,1,2015,Gym,2031730
Premium Apartment in Delhi,"Delhi, DL",Apartment,4291,4,2,2005,"Gym,WiFi,Security",2643889
Premium Apartment in Mumbai,"Mumbai, MH",Apartment,3638,3,4,2004,"Garden,Security,Pool",2771094
Premium Villa in Bangalore,"Bangalore, KA",Villa,3944,6,2,1990,"Parking,Garden,Gym",3578564
Premium Condo in Ahmedabad,"Ahmedabad, GJ",Condo,1847,1,3,1988,"Parking,Gym,WiFi,Garden",695588
Premium Villa in Mumbai,"Mumbai, MH",Villa,825,2,2,2021,"Garden,Gym,Pool",1180866
Premium Penthouse in Hyderabad,"Hyderabad, TS",Penthouse,720,3,1,2001,WiFi,798322
Premium Apartment in Mumbai,"Mumbai, MH",Apartment,1277,4,4,1980,"Garden,Pool,Parking",1326274
Premium Apartment in Hyderabad,"Hyderabad, TS",Apartment,4882,3,3,2008,"Parking,Gym,Garden,Security",1533114
Premium Condo in Bangalore,"Bangalore, KA",Condo,2270,1,4,2023,"Gym,WiFi,Pool,Parking,Garden",1278070
Premium Apartment in Bangalore,"Bangalore, KA",Apartment,4776,3,3,1980,"Security,WiFi",2589995
Premium Villa in Mumbai,"Mumbai, MH",Villa,1462,3,1,1984,"WiFi,Security,Pool",1728658
Premium Apartment in Mumbai,"Mumbai, MH",Apartment,4828,2,1,2013,"Security,Pool,Garden",3159405
Premium Penthouse in Hyderabad,"Hyderabad, TS",Penthouse,718,4,1,2019,"Gym,Pool,WiFi,Security,Parking",926451
Premium Villa in Delhi,"Delhi, DL",Villa,1770,5,4,1989,"Security,Garden",2530573
Premium Penthouse in Kolkata,"Kolkata, WB",Penthouse,3800,6,4,1996,"WiFi,Pool,Gym,Security,Garden",3004672
Premium Apartment in Hyderabad,"Hyderabad, TS",Apartment,1361,3,4,1987,"WiFi,Pool,Garden,Security,Gym",674155
Premium Apartment in Pune,"Pune, MH",Apartment,4021,2,1,1994,"Gym,Security,Parking",1255111
Premium Apartment in Pune,"Pune, MH",Apartment,4648,5,4,2023,"Security,Garden,WiFi,Pool,Gym",1859388
Premium Apartment in Ahmedabad,"Ahmedabad, GJ",Apartment,3120,3,4,2020,"WiFi,Security,Garden",1055489
Premium Penthouse in Delhi,"Delhi, DL",Penthouse,2333,4,1,1993,"Garden,Gym,Security",3303603
Premium Townhouse in Hyderabad,"Hyderabad, TS",Townhouse,610,5,1,1998,"WiFi,Parking,Gym",497851
Premium Townhouse in Ahmedabad,"Ahmedabad, GJ",Townhouse,611,6,4,2005,"WiFi,Parking,Security",532724
Premium Villa in Bangalore,"Bangalore, KA",Villa,2333,1,4,2006,"Parking,Pool,Security,Gym,Garden",1749926
Premium Apartment in Pune,"Pune, MH",Apartment,1356,1,2,2019,"WiFi,Parking",475024
Premium Apartment in Mumbai,"Mumbai, MH",Apartment,4865,4,1,2012,"WiFi,Security,Gym,Parking,Pool",3249781
Premium Condo in Ahmedabad,"Ahmedabad, GJ",Condo,4235,5,3,2014,"Pool,WiFi,Parking,Security",1569596
Premium Condo in Chennai,"Chennai, TN",Condo,2492,1,2,2002,"Parking,Pool,Security,WiFi",900105
Premium Apartment in Hyderabad,"Hyderabad, TS",Apartment,3495,3,2,2008,"Garden,Security,Pool",1166089
Premium Townhouse in Mumbai,"Mumbai, MH",Townhouse,3968,6,3,2022,"WiFi,Pool,Parking,Gym,Security",2845952
Premium Villa in Bangalore,"Bangalore, KA",Villa,2065,2,2,1984,"Garden,Security,Pool,Parking",1698942
Premium Villa in Pune,"Pune, MH",Villa,4571,5,2,2006,"Gym,Garden",2278052
Premium Condo in Bangalore,"Bangalore, KA",Condo,3236,3,2,1993,"Pool,Parking",1906883
Premium Penthouse in Bangalore,"Bangalore, KA",Penthouse,4199,3,1,1993,Pool,4707774
Premium Townhouse in Chennai,"Chennai, TN",Townhouse,868,4,4,2006,"Garden,WiFi,Parking",497278
Premium Apartment in Pune,"Pune, MH",Apartment,3395,4,4,2021,Garden,1287796
Premium Condo in Kolkata,"Kolkata, WB",Condo,3980,5,4,1990,"Pool,Garden",1590684
Premium Penthouse in Delhi,"Delhi, DL",Penthouse,3132,2,1,2024,"Parking,Gym,Garden,WiFi,Security",4032482
Premium Condo in Bangalore,"Bangalore, KA",Condo,1397,5,1,2015,"Gym,Pool,Garden",1126894
Premium Condo in Bangalore,"Bangalore, KA",Condo,3177,5,4,2011,"WiFi,Gym",1872893
Premium Apartment in Ahmedabad,"Ahmedabad, GJ",Apartment,2459,5,2,2013,"Pool,WiFi,Garden,Gym",1045141
Premium Condo in Pune,"Pune, MH",Condo,4000,3,2,2018,Parking,1263646
Premium Penthouse in Chennai,"Chennai, TN",Penthouse,697,5,3,1989,"Pool,Gym",1087591
Premium Penthouse in Chennai,"Chennai, TN",Penthouse,3825,1,2,2021,"Security,Parking,WiFi",2255561
Premium Penthouse in Kolkata,"Kolkata, WB",Penthouse,1722,2,1,1986,"Security,Gym",1395525
Premium Villa in Bangalore,"Bangalore, KA",Villa,2726,3,3,2000,"Security,Garden,WiFi,Pool,Parking",2245407
Premium Penthouse in Kolkata,"Kolkata, WB",Penthouse,3316,6,4,1985,"Security,Pool,WiFi,Garden,Parking",2591929
Premium Apartment in Ahmedabad,"Ahmedabad, GJ",Apartment,1875,6,3,2017,"Gym,Garden,Parking,WiFi,Pool",906255
Premium Apartment in Pune,"Pune, MH",Apartment,3397,4,4,1990,"WiFi,Garden,Pool,Gym",1227502
Premium Villa in Mumbai,"Mumbai, MH",Villa,1545,4,2,2003,"Garden,Pool",2267093
Premium Villa in Ahmedabad,"Ahmedabad, GJ",Villa,2539,3,2,1984,Pool,1372805
Premium Penthouse in Kolkata,"Kolkata, WB",Penthouse,996,2,4,2009,Pool,952722
Premium Condo in Ahmedabad,"Ahmedabad, GJ",Condo,3908,3,1,2012,Garden,1375317
Premium Penthouse in Delhi,"Delhi, DL",Penthouse,4880,1,1,2001,"Security,Garden",6005424
Premium Condo in Ahmedabad,"Ahmedabad, GJ",Condo,2605,6,4,2008,"Garden,Pool",1065475
Premium Townhouse in Ahmedabad,"Ahmedabad, GJ",Townhouse,1530,5,3,1988,"Gym,Parking,Security,Pool",717614
Premium Penthouse in Chennai,"Chennai, TN",Penthouse,3745,3,3,2020,"Garden,Gym,Security,Pool,Parking",2700275
Premium Townhouse in Pune,"Pune, MH",Townhouse,2447,2,4,1984,"Pool,Parking,Garden",916850
Premium Villa in Kolkata,"Kolkata, WB",Villa,523,1,4,1989,"Security,Garden",409216
Premium Townhouse in Hyderabad,"Hyderabad, TS",Townhouse,2712,4,1,2008,"WiFi,Gym,Parking,Security,Pool",1118664
Premium Villa in Mumbai,"Mumbai, MH",Villa,4131,2,1,2001,"Pool,Gym,Parking",3690269
Premium Townhouse in Mumbai,"Mumbai, MH",Townhouse,4683,2,1,1984,"Pool,Gym,WiFi,Garden",3044833
Premium Apartment in Chennai,"Chennai, TN",Apartment,3695,6,4,2018,"Parking,Gym",1497570
Premium Townhouse in Kolkata,"Kolkata, WB",Townhouse,1590,1,2,2011,"Gym,Security,Garden",548556
Premium Townhouse in Chennai,"Chennai, TN",Townhouse,3441,2,3,1996,"WiFi,Pool,Garden",1246860
Premium Villa in Hyderabad,"Hyderabad, TS",Villa,2866,5,3,2010,"Gym,Pool",1812920
Premium Condo in Pune,"Pune, MH",Condo,575,5,4,1994,"Pool,Garden,WiFi",458486
Premium Townhouse in Mumbai,"Mumbai, MH",Townhouse,848,5,1,1985,"Parking,Garden",1090062
Premium Villa in Delhi,"Delhi, DL",Villa,2220,5,4,2001,"WiFi,Pool,Garden,Parking,Gym",2718744
Premium Condo in Chennai,"Chennai, TN",Condo,2622,2,4,2010,"Parking,Gym,Garden",1055486
Premium Apartment in Bangalore,"Bangalore, KA",Apartment,4899,4,2,1980,Garden,2649420
Premium Villa in Chennai,"Chennai, TN",Villa,2615,5,4,2009,"Pool,Security,Garden,WiFi,Parking",1627243
Premium Penthouse in Kolkata,"Kolkata, WB",Penthouse,2850,4,3,1991,"Pool,Gym,Parking,Security",2272520
Premium Apartment in Bangalore,"Bangalore, KA",Apartment,2516,5,1,1990,Parking,1617516
Premium Townhouse in Mumbai,"Mumbai, MH",Townhouse,2787,6,4,1986,"WiFi,Parking,Gym",2369814
Premium Apartment in Kolkata,"Kolkata, WB",Apartment,3168,4,2,2001,"Security,Pool",1223540
Premium Villa in Ahmedabad,"Ahmedabad, GJ",Villa,4547,4,1,2002,WiFi,2283532
Premium Condo in Chennai,"Chennai, TN",Condo,3175,2,3,2022,Security,1121438
Premium Villa in Hyderabad,"Hyderabad, TS",Villa,3961,5,4,1983,"Security,Parking,Garden",2237511
Premium Apartment in Kolkata,"Kolkata, WB",Apartment,2202,1,2,2013,"Security,Garden,Parking",677920
Premium Apartment in Chennai,"Chennai, TN",Apartment,764,3,3,2003,"Garden,Gym",455234
Premium Apartment in Bangalore,"Bangalore, KA",Apartment,3043,4,4,1999,"Garden,Security,Pool,WiFi,Parking",1640130
Premium Villa in Bangalore,"Bangalore, KA",Villa,2472,2,1,2006,"WiFi,Security",1748251
Premium Condo in Mumbai,"Mumbai, MH",Condo,4966,4,1,1980,Security,3519043
Premium Villa in Pune,"Pune, MH",Villa,3507,5,3,2018,"Gym,Parking,Pool,Garden",2057815
Premium Apartment in Mumbai,"Mumbai, MH",Apartment,2434,3,2,1996,"WiFi,Garden,Pool,Gym,Security",1853583
Premium Apartment in Pune,"Pune, MH",Apartment,3690,4,3,1997,"Pool,Security",1377778
Premium Condo in Ahmedabad,"Ahmedabad, GJ",Condo,779,4,4,2017,"WiFi,Gym,Parking,Pool,Security",489600
Premium Condo in Ahmedabad,"Ahmedabad, GJ",Condo,1387,2,2,1980,"Garden,Pool",572846
Premium Villa in Mumbai,"Mumbai, MH",Villa,1835,5,2,2017,Gym,2602279
Premium Penthouse in Ahmedabad,"Ahmedabad, GJ",Penthouse,4293,6,1,1996,"Pool,WiFi,Gym,Security",3401456
Premium Apartment in Ahmedabad,"Ahmedabad, GJ",Apartment,2531,6,1,2008,"Gym,Pool,Parking",1079551
Premium Penthouse in Bangalore,"Bangalore, KA",Penthouse,664,2,2,1980,"Security,Garden,WiFi",954212
Premium Apartment in Pune,"Pune, MH",Apartment,1051,3,4,1985,"Security,Garden",527737
Premium Apartment in Bangalore,"Bangalore, KA",Apartment,4479,1,1,2008,Security,2130908
Premium Penthouse in Ahmedabad,"Ahmedabad, GJ",Penthouse,1165,4,3,2019,"WiFi,Gym,Pool,Security,Garden",1190163
Premium Villa in Ahmedabad,"Ahmedabad, GJ",Villa,772,4,4,2002,"WiFi,Garden,Gym,Parking",834236
Premium Condo in Bangalore,"Bangalore, KA",Condo,1729,3,4,2002,"Garden,WiFi,Pool,Parking",1166388
Premium Townhouse in Delhi,"Delhi, DL",Townhouse,4603,6,2,2023,"Pool,Garden,WiFi,Parking",2968279
Premium Apartment in Pune,"Pune, MH",Apartment,732,3,2,2008,"Gym,Garden",400887
Premium Condo in Kolkata,"Kolkata, WB",Condo,3829,5,1,2014,"Garden,WiFi",1436073
Premium Penthouse in Delhi,"Delhi, DL",Penthouse,4195,3,3,1983,"Garden,Pool,Parking,Gym,WiFi",5166819
Premium Villa in Hyderabad,"Hyderabad, TS",Villa,962,2,3,2004,"WiFi,Gym,Security",609913
Premium Penthouse in Ahmedabad,"Ahmedabad, GJ",Penthouse,4125,3,2,2005,"Security,Parking,WiFi,Pool,Gym",2707552
Premium Condo in Bangalore,"Bangalore, KA",Condo,3032,1,2,1998,"Garden,Pool,Gym,Security",1380356
Premium Condo in Hyderabad,"Hyderabad, TS",Condo,1730,4,2,1982,"Parking,Security,WiFi,Garden,Pool",697886
Premium Townhouse in Delhi,"Delhi, DL",Townhouse,717,6,4,2012,"WiFi,Garden,Parking,Pool",1097880
Premium Apartment in Delhi,"Delhi, DL",Apartment,2160,3,3,1995,"Parking,Gym,WiFi",1676946
Premium Penthouse in Chennai,"Chennai, TN",Penthouse,963,1,3,2014,"Pool,Garden,Gym",762920
Premium Villa in Bangalore,"Bangalore, KA",Villa,3070,6,4,1992,"Pool,Parking,Security,Garden",3136879
Premium Penthouse in Ahmedabad,"Ahmedabad, GJ",Penthouse,4400,1,3,1995,"Security,Garden,WiFi,Pool",3078934
Premium Townhouse in Hyderabad,"Hyderabad, TS",Townhouse,3681,1,2,2011,"WiFi,Gym,Parking,Garden,Security",1201358
Premium Condo in Chennai,"Chennai, TN",Condo,2578,3,4,1996,WiFi,1028698
Premium Apartment in Pune,"Pune, MH",Apartment,1561,6,3,1980,"Garden,Parking,WiFi",910331
Premium Apartment in Delhi,"Delhi, DL",Apartment,2310,3,2,1980,"Gym,Parking,Security,WiFi,Pool",1475552
Premium Apartment in Hyderabad,"Hyderabad, TS",Apartment,661,6,1,1994,"Pool,Garden",470649
Premium Apartment in Bangalore,"Bangalore, KA",Apartment,2866,3,2,2004,Garden,1666504
Premium Townhouse in Kolkata,"Kolkata, WB",Townhouse,4287,1,2,1999,"Gym,Pool,Parking",1281085
Premium Apartment in Ahmedabad,"Ahmedabad, GJ",Apartment,1006,6,3,2007,"Gym,WiFi",643779
Premium Townhouse in Ahmedabad,"Ahmedabad, GJ",Townhouse,2421,2,3,2007,"WiFi,Pool,Parking,Garden,Gym",853265
Premium Apartment in Bangalore,"Bangalore, KA",Apartment,3791,1,3,2024,"Garden,WiFi,Pool,Security",1829440
Premium Villa in Bangalore,"Bangalore, KA",Villa,3171,5,1,2015,"Parking,Security,WiFi",2478972
Premium Townhouse in Kolkata,"Kolkata, WB",Townhouse,4747,2,2,2010,"Parking,Security",1570184
Premium Townhouse in Chennai,"Chennai, TN",Townhouse,4080,5,2,2017,"Garden,Pool,Security,Parking",1577681
Premium Condo in Pune,"Pune, MH",Condo,976,6,3,2000,"WiFi,Gym,Parking,Security,Pool",639284
Premium Townhouse in Delhi,"Delhi, DL",Townhouse,4950,5,2,2005,"Security,Pool,Gym,WiFi",3357750
Premium Apartment in Pune,"Pune, MH",Apartment,4486,3,4,2004,"Pool,Security,WiFi",1480457
Premium Apartment in Bangalore,"Bangalore, KA",Apartment,4643,4,3,1989,"WiFi,Parking",2355409
Premium Penthouse in Bangalore,"Bangalore, KA",Penthouse,3619,3,1,2016,"Garden,Security,Pool,WiFi",4044773
Premium Penthouse in Bangalore,"Bangalore, KA",Penthouse,3462,5,3,2005,"Security,WiFi,Parking",3881964
Premium Townhouse in Kolkata,"Kolkata, WB",Townhouse,4224,2,1,2019,"Gym,Security,Pool,Garden,WiFi",1404010
Premium Townhouse in Delhi,"Delhi, DL",Townhouse,4450,2,1,2012,"Security,Parking,Pool,WiFi",2779275
Premium Villa in Mumbai,"Mumbai, MH",Villa,1671,5,1,1999,WiFi,2085927
Premium Townhouse in Bangalore,"Bangalore, KA",Townhouse,4739,4,3,1996,"WiFi,Security,Pool,Gym",2748858
Premium Villa in Delhi,"Delhi, DL",Villa,4180,5,3,1984,Gym,4061516
Premium Apartment in Ahmedabad,"Ahmedabad, GJ",Apartment,2873,3,3,2018,"Security,Parking,WiFi",1075179
Premium Apartment in Bangalore,"Bangalore, KA",Apartment,1940,3,4,2012,Parking,1104912
Premium Condo in Bangalore,"Bangalore, KA",Condo,2762,1,1,2022,"Gym,Pool,WiFi",1361428
Premium Townhouse in Chennai,"Chennai, TN",Townhouse,771,6,3,1998,WiFi,648828
Premium Penthouse in Ahmedabad,"Ahmedabad, GJ",Penthouse,3063,4,4,1983,"Security,WiFi,Parking,Garden",2334482
Premium Penthouse in Ahmedabad,"Ahmedabad, GJ",Penthouse,3066,2,1,1984,"Gym,Pool,Parking,Garden",2009462
Premium Penthouse in Chennai,"Chennai, TN",Penthouse,1338,6,1,2020,"WiFi,Garden,Gym,Parking,Pool",1321060
Premium Townhouse in Mumbai,"Mumbai, MH",Townhouse,3676,5,1,2004,Parking,2863385
Premium Apartment in Kolkata,"Kolkata, WB",Apartment,4931,5,3,2016,"Parking,Gym,Security,Garden",1752368
Premium Penthouse in Mumbai,"Mumbai, MH",Penthouse,3769,1,1,2019,"Parking,WiFi",4611661
Premium Apartment in Bangalore,"Bangalore, KA",Apartment,2357,4,4,1995,"Parking,Security,Gym",1501554
Premium Penthouse in Mumbai,"Mumbai, MH",Penthouse,3991,1,4,2021,"Pool,Parking,Garden",5112926
Premium Townhouse in Kolkata,"Kolkata, WB",Townhouse,3930,3,4,2007,"Garden,Parking,Gym",1383666
Premium Apartment in Hyderabad,"Hyderabad, TS",Apartment,1685,3,4,2024,"Gym,Parking,Pool,WiFi,Security",670687
Premium Apartment in Chennai,"Chennai, TN",Apartment,3501,4,3,2015,Security,1197394
Premium Townhouse in Pune,"Pune, MH",Townhouse,1515,5,2,1985,"Gym,Security,Pool,Garden",785104
Premium Townhouse in Hyderabad,"Hyderabad, TS",Townhouse,568,5,3,2003,Pool,497784
Premium Townhouse in Chennai,"Chennai, TN",Townhouse,1713,4,4,2010,"Parking,Security",809957
Premium Condo in Chennai,"Chennai, TN",Condo,2541,2,1,1984,"WiFi,Gym,Pool,Parking,Garden",873716
Premium Condo in Kolkata,"Kolkata, WB",Condo,4658,5,4,1987,"Gym,Parking,Pool,WiFi",1876859
Premium Penthouse in Mumbai,"Mumbai, MH",Penthouse,2385,3,4,2007,"Pool,Gym,Garden,WiFi",3423269
Premium Apartment in Mumbai,"Mumbai, MH",Apartment,4247,6,2,1986,"Parking,Gym",3481608
Premium Condo in Chennai,"Chennai, TN",Condo,4905,6,1,2023,"Parking,Pool,Garden,Gym,Security",1883949
Premium Townhouse in Delhi,"Delhi, DL",Townhouse,1947,6,3,2016,"WiFi,Parking,Gym,Garden",1806334
Premium Villa in Ahmedabad,"Ahmedabad, GJ",Villa,4608,4,2,1997,"Gym,WiFi,Garden",2661258
Premium Apartment in Hyderabad,"Hyderabad, TS",Apartment,4090,1,3,1986,"Pool,Security",1384594
Premium Townhouse in Mumbai,"Mumbai, MH",Townhouse,2217,6,3,1988,"Parking,Garden,Gym,Pool,Security",1964140
Premium Apartment in Delhi,"Delhi, DL",Apartment,996,6,3,1981,"Pool,Gym,WiFi,Security",1166371
Premium Penthouse in Mumbai,"Mumbai, MH",Penthouse,1564,1,4,2009,"Garden,WiFi",2372808
Premium Apartment in Delhi,"Delhi, DL",Apartment,2586,1,3,1981,"Parking,Garden",1482967
Premium Villa in Delhi,"Delhi, DL",Villa,4822,4,4,1995,"Garden,Gym,Parking,Security",4323572
Premium Penthouse in Pune,"Pune, MH",Penthouse,1012,2,1,1988,WiFi,890945
Premium Condo in Hyderabad,"Hyderabad, TS",Condo,2651,3,1,1992,"Security,Pool,WiFi,Parking",882372
Premium Penthouse in Pune,"Pune, MH",Penthouse,2559,3,2,2002,"Pool,Garden",2085397
Premium Villa in Delhi,"Delhi, DL",Villa,3241,5,1,2019,Pool,3407824
Premium Apartment in Chennai,"Chennai, TN",Apartment,3407,2,1,1981,"WiFi,Pool,Parking,Security",1134815
Premium Condo in Bangalore,"Bangalore, KA",Condo,2929,4,4,2021,"Gym,Parking,WiFi",1886255
Premium Penthouse in Chennai,"Chennai, TN",Penthouse,3830,1,3,2004,"Security,WiFi,Gym,Garden,Parking",2655125
Premium Penthouse in Mumbai,"Mumbai, MH",Penthouse,2094,6,1,2019,"Pool,Gym,Garden,Parking,Security",3599112
Premium Apartment in Mumbai,"Mumbai, MH",Apartment,4763,5,3,2018,"Gym,Pool",3619808
Premium Penthouse in Bangalore,"Bangalore, KA",Penthouse,2165,6,4,2006,"Garden,Pool,Gym",3328928
Premium Condo in Mumbai,"Mumbai, MH",Condo,4269,5,3,2002,"Gym,Parking,Pool,WiFi,Security",3010864
Premium Villa in Bangalore,"Bangalore, KA",Villa,1015,6,2,1984,"Parking,Gym,Pool",1483862
Premium Townhouse in Bangalore,"Bangalore, KA",Townhouse,4379,4,4,2007,"WiFi,Gym,Security,Parking",2448561
Premium Condo in Kolkata,"Kolkata, WB",Condo,3557,1,2,2024,"Parking,Pool",1209777
Premium Apartment in Kolkata,"Kolkata, WB",Apartment,3968,1,3,2022,"Garden,Gym,Security,Parking,Pool",1229735
Premium Villa in Delhi,"Delhi, DL",Villa,836,3,2,1985,"WiFi,Pool,Security,Garden",1301794
Premium Villa in Pune,"Pune, MH",Villa,1398,5,1,2001,"Garden,Pool",935770
Premium Villa in Hyderabad,"Hyderabad, TS",Villa,4228,5,4,2011,"Parking,Gym,Security",2286149
Premium Penthouse in Hyderabad,"Hyderabad, TS",Penthouse,3141,4,4,2015,"Pool,Security,Parking,Gym,Garden",2464509
Premium Townhouse in Hyderabad,"Hyderabad, TS",Townhouse,1264,1,3,2002,"WiFi,Garden,Pool,Security,Gym",513394
Premium Condo in Pune,"Pune, MH",Condo,2028,6,4,1983,"WiFi,Gym,Pool,Security,Garden",1057564
Premium Apartment in Mumbai,"Mumbai, MH",Apartment,1299,1,2,2023,"WiFi,Security,Garden,Parking",898076
Premium Condo in Kolkata,"Kolkata, WB",Condo,2177,2,2,2023,"WiFi,Gym,Garden,Security",747207
Premium Condo in Bangalore,"Bangalore, KA",Condo,1508,4,4,1985,"Gym,Security,WiFi,Pool",1056036
Premium Villa in Mumbai,"Mumbai, MH",Villa,4149,4,1,2018,WiFi,4495042
Premium Penthouse in Hyderabad,"Hyderabad, TS",Penthouse,2895,3,1,1983,"Garden,Gym,Security,Parking",2020380
Premium Condo in Delhi,"Delhi, DL",Condo,3213,1,3,2024,"Security,WiFi,Gym",1951965
Premium Penthouse in Ahmedabad,"Ahmedabad, GJ",Penthouse,1373,6,3,2013,Garden,1428482
Premium Condo in Delhi,"Delhi, DL",Condo,4846,2,1,1983,"Parking,WiFi,Security",2680130
Premium Penthouse in Mumbai,"Mumbai, MH",Penthouse,4990,1,1,2022,"Security,Pool",6386485
Premium Townhouse in Mumbai,"Mumbai, MH",Townhouse,863,6,3,2014,"Garden,Security",1144177
Premium Villa in Hyderabad,"Hyderabad, TS",Villa,955,5,3,1990,"Parking,WiFi,Pool,Gym,Garden",815604
Premium Condo in Chennai,"Chennai, TN",Condo,3239,5,1,2001,"Security,Gym,Parking,Garden,Pool",1271846
Premium Penthouse in Bangalore,"Bangalore, KA",Penthouse,1989,1,1,2018,"Garden,WiFi,Parking,Gym,Pool",1817386
Premium Condo in Delhi,"Delhi, DL",Condo,3842,5,3,2015,"WiFi,Parking,Gym,Security",2546763
Premium Penthouse in Chennai,"Chennai, TN",Penthouse,4649,5,3,2010,"Garden,Parking,Pool,Security",3071177
Premium Villa in Mumbai,"Mumbai, MH",Villa,1524,5,2,1988,Gym,2223648
Premium Villa in Kolkata,"Kolkata, WB",Villa,1852,1,1,2004,"Parking,Gym",871088
Premium Condo in Chennai,"Chennai, TN",Condo,3861,3,2,1981,Parking,1460288
Premium Penthouse in Pune,"Pune, MH",Penthouse,2108,6,1,2021,Parking,1732209
Premium Villa in Delhi,"Delhi, DL",Villa,4656,6,2,1988,"WiFi,Security,Garden,Pool",4395724
Premium Apartment in Hyderabad,"Hyderabad, TS",Apartment,4943,5,4,2011,Parking,1849272
Premium Townhouse in Bangalore,"Bangalore, KA",Townhouse,1226,6,1,1994,"Security,Pool,WiFi,Garden",1105445
Premium Penthouse in Mumbai,"Mumbai, MH",Penthouse,2987,1,4,2012,"Parking,Garden,WiFi,Gym,Pool",3884360
Premium Townhouse in Kolkata,"Kolkata, WB",Townhouse,4092,1,4,2010,"Security,Pool,Parking,Garden,Gym",1251935
Premium Villa in Hyderabad,"Hyderabad, TS",Villa,4392,4,1,2024,"Gym,Garden",2358272
Premium Penthouse in Kolkata,"Kolkata, WB",Penthouse,969,3,3,1983,"Parking,Pool,Garden",938720
Premium Townhouse in Ahmedabad,"Ahmedabad, GJ",Townhouse,1500,4,4,2010,"Garden,Security,Pool,WiFi",782905
Premium Penthouse in Chennai,"Chennai, TN",Penthouse,1064,4,3,2016,"Garden,Pool",1152234
Premium Townhouse in Hyderabad,"Hyderabad, TS",Townhouse,2206,6,2,1990,Security,962940
Premium Condo in Chennai,"Chennai, TN",Condo,4508,1,3,1993,"Pool,Parking,Security,Garden,Gym",1597911
Premium Townhouse in Pune,"Pune, MH",Townhouse,2896,6,1,1994,"Pool,Gym,Garden",1104306
Premium Apartment in Bangalore,"Bangalore, KA",Apartment,953,6,2,1996,"WiFi,Gym,Security,Pool,Parking",874686
Premium Condo in Chennai,"Chennai, TN",Condo,1211,3,1,2003,"WiFi,Garden,Pool,Security",507496
Premium Apartment in Ahmedabad,"Ahmedabad, GJ",Apartment,798,4,2,1999,"WiFi,Gym",521030
Premium Penthouse in Ahmedabad,"Ahmedabad, GJ",Penthouse,4479,6,1,2001,"Pool,Garden,Gym",3576883
Premium Condo in Pune,"Pune, MH",Condo,4192,6,2,2021,"Parking,Gym,WiFi,Pool,Security",1708851
Premium Condo in Bangalore,"Bangalore, KA",Condo,2911,4,3,2008,"Pool,WiFi",1788367
Premium Penthouse in Delhi,"Delhi, DL",Penthouse,3545,4,1,1988,"Garden,WiFi,Gym,Security,Pool",4534351
Premium Villa in Delhi,"Delhi, DL",Villa,1394,3,3,1988,"Gym,Garden,Security",1771747
Premium Townhouse in Mumbai,"Mumbai, MH",Townhouse,3036,5,2,2003,"Garden,WiFi,Parking,Pool",2255335
Premium Penthouse in Bangalore,"Bangalore, KA",Penthouse,2742,4,2,1988,"WiFi,Parking,Security,Garden",3110894
Premium Townhouse in Kolkata,"Kolkata, WB",Townhouse,3675,5,2,2021,"Security,Pool,WiFi,Garden,Gym",1303401
Premium Townhouse in Hyderabad,"Hyderabad, TS",Townhouse,3851,2,2,1999,"Pool,Gym,WiFi,Security",1238201
Premium Apartment in Delhi,"Delhi, DL",Apartment,4113,5,3,1983,"WiFi,Gym,Pool,Security,Garden",2657379
Premium Townhouse in Chennai,"Chennai, TN",Townhouse,857,4,1,1998,"Parking,Gym",498486
Premium Apartment in Chennai,"Chennai, TN",Apartment,2436,2,4,2021,"Gym,Pool,Security,WiFi",857500
Premium Penthouse in Kolkata,"Kolkata, WB",Penthouse,2135,6,3,2014,"Security,Pool,Parking",2083775
Premium Villa in Bangalore,"Bangalore, KA",Villa,2325,2,2,1994,"Parking,Garden,Pool",1881594
Premium Apartment in Hyderabad,"Hyderabad, TS",Apartment,518,1,2,1998,"Garden,Parking,Pool",261454
Premium Townhouse in Kolkata,"Kolkata, WB",Townhouse,2617,5,3,2018,"Security,Garden,Pool",997223
Premium Condo in Hyderabad,"Hyderabad, TS",Condo,3916,2,2,1983,Parking,1380834
Premium Villa in Chennai,"Chennai, TN",Villa,3862,3,2,1999,"Parking,Security,Garden,WiFi",1958331
Premium Townhouse in Mumbai,"Mumbai, MH",Townhouse,3765,3,4,1986,Parking,2804758
Premium Apartment in Pune,"Pune, MH",Apartment,2426,3,1,1986,WiFi,831086
Premium Condo in Pune,"Pune, MH",Condo,3779,5,2,2009,"WiFi,Gym,Garden,Pool,Parking",1374108
Premium Villa in Bangalore,"Bangalore, KA",Villa,4529,1,3,2022,"Pool,Gym",3251548
Premium Condo in Bangalore,"Bangalore, KA",Condo,1023,2,3,1980,"Pool,WiFi,Gym,Garden",674092
Premium Townhouse in Delhi,"Delhi, DL",Townhouse,1301,4,4,1993,"Garden,Parking",1244673
Premium Villa in Bangalore,"Bangalore, KA",Villa,1801,4,4,1994,"Pool,Garden,Gym,Security",1822499
Premium Penthouse in Bangalore,"Bangalore, KA",Penthouse,4351,1,1,1987,"WiFi,Gym,Security,Parking,Garden",4221403
Premium Villa in Pune,"Pune, MH",Villa,1121,3,4,1991,"Pool,Gym",792599
Premium Penthouse in Pune,"Pune, MH",Penthouse,2804,3,4,2010,"Gym,WiFi,Pool",2122216
Premium Apartment in Chennai,"Chennai, TN",Apartment,3456,3,2,2003,Security,1211271
Premium Condo in Chennai,"Chennai, TN",Condo,1185,5,3,2020,Gym,711583
Premium Apartment in Ahmedabad,"Ahmedabad, GJ",Apartment,4028,2,3,2008,"Garden,WiFi,Parking",1467827
Premium Townhouse in Chennai,"Chennai, TN",Townhouse,1189,6,1,2008,"Security,Gym",708553
Premium Townhouse in Delhi,"Delhi, DL",Townhouse,3199,5,4,2000,"Security,WiFi,Garden,Pool",2420757
Premium Townhouse in Kolkata,"Kolkata, WB",Townhouse,1964,4,1,1997,Garden,812478
Premium Penthouse in Hyderabad,"Hyderabad, TS",Penthouse,1330,6,2,1982,"Garden,Security,Parking,Pool",1611831
Premium Condo in Chennai,"Chennai, TN",Condo,1210,1,2,1992,"Pool,Parking",478015
Premium Villa in Delhi,"Delhi, DL",Villa,1897,6,1,1984,"Pool,WiFi",2421746
Premium Apartment in Hyderabad,"Hyderabad, TS",Apartment,2361,1,2,2018,"Security,Pool,WiFi,Gym,Garden",819463
Premium Townhouse in Bangalore,"Bangalore, KA",Townhouse,3375,4,3,1989,Gym,2000933
Premium Condo in Mumbai,"Mumbai, MH",Condo,2378,5,3,2002,"Garden,Gym,Pool,Security",2039448
Premium Apartment in Bangalore,"Bangalore, KA",Apartment,4385,5,4,1985,Parking,2476975
Premium Townhouse in Kolkata,"Kolkata, WB",Townhouse,4100,3,3,1994,Parking,1361533
Premium Penthouse in Chennai,"Chennai, TN",Penthouse,4244,3,2,2015,"Garden,Security,WiFi",3096221
Premium Apartment in Bangalore,"Bangalore, KA",Apartment,4325,2,1,2016,"Garden,Parking",2319240
Premium Townhouse in Mumbai,"Mumbai, MH",Townhouse,4299,5,3,2014,"Security,Garden,Gym,Pool",3502091
Premium Penthouse in Bangalore,"Bangalore, KA",Penthouse,2459,6,3,2009,WiFi,3597304
Premium Villa in Pune,"Pune, MH",Villa,678,4,3,2024,"Garden,Security,Parking",736661
Premium Townhouse in Hyderabad,"Hyderabad, TS",Townhouse,4783,5,1,1983,"Security,Parking",1771965
Premium Villa in Chennai,"Chennai, TN",Villa,1898,6,2,2021,Gym,1246872
Premium Townhouse in Ahmedabad,"Ahmedabad, GJ",Townhouse,2795,3,3,2016,"Parking,Gym,Security,WiFi,Pool",1045940
Premium Villa in Chennai,"Chennai, TN",Villa,3195,6,3,2005,"Gym,Security",2082927
Premium Apartment in Hyderabad,"Hyderabad, TS",Apartment,3746,4,4,1981,"Security,WiFi,Gym,Pool,Parking",1346018
Premium Villa in Delhi,"Delhi, DL",Villa,871,3,3,2020,"Security,Gym,Garden,WiFi,Parking",1380405
Premium Penthouse in Kolkata,"Kolkata, WB",Penthouse,4681,1,4,2005,"Security,Pool,Parking,Gym",3304112
Premium Apartment in Kolkata,"Kolkata, WB",Apartment,3856,1,4,2012,"Gym,WiFi,Garden,Pool,Parking",1295371
Premium Townhouse in Delhi,"Delhi, DL",Townhouse,3948,4,3,1991,"Gym,Parking,Garden,Security",2449602
Premium Apartment in Ahmedabad,"Ahmedabad, GJ",Apartment,3403,4,2,2019,"Parking,Security,WiFi,Pool,Garden",1380732
Premium Villa in Chennai,"Chennai, TN",Villa,2968,3,1,1985,"Security,Garden,Gym,Parking,WiFi",1524472
Premium Condo in Kolkata,"Kolkata, WB",Condo,4333,1,1,2003,"Gym,Garden,Parking,Pool",1415290
Premium Condo in Ahmedabad,"Ahmedabad, GJ",Condo,4719,2,1,2000,"Pool,WiFi,Gym,Parking",1662828
Premium Apartment in Ahmedabad,"Ahmedabad, GJ",Apartment,3640,4,2,2000,"Garden,Parking,Security",1227052
Premium Condo in Delhi,"Delhi, DL",Condo,3900,5,4,1985,"WiFi,Security,Parking,Pool,Gym",2746132
Premium Apartment in Chennai,"Chennai, TN",Apartment,1002,4,4,1998,"Garden,Gym,Parking",577505
Premium Condo in Delhi,"Delhi, DL",Condo,1718,3,2,2000,"Garden,Gym",1268429
Premium Villa in Hyderabad,"Hyderabad, TS",Villa,2098,5,2,2012,"Parking,Gym,WiFi,Garden,Pool",1249110
Premium Apartment in Bangalore,"Bangalore, KA",Apartment,4966,6,2,2023,"Parking,Security,Pool,Gym",2979656
Premium Villa in Bangalore,"Bangalore, KA",Villa,2558,3,1,1982,"Garden,Gym,WiFi,Security,Pool",2099604
Premium Townhouse in Hyderabad,"Hyderabad, TS",Townhouse,2124,4,3,2015,"Pool,Garden,Gym,Security",929309
Premium Townhouse in Delhi,"Delhi, DL",Townhouse,2756,2,1,2010,"WiFi,Security",1664670
Premium Villa in Ahmedabad,"Ahmedabad, GJ",Villa,2670,5,1,2000,"Parking,Gym",1591279
Premium Penthouse in Delhi,"Delhi, DL",Penthouse,2571,1,1,1983,"WiFi,Pool,Gym,Parking,Garden",3296260
Premium Townhouse in Pune,"Pune, MH",Townhouse,4053,2,1,2012,"Pool,WiFi,Parking",1369145
Premium Apartment in Chennai,"Chennai, TN",Apartment,2591,1,1,1986,"Security,WiFi,Garden",885074
Premium Villa in Ahmedabad,"Ahmedabad, GJ",Villa,3098,4,2,2014,"Pool,Gym,Garden,Security,WiFi",1733275
Premium Condo in Mumbai,"Mumbai, MH",Condo,1841,4,3,2007,WiFi,1534180
Premium Penthouse in Pune,"Pune, MH",Penthouse,2510,3,2,1997,"Parking,WiFi,Pool,Garden",1904583
Premium Apartment in Chennai,"Chennai, TN",Apartment,4957,6,4,1986,"Gym,Security,Parking,Garden",1884357
Premium Condo in Chennai,"Chennai, TN",Condo,3588,4,4,2024,"Gym,Garden,WiFi,Security",1261850
Premium Townhouse in Mumbai,"Mumbai, MH",Townhouse,4673,6,3,1997,Garden,3200243
Premium Villa in Chennai,"Chennai, TN",Villa,3687,2,4,2003,"Security,Pool,Parking,WiFi",2017881
Premium Penthouse in Ahmedabad,"Ahmedabad, GJ",Penthouse,4514,5,1,1999,"Gym,Garden,Pool,WiFi,Security",3097478
Premium Villa in Hyderabad,"Hyderabad, TS",Villa,826,1,2,2006,"WiFi,Pool",477640
Premium Townhouse in Bangalore,"Bangalore, KA",Townhouse,3408,3,4,2010,"Garden,Security",1836222
Premium Penthouse in Pune,"Pune, MH",Penthouse,526,6,2,1988,"Garden,Security",1068206
Premium Townhouse in Mumbai,"Mumbai, MH",Townhouse,4201,2,4,2018,"Pool,Garden",2737473
Premium Villa in Bangalore,"Bangalore, KA",Villa,527,2,2,2006,"Gym,Parking,WiFi,Garden,Pool",722547
Premium Townhouse in Mumbai,"Mumbai, MH",Townhouse,4683,4,1,2003,"Garden,WiFi,Parking,Security,Pool",3245726
Premium Penthouse in Mumbai,"Mumbai, MH",Penthouse,4238,2,2,1987,"WiFi,Parking,Security,Pool,Gym",5176123
Premium Condo in Pune,"Pune, MH",Condo,2273,1,2,2018,"Parking,Gym,WiFi,Garden,Security",759347
Premium Condo in Pune,"Pune, MH",Condo,4151,6,2,1981,Gym,1519934
Premium Apartment in Pune,"Pune, MH",Apartment,1542,4,4,1997,"Gym,Security,Parking,Garden",746426
Premium Townhouse in Pune,"Pune, MH",Townhouse,2642,1,1,2007,"Pool,Security",836215
Premium Apartment in Ahmedabad,"Ahmedabad, GJ",Apartment,2010,1,1,2022,"Gym,Garden",674026
Premium Villa in Hyderabad,"Hyderabad, TS",Villa,2055,5,1,2008,"Pool,Gym",1326212
Premium Penthouse in Pune,"Pune, MH",Penthouse,4756,6,3,2019,"Garden,Gym,Parking,Pool",3506438
Premium Villa in Delhi,"Delhi, DL",Villa,3384,5,3,1996,"Pool,Garden",3370451
Premium Condo in Hyderabad,"Hyderabad, TS",Condo,2516,2,4,1989,"WiFi,Gym,Parking",879376
Premium Penthouse in Kolkata,"Kolkata, WB",Penthouse,3700,3,3,1985,WiFi,2712497
Premium Apartment in Pune,"Pune, MH",Apartment,1865,6,4,2016,"Security,Pool,Parking,WiFi,Garden",1028975
Premium Apartment in Hyderabad,"Hyderabad, TS",Apartment,3721,1,2,2010,"WiFi,Pool,Gym",1285657
Premium Condo in Hyderabad,"Hyderabad, TS",Condo,913,3,2,1981,Security,456873
Premium Villa in Ahmedabad,"Ahmedabad, GJ",Villa,4283,6,1,2020,"Gym,Pool,Garden,Parking",2520140
Premium Condo in Bangalore,"Bangalore, KA",Condo,980,2,1,1994,"Garden,WiFi,Pool,Gym,Security",577740
Premium Condo in Ahmedabad,"Ahmedabad, GJ",Condo,896,4,1,1991,"Pool,WiFi",514151
Premium Townhouse in Ahmedabad,"Ahmedabad, GJ",Townhouse,1018,2,3,1982,"Gym,Pool,Garden,Parking",510396
Premium Apartment in Delhi,"Delhi, DL",Apartment,4366,2,1,1994,"Garden,Security,Gym,Pool",2504165
Premium Villa in Kolkata,"Kolkata, WB",Villa,3499,2,4,1993,"Gym,Security,Pool,WiFi,Garden",2023507
Premium Condo in Bangalore,"Bangalore, KA",Condo,1450,4,4,2001,"Garden,Parking",1179426
Premium Villa in Mumbai,"Mumbai, MH",Villa,4542,4,3,1987,Parking,4810207
Premium Condo in Chennai,"Chennai, TN",Condo,3337,3,2,1990,Gym,1103965
Premium Penthouse in Bangalore,"Bangalore, KA",Penthouse,4204,6,2,1982,"Gym,WiFi,Pool,Garden",4937074
Premium Villa in Ahmedabad,"Ahmedabad, GJ",Villa,1431,1,1,2004,"WiFi,Gym,Security",823830
Premium Townhouse in Mumbai,"Mumbai, MH",Townhouse,804,5,2,2001,"Security,Garden",1068221
Premium Penthouse in Bangalore,"Bangalore, KA",Penthouse,1554,3,1,2022,Gym,2078032
Premium Condo in Delhi,"Delhi, DL",Condo,3443,6,3,2006,Security,2638851
Premium Townhouse in Bangalore,"Bangalore, KA",Townhouse,2806,4,4,2021,Garden,1827278
Premium Penthouse in Hyderabad,"Hyderabad, TS",Penthouse,3873,5,1,2005,Security,2613125
Premium Townhouse in Mumbai,"Mumbai, MH",Townhouse,4318,3,1,2013,"Pool,Security,Parking,Gym,Garden",2937038
Premium Condo in Delhi,"Delhi, DL",Condo,4447,1,4,1980,"Garden,Pool,Security,Gym,Parking",2729815
Premium Condo in Delhi,"Delhi, DL",Condo,749,6,3,1981,Pool,1001563
Premium Villa in Bangalore,"Bangalore, KA",Villa,3367,1,2,2002,"WiFi,Security,Gym,Parking",2395490
Premium Penthouse in Mumbai,"Mumbai, MH",Penthouse,1668,6,3,2002,"WiFi,Pool",3602527
Premium Apartment in Delhi,"Delhi, DL",Apartment,1738,6,4,2005,"Garden,Parking,Security,Gym,WiFi",1545668
Premium Penthouse in Kolkata,"Kolkata, WB",Penthouse,3926,2,2,2012,Security,2407929
Premium Condo in Hyderabad,"Hyderabad, TS",Condo,4077,3,4,1987,"Pool,Gym,Parking,WiFi,Garden",1468379
Premium Villa in Ahmedabad,"Ahmedabad, GJ",Villa,1456,4,1,1987,"Security,Gym,Parking,Pool",965883
Premium Townhouse in Kolkata,"Kolkata, WB",Townhouse,3233,1,4,1988,"Parking,Gym",994696
Premium Apartment in Kolkata,"Kolkata, WB",Apartment,4413,6,4,2023,"Pool,Security,Gym,WiFi",1647642
Premium Apartment in Mumbai,"Mumbai, MH",Apartment,1492,4,4,2020,"Security,Gym,Pool",1526334
Premium Townhouse in Ahmedabad,"Ahmedabad, GJ",Townhouse,4206,1,4,2002,"Security,Gym,Parking",1369124
Premium Penthouse in Kolkata,"Kolkata, WB",Penthouse,3557,3,3,2001,"Garden,Security,Gym,Parking",2336725
Premium Apartment in Chennai,"Chennai, TN",Apartment,2809,3,1,1998,"Pool,Garden",1026238
Premium Townhouse in Delhi,"Delhi, DL",Townhouse,4273,3,3,2013,Gym,2748894
Premium Villa in Delhi,"Delhi, DL",Villa,947,5,3,2008,"Gym,Pool,Security,Parking",1565069
Premium Condo in Mumbai,"Mumbai, MH",Condo,2359,1,1,2012,"Gym,Garden,WiFi",1426486
Premium Apartment in Mumbai,"Mumbai, MH",Apartment,4656,1,3,1994,"Garden,Parking,Security,Gym,Pool",2762505
Premium Villa in Kolkata,"Kolkata, WB",Villa,2889,1,1,1991,"Garden,Parking,Pool,Gym",1476391
Premium Condo in Kolkata,"Kolkata, WB",Condo,2709,5,3,1998,"Security,Gym,Parking",1103052
Premium Condo in Mumbai,"Mumbai, MH",Condo,2551,4,4,2006,"Gym,WiFi,Garden",2060558
Premium Townhouse in Kolkata,"Kolkata, WB",Townhouse,1709,4,3,1989,"Gym,Parking,Garden,WiFi",789983
Premium Apartment in Mumbai,"Mumbai, MH",Apartment,4831,6,2,1982,"Security,Gym,Garden,Parking",3529662
Premium Villa in Pune,"Pune, MH",Villa,2146,4,2,1989,"WiFi,Parking",1343788
Premium Townhouse in Hyderabad,"Hyderabad, TS",Townhouse,3776,3,1,2001,"Security,Parking",1424602
Premium Penthouse in Pune,"Pune, MH",Penthouse,4518,2,3,2014,"Parking,Security,WiFi,Garden,Pool",3002032
Premium Condo in Delhi,"Delhi, DL",Condo,2199,5,2,2016,"Pool,Garden",1841470
Premium Villa in Bangalore,"Bangalore, KA",Villa,1483,3,2,1986,"Pool,WiFi,Security",1330383
Premium Townhouse in Mumbai,"Mumbai, MH",Townhouse,1554,1,2,1987,"Garden,Gym,Security,Parking,WiFi",1120452
Premium Condo in Hyderabad,"Hyderabad, TS",Condo,2528,3,2,1992,"Security,Pool",908551
Premium Penthouse in Pune,"Pune, MH",Penthouse,683,4,3,2006,WiFi,967333
Premium Townhouse in Delhi,"Delhi, DL",Townhouse,2004,1,1,1995,"Parking,Garden,Pool,WiFi",1155778
Premium Villa in Delhi,"Delhi, DL",Villa,2811,1,3,2023,"WiFi,Garden,Gym,Security,Pool",2522986
Premium Penthouse in Ahmedabad,"Ahmedabad, GJ",Penthouse,2684,3,4,2006,"Parking,Pool,Garden",2093926
Premium Condo in Bangalore,"Bangalore, KA",Condo,3235,1,2,1988,"Gym,Security,Garden,Parking",1662627
Premium Villa in Hyderabad,"Hyderabad, TS",Villa,1272,2,1,1994,"Security,Parking,Gym,Garden",762334
Premium Condo in Mumbai,"Mumbai, MH",Condo,2800,2,4,1983,"Pool,Gym,WiFi",2233778
Premium Penthouse in Mumbai,"Mumbai, MH",Penthouse,4995,3,1,2008,Garden,6341660
Premium Villa in Mumbai,"Mumbai, MH",Villa,3778,3,1,2007,"Parking,Pool,WiFi,Security,Gym",3970041
Premium Villa in Chennai,"Chennai, TN",Villa,590,3,3,2001,"Parking,Gym,Security,WiFi,Garden",565532
Premium Townhouse in Delhi,"Delhi, DL",Townhouse,3544,5,4,2019,"Parking,Gym",2573198
Premium Condo in Chennai,"Chennai, TN",Condo,1425,5,1,2023,"Security,Gym,Pool,Parking",641480
Premium Condo in Hyderabad,"Hyderabad, TS",Condo,2804,3,3,2016,"Parking,Pool,Security,Gym,Garden",1007220
Premium Townhouse in Ahmedabad,"Ahmedabad, GJ",Townhouse,4870,1,1,1981,"Garden,Pool,WiFi",1517054
Premium Villa in Pune,"Pune, MH",Villa,1761,3,2,1997,"Parking,Pool,Garden,Security,WiFi",1029663
Premium Apartment in Delhi,"Delhi, DL",Apartment,1831,2,3,1997,"Security,Pool,WiFi,Gym",1252741
Premium Townhouse in Pune,"Pune, MH",Townhouse,4847,3,2,2007,"Security,Garden",1778762
Premium Penthouse in Bangalore,"Bangalore, KA",Penthouse,1998,6,4,1997,WiFi,2677570
Premium Penthouse in Mumbai,"Mumbai, MH",Penthouse,949,2,1,2001,"WiFi,Gym,Parking,Security",1681196
Premium Villa in Pune,"Pune, MH",Villa,1686,3,2,1987,Gym,1028463
Premium Townhouse in Hyderabad,"Hyderabad, TS",Townhouse,1024,1,4,2013,Pool,437884
Premium Apartment in Hyderabad,"Hyderabad, TS",Apartment,2101,2,3,1982,Parking,851744
Premium Condo in Mumbai,"Mumbai, MH",Condo,1857,2,1,2021,"Security,Garden,WiFi,Gym,Parking",1341933
Premium Penthouse in Delhi,"Delhi, DL",Penthouse,2127,4,4,1988,"Gym,Parking,Security",3539174
Premium Condo in Pune,"Pune, MH",Condo,4546,6,3,1990,"Gym,Garden,Parking,WiFi,Pool",1700134
Premium Apartment in Pune,"Pune, MH",Apartment,2405,3,1,2006,"WiFi,Security",813354
Premium Townhouse in Delhi,"Delhi, DL",Townhouse,1931,3,4,2013,"Garden,Pool,Security",1506012
Premium Apartment in Pune,"Pune, MH",Apartment,2515,3,3,1998,"Security,Garden,Gym,Pool,WiFi",1021560
Premium Penthouse in Ahmedabad,"Ahmedabad, GJ",Penthouse,1372,1,4,2017,WiFi,984665
Premium Apartment in Kolkata,"Kolkata, WB",Apartment,3048,1,3,1989,"Gym,Garden",969014
Premium Penthouse in Kolkata,"Kolkata, WB",Penthouse,4283,3,4,2000,Gym,3028320
Premium Villa in Ahmedabad,"Ahmedabad, GJ",Villa,3202,2,1,2013,"Security,Pool",1509804
Premium Penthouse in Ahmedabad,"Ahmedabad, GJ",Penthouse,4458,2,4,2007,"Parking,Security,Pool,Gym",2978259
Premium Villa in Chennai,"Chennai, TN",Villa,4000,2,4,2022,"Parking,Security,Garden,Gym",2171888
Premium Condo in Hyderabad,"Hyderabad, TS",Condo,689,1,4,2016,Security,352372
Premium Villa in Ahmedabad,"Ahmedabad, GJ",Villa,4531,4,2,2000,WiFi,2409388
Premium Apartment in Pune,"Pune, MH",Apartment,3507,6,3,1981,"Pool,Parking,Gym,WiFi,Garden",1325594
Premium Apartment in Bangalore,"Bangalore, KA",Apartment,3360,4,2,2014,"Gym,WiFi,Parking,Pool",1955737
Premium Villa in Pune,"Pune, MH",Villa,2221,6,2,1992,"Gym,Parking,WiFi,Pool",1638646
Premium Villa in Bangalore,"Bangalore, KA",Villa,2357,6,1,1999,"Parking,Gym,Garden",2154226
Premium Condo in Ahmedabad,"Ahmedabad, GJ",Condo,3982,2,1,1982,"WiFi,Garden,Security",1227936
Premium Condo in Kolkata,"Kolkata, WB",Condo,1442,3,4,2006,"Pool,Garden,Parking,WiFi,Gym",606693
Premium Apartment in Chennai,"Chennai, TN",Apartment,3802,1,4,1987,"Security,Garden,Parking,Pool,Gym",1231711
Premium Villa in Ahmedabad,"Ahmedabad, GJ",Villa,892,6,2,1994,"Garden,Pool,WiFi,Gym,Security",888978
Premium Townhouse in Chennai,"Chennai, TN",Townhouse,1742,1,2,1991,"Gym,Security",649044
Premium Townhouse in Delhi,"Delhi, DL",Townhouse,2053,6,2,2006,"WiFi,Pool,Garden,Security,Gym",1563220
Premium Penthouse in Ahmedabad,"Ahmedabad, GJ",Penthouse,1414,6,2,1987,"Garden,Gym,WiFi",1388096
Premium Villa in Delhi,"Delhi, DL",Villa,4298,4,3,1983,"Pool,Garden,Gym",4546920
Premium Villa in Bangalore,"Bangalore, KA",Villa,3696,2,2,2000,"Pool,Garden,Gym,Parking,Security",2642478
Premium Townhouse in Pune,"Pune, MH",Townhouse,599,1,2,1990,"Gym,WiFi,Garden,Security,Parking",277404
Premium Townhouse in Kolkata,"Kolkata, WB",Townhouse,2572,1,4,1982,Parking,945860
Premium Apartment in Bangalore,"Bangalore, KA",Apartment,2266,1,1,1983,"WiFi,Security,Garden,Parking,Gym",1174421
Premium Condo in Delhi,"Delhi, DL",Condo,954,6,2,2000,"WiFi,Gym",1035574
Premium Villa in Mumbai,"Mumbai, MH",Villa,925,2,4,1994,"Pool,Parking,Security,WiFi",1393272
Premium Villa in Chennai,"Chennai, TN",Villa,3837,1,2,2016,Security,1713219
Premium Apartment in Delhi,"Delhi, DL",Apartment,2847,2,3,1987,"Pool,Parking,Security",1897363
Premium Townhouse in Pune,"Pune, MH",Townhouse,3260,5,1,1986,"Garden,Parking,WiFi,Pool,Security",1145889
Premium Apartment in Mumbai,"Mumbai, MH",Apartment,2915,5,3,2003,"Security,Garden,Pool",2324087
Premium Condo in Mumbai,"Mumbai, MH",Condo,1880,5,3,1998,Garden,1803054
Premium Apartment in Ahmedabad,"Ahmedabad, GJ",Apartment,2795,5,3,2023,"Pool,Gym,Garden,Security",1170935
Premium Villa in Chennai,"Chennai, TN",Villa,4658,4,1,2017,"Gym,Garden,Security",2360123
Premium Apartment in Delhi,"Delhi, DL",Apartment,3368,4,3,2009,"Garden,Security,Pool,WiFi",2357771
Premium Villa in Pune,"Pune, MH",Villa,750,3,3,2005,"Security,Gym,Garden",651715
Premium Villa in Delhi,"Delhi, DL",Villa,3827,3,2,1981,"Pool,Security,Garden,Parking",3375663
Premium Condo in Kolkata,"Kolkata, WB",Condo,1239,6,4,2004,"Gym,WiFi,Pool,Parking",712943
Premium Condo in Bangalore,"Bangalore, KA",Condo,2804,2,3,2004,"WiFi,Gym,Security",1601979
Premium Townhouse in Chennai,"Chennai, TN",Townhouse,875,4,1,2015,"Pool,WiFi",510183
Premium Townhouse in Kolkata,"Kolkata, WB",Townhouse,2748,5,3,1998,"Security,Gym",1124436
Premium Townhouse in Delhi,"Delhi, DL",Townhouse,4874,6,2,2001,"Pool,Gym,Parking",3347854
Premium Townhouse in Bangalore,"Bangalore, KA",Townhouse,2740,4,2,2013,"Parking,Security,Gym,Garden",1670367
Premium Condo in Pune,"Pune, MH",Condo,3768,4,3,2002,"Garden,Parking,WiFi",1381950
Premium Townhouse in Pune,"Pune, MH",Townhouse,2111,6,3,2017,"WiFi,Gym,Parking",976751
Premium Condo in Delhi,"Delhi, DL",Condo,3415,5,2,1994,Garden,2311411
Premium Condo in Kolkata,"Kolkata, WB",Condo,3595,6,4,1990,"WiFi,Security,Gym",1337651
Premium Penthouse in Hyderabad,"Hyderabad, TS",Penthouse,1745,2,2,1981,"Garden,WiFi,Security",1249925
Premium Villa in Kolkata,"Kolkata, WB",Villa,4046,1,1,2000,"Garden,Parking",1930434
Premium Condo in Mumbai,"Mumbai, MH",Condo,3435,6,2,2012,"WiFi,Gym,Security,Pool,Parking",2788427
Premium Townhouse in Mumbai,"Mumbai, MH",Townhouse,2475,5,1,1992,"Pool,Security",1942196
Premium Penthouse in Ahmedabad,"Ahmedabad, GJ",Penthouse,4111,6,4,2010,Security,3517779
Premium Townhouse in Ahmedabad,"Ahmedabad, GJ",Townhouse,2466,5,2,2023,"Security,WiFi,Garden,Pool,Parking",987541
Premium Townhouse in Hyderabad,"Hyderabad, TS",Townhouse,4480,4,4,1993,"Garden,Pool,Gym",1614299
Premium Townhouse in Chennai,"Chennai, TN",Townhouse,4204,4,1,2006,Gym,1577653
Premium Townhouse in Delhi,"Delhi, DL",Townhouse,1761,3,1,2007,"Pool,Parking",1236079
Premium Apartment in Mumbai,"Mumbai, MH",Apartment,922,1,2,1986,"Parking,WiFi",782025
Premium Villa in Mumbai,"Mumbai, MH",Villa,2689,6,2,1984,Security,3671909
Premium Apartment in Chennai,"Chennai, TN",Apartment,3963,3,1,1995,"Garden,WiFi",1300599
Premium Apartment in Ahmedabad,"Ahmedabad, GJ",Apartment,3257,4,4,1997,"Garden,Security,Pool,Parking",1173563
Premium Condo in Hyderabad,"Hyderabad, TS",Condo,1882,1,3,2024,"Garden,WiFi,Parking,Pool,Gym",621172
Premium Townhouse in Pune,"Pune, MH",Townhouse,3252,1,4,2001,Gym,1014418
Premium Penthouse in Mumbai,"Mumbai, MH",Penthouse,540,4,2,1990,"Pool,Parking,Security,WiFi",1516841
Premium Penthouse in Kolkata,"Kolkata, WB",Penthouse,3843,2,1,2019,"Gym,Security,WiFi",2544171
Premium Condo in Kolkata,"Kolkata, WB",Condo,1145,1,3,1987,"Pool,WiFi",431471
Premium Penthouse in Delhi,"Delhi, DL",Penthouse,1212,3,2,2018,"Gym,Pool,Garden",1799279
Premium Penthouse in Mumbai,"Mumbai, MH",Penthouse,3289,4,1,2013,"Gym,Pool",4396098
Premium Penthouse in Pune,"Pune, MH",Penthouse,2460,6,4,2009,"Security,WiFi",2276978
Premium Penthouse in Pune,"Pune, MH",Penthouse,1182,1,4,2021,"Gym,Security,Pool",1020169
Premium Penthouse in Hyderabad,"Hyderabad, TS",Penthouse,2522,3,1,1987,"Gym,WiFi",1752124
Premium Villa in Delhi,"Delhi, DL",Villa,1415,4,2,2012,"WiFi,Gym",1966839
Premium Townhouse in Mumbai,"Mumbai, MH",Townhouse,3620,4,4,1996,Gym,2604744
Premium Villa in Bangalore,"Bangalore, KA",Villa,2363,2,3,1998,"WiFi,Garden,Security,Gym",2141681
Premium Condo in Chennai,"Chennai, TN",Condo,2009,3,1,2015,"Security,Pool",769116
Premium Townhouse in Ahmedabad,"Ahmedabad, GJ",Townhouse,3473,6,1,1980,"Garden,Security,Pool,Gym,WiFi",1292558
Premium Penthouse in Ahmedabad,"Ahmedabad, GJ",Penthouse,4615,4,2,2001,"WiFi,Parking,Gym,Pool,Garden",3292424
Premium Condo in Pune,"Pune, MH",Condo,4321,1,2,1981,"Gym,Parking,WiFi,Security,Garden",1330711
Premium Condo in Chennai,"Chennai, TN",Condo,3063,1,2,1992,WiFi,1044004
Premium Villa in Bangalore,"Bangalore, KA",Villa,3267,5,1,2014,"Parking,Security,Pool",2967067
Premium Apartment in Mumbai,"Mumbai, MH",Apartment,2854,2,4,2009,"Security,Gym,WiFi,Garden",1956455
Premium Villa in Bangalore,"Bangalore, KA",Villa,2842,6,2,1989,Pool,2564311
Premium Condo in Hyderabad,"Hyderabad, TS",Condo,1290,2,3,1998,"WiFi,Garden,Parking,Gym,Pool",501488
Premium Apartment in Hyderabad,"Hyderabad, TS",Apartment,3472,6,1,1990,Gym,1313550
Premium Villa in Ahmedabad,"Ahmedabad, GJ",Villa,2312,6,4,1994,"WiFi,Garden,Gym,Parking",1652323
Premium Apartment in Delhi,"Delhi, DL",Apartment,4374,5,1,2001,"WiFi,Parking,Garden,Pool",2902411
Premium Villa in Chennai,"Chennai, TN",Villa,838,2,4,2023,Garden,635230
Premium Villa in Chennai,"Chennai, TN",Villa,597,1,2,2017,"Gym,WiFi,Parking,Garden,Pool",405907
Premium Condo in Kolkata,"Kolkata, WB",Condo,2799,2,4,1986,"WiFi,Parking,Gym,Garden",1105755
Premium Apartment in Delhi,"Delhi, DL",Apartment,3025,4,2,2018,"Pool,Gym",2096272
Premium Townhouse in Pune,"Pune, MH",Townhouse,4136,1,3,2012,"Pool,WiFi",1405593
Premium Apartment in Delhi,"Delhi, DL",Apartment,1019,3,2,2004,"Pool,Gym",827110
Premium Townhouse in Ahmedabad,"Ahmedabad, GJ",Townhouse,3047,3,2,2014,"Pool,Security,Gym",1192099
Premium Apartment in Ahmedabad,"Ahmedabad, GJ",Apartment,3711,1,1,2002,"Pool,WiFi",1208666
Premium Villa in Bangalore,"Bangalore, KA",Villa,4105,5,4,2023,"Garden,Security",3646538
Premium Villa in Bangalore,"Bangalore, KA",Villa,3465,2,1,2005,Parking,2869173
Premium Townhouse in Hyderabad,"Hyderabad, TS",Townhouse,1491,3,1,1984,"Parking,Security,Garden,Pool",654568
Premium Townhouse in Kolkata,"Kolkata, WB",Townhouse,1360,3,4,2001,"WiFi,Pool,Parking,Gym",655359
Premium Apartment in Pune,"Pune, MH",Apartment,1784,2,1,2006,"Security,Garden",618322
Premium Villa in Pune,"Pune, MH",Villa,3479,6,3,2002,Garden,1994177
Premium Condo in Kolkata,"Kolkata, WB",Condo,2711,4,2,2024,"WiFi,Garden,Gym",1140464
Premium Apartment in Ahmedabad,"Ahmedabad, GJ",Apartment,2944,6,4,1983,"WiFi,Garden,Parking,Gym,Security",1286353
Premium Condo in Bangalore,"Bangalore, KA",Condo,4657,4,1,2002,"Parking,Security",2426821
Premium Penthouse in Hyderabad,"Hyderabad, TS",Penthouse,2295,6,3,2023,"Security,Parking,Pool",2261777
Premium Townhouse in Ahmedabad,"Ahmedabad, GJ",Townhouse,855,2,2,2012,"Garden,WiFi",367502
Premium Townhouse in Chennai,"Chennai, TN",Townhouse,3815,3,1,2012,"Security,Pool,WiFi,Gym,Garden",1250044
Premium Condo in Bangalore,"Bangalore, KA",Condo,4326,5,2,1996,"Gym,WiFi",2404055
Premium Penthouse in Bangalore,"Bangalore, KA",Penthouse,3022,1,4,1998,"Parking,Pool",2954537
Premium Apartment in Bangalore,"Bangalore, KA",Apartment,4344,5,4,2006,Garden,2439798
Premium Condo in Delhi,"Delhi, DL",Condo,4816,5,2,1994,"Pool,Security,Garden,Gym",2961420
Premium Condo in Bangalore,"Bangalore, KA",Condo,4516,6,3,1992,"Parking,Pool",2653907
Premium Villa in Hyderabad,"Hyderabad, TS",Villa,3811,5,4,1982,"Pool,Security,Gym,WiFi,Parking",2315507
Premium Condo in Bangalore,"Bangalore, KA",Condo,3613,2,2,1995,"Parking,WiFi",2004698
Premium Penthouse in Bangalore,"Bangalore, KA",Penthouse,1125,3,2,1992,Parking,1496270
Premium Condo in Pune,"Pune, MH",Condo,755,5,2,2005,Pool,544119
Premium Apartment in Ahmedabad,"Ahmedabad, GJ",Apartment,4612,1,3,2001,Pool,1454304
Premium Penthouse in Ahmedabad,"Ahmedabad, GJ",Penthouse,2008,2,3,2002,"Gym,Security,WiFi",1563976
Premium Villa in Mumbai,"Mumbai, MH",Villa,1952,5,1,2004,"Gym,Garden,Security,WiFi,Parking",2453445
Premium Apartment in Pune,"Pune, MH",Apartment,2270,2,2,1992,"WiFi,Parking,Garden,Gym,Pool",848240
Premium Apartment in Bangalore,"Bangalore, KA",Apartment,2846,6,4,1997,"Gym,Pool,Security,Parking,Garden",1863589
Premium Apartment in Chennai,"Chennai, TN",Apartment,2486,4,3,2006,Garden,920323
Premium Penthouse in Mumbai,"Mumbai, MH",Penthouse,1057,3,4,2006,"Garden,Pool",2176371
Premium Penthouse in Bangalore,"Bangalore, KA",Penthouse,4221,2,3,2005,"Parking,Pool,WiFi,Gym",4057734
Premium Townhouse in Pune,"Pune, MH",Townhouse,3656,4,3,2013,"Gym,WiFi,Pool",1427664
Premium Townhouse in Hyderabad,"Hyderabad, TS",Townhouse,2498,6,4,1999,"Security,Pool",1153788
Premium Apartment in Ahmedabad,"Ahmedabad, GJ",Apartment,2133,2,2,1992,"Parking,Gym",796138
Premium Townhouse in Ahmedabad,"Ahmedabad, GJ",Townhouse,1788,4,3,2001,"Security,Gym",828432
Premium Condo in Bangalore,"Bangalore, KA",Condo,4138,2,3,2011,"Parking,Pool,Gym,Security",2258449
Premium Townhouse in Chennai,"Chennai, TN",Townhouse,3003,3,1,2024,"Gym,WiFi",1085603
Premium Condo in Kolkata,"Kolkata, WB",Condo,4212,4,1,2003,"Security,Pool,Garden,Parking,Gym",1598423
Premium Apartment in Mumbai,"Mumbai, MH",Apartment,1598,1,3,1982,"Garden,Pool,Gym,Security",1178179
Premium Townhouse in Kolkata,"Kolkata, WB",Townhouse,4389,6,3,2007,"Parking,Garden",1528106
Premium Condo in Hyderabad,"Hyderabad, TS",Condo,2585,3,1,2006,"WiFi,Gym,Garden,Pool,Parking",938995
Premium Penthouse in Pune,"Pune, MH",Penthouse,3047,4,3,2012,"WiFi,Security",2325927
Premium Villa in Chennai,"Chennai, TN",Villa,4574,3,4,2012,"Garden,Security",2177814
Premium Apartment in Ahmedabad,"Ahmedabad, GJ",Apartment,2141,4,3,1990,"Pool,Gym",985505
Premium Penthouse in Mumbai,"Mumbai, MH",Penthouse,4331,1,1,2006,"Gym,Parking",5183350
Premium Apartment in Pune,"Pune, MH",Apartment,3373,2,3,1997,"Garden,Pool,Security,Parking",1241839
Premium Villa in Delhi,"Delhi, DL",Villa,4159,4,3,1982,"Garden,Pool,Security",4405870
Premium Condo in Pune,"Pune, MH",Condo,1613,4,2,1989,"Pool,Security,WiFi,Parking,Garden",781972
Premium Apartment in Pune,"Pune, MH",Apartment,1793,2,3,1994,"Pool,Garden,Gym,Security,Parking",767463
Premium Apartment in Bangalore,"Bangalore, KA",Apartment,3002,4,3,1995,"WiFi,Security,Parking",1575512
Premium Penthouse in Hyderabad,"Hyderabad, TS",Penthouse,4084,5,4,1986,"Garden,WiFi,Security,Parking",2908730
Premium Condo in Delhi,"Delhi, DL",Condo,1738,4,2,2023,Security,1491510
Premium Condo in Kolkata,"Kolkata, WB",Condo,1128,5,4,1995,"Gym,Pool,Parking,Garden,Security",662137
Premium Apartment in Pune,"Pune, MH",Apartment,3802,3,2,1981,"WiFi,Gym,Security,Parking",1283143
Premium Villa in Pune,"Pune, MH",Villa,3375,5,4,2004,"Gym,Garden,Pool",2051571
Premium Townhouse in Mumbai,"Mumbai, MH",Townhouse,2808,4,3,2018,Garden,2252439
Premium Penthouse in Bangalore,"Bangalore, KA",Penthouse,3774,3,4,2021,"Gym,Pool,Garden,WiFi,Parking",4079071
Premium Penthouse in Bangalore,"Bangalore, KA",Penthouse,2489,3,1,1996,"Pool,Parking,WiFi",2967048
Premium Townhouse in Ahmedabad,"Ahmedabad, GJ",Townhouse,4826,6,4,1992,"WiFi,Security",1663952
Premium Penthouse in Chennai,"Chennai, TN",Penthouse,4813,5,2,1983,"WiFi,Pool,Parking,Gym,Security",3614496
Premium Villa in Bangalore,"Bangalore, KA",Villa,3298,2,4,1980,"WiFi,Gym",2579536
Premium Penthouse in Pune,"Pune, MH",Penthouse,4997,2,4,1991,"Pool,Gym,Parking,Security,WiFi",3519833
Premium Condo in Chennai,"Chennai, TN",Condo,1120,2,4,2022,"Pool,Gym,Parking,Garden,Security",512335
Premium Penthouse in Kolkata,"Kolkata, WB",Penthouse,4571,5,4,2009,"Pool,WiFi,Gym,Security",3217288
Premium Villa in Ahmedabad,"Ahmedabad, GJ",Villa,2174,1,2,2003,"WiFi,Garden,Gym,Parking",1221486
Premium Condo in Mumbai,"Mumbai, MH",Condo,2670,2,3,1986,Gym,2089821
Premium Villa in Chennai,"Chennai, TN",Villa,588,4,3,2008,"Gym,WiFi,Garden,Parking",705588
Premium Condo in Pune,"Pune, MH",Condo,912,6,3,2011,"Security,Gym,Pool",581877
Premium Townhouse in Ahmedabad,"Ahmedabad, GJ",Townhouse,3151,6,4,2005,"Parking,WiFi",1395020
Premium Penthouse in Delhi,"Delhi, DL",Penthouse,789,4,1,1988,"Garden,WiFi,Pool,Security",1626212
Premium Condo in Ahmedabad,"Ahmedabad, GJ",Condo,1098,2,2,1996,"Security,Garden,WiFi",462007
Premium Penthouse in Ahmedabad,"Ahmedabad, GJ",Penthouse,1177,4,1,1990,Parking,1238525
Premium Apartment in Chennai,"Chennai, TN",Apartment,1696,3,3,1999,"Garden,WiFi,Pool,Security",680338
Premium Villa in Pune,"Pune, MH",Villa,1677,3,2,2016,"Parking,WiFi,Gym,Security,Garden",1077089
Premium Townhouse in Ahmedabad,"Ahmedabad, GJ",Townhouse,2450,1,2,2012,Garden,892025
Premium Townhouse in Kolkata,"Kolkata, WB",Townhouse,4214,1,2,2010,Security,1440005
Premium Condo in Ahmedabad,"Ahmedabad, GJ",Condo,1665,1,4,1995,"Garden,Security,Parking",593897
Premium Apartment in Hyderabad,"Hyderabad, TS",Apartment,1260,5,3,1992,Garden,642360
Premium Villa in Delhi,"Delhi, DL",Villa,2852,3,3,1986,"Pool,Garden,WiFi,Gym,Parking",2954824
Premium Apartment in Delhi,"Delhi, DL",Apartment,1916,4,3,1996,WiFi,1479554
Premium Penthouse in Kolkata,"Kolkata, WB",Penthouse,2086,4,2,2014,"Garden,Parking,Pool",1636477
Premium Apartment in Kolkata,"Kolkata, WB",Apartment,1898,1,4,1996,"Security,Pool,WiFi,Parking",652364
Premium Penthouse in Pune,"Pune, MH",Penthouse,618,4,1,2003,"Pool,Parking,Security,WiFi,Garden",814590
Premium Townhouse in Bangalore,"Bangalore, KA",Townhouse,1034,3,2,1990,"Security,Gym,Parking",732108
Premium Townhouse in Kolkata,"Kolkata, WB",Townhouse,2834,3,1,2019,"Pool,Security,Parking",1108406
Premium Penthouse in Hyderabad,"Hyderabad, TS",Penthouse,2841,1,1,2008,"WiFi,Security,Garden,Gym,Pool",1701258
Premium Villa in Mumbai,"Mumbai, MH",Villa,2661,1,2,2002,"Pool,Security,Garden,Gym,Parking",2746641
Premium Penthouse in Ahmedabad,"Ahmedabad, GJ",Penthouse,2031,6,1,1989,Pool,1723320
Premium Villa in Chennai,"Chennai, TN",Villa,756,1,3,2008,"Gym,Security,WiFi,Pool",508008
Premium Apartment in Delhi,"Delhi, DL",Apartment,1816,5,3,2015,"WiFi,Garden,Parking,Gym,Pool",1427520
Premium Penthouse in Delhi,"Delhi, DL",Penthouse,1438,3,3,1983,"Gym,Garden,Security,Pool,Parking",2324876
Premium Condo in Bangalore,"Bangalore, KA",Condo,1076,2,3,1994,"Security,Garden,Gym",770378
Premium Townhouse in Mumbai,"Mumbai, MH",Townhouse,2386,2,1,1996,"WiFi,Parking,Pool,Garden",1665273
Premium Penthouse in Ahmedabad,"Ahmedabad, GJ",Penthouse,3639,5,3,1996,"WiFi,Gym",2575420
Premium Penthouse in Bangalore,"Bangalore, KA",Penthouse,4596,1,4,1993,"WiFi,Security,Gym",4120320
Premium Villa in Hyderabad,"Hyderabad, TS",Villa,1980,2,3,1994,Gym,1184780
Premium Townhouse in Kolkata,"Kolkata, WB",Townhouse,3754,5,4,2007,"Pool,Parking,Gym",1388061
Premium Villa in Kolkata,"Kolkata, WB",Villa,859,5,1,1991,"Garden,Security,Pool,Parking",770245
Premium Condo in Mumbai,"Mumbai, MH",Condo,3344,3,2,2001,"Garden,Security,Gym,Pool,WiFi",2233606
Premium Townhouse in Bangalore,"Bangalore, KA",Townhouse,1968,2,4,1995,Pool,1124874
Premium Townhouse in Hyderabad,"Hyderabad, TS",Townhouse,3070,3,2,1983,"Gym,Parking",1026093
Premium Apartment in Delhi,"Delhi, DL",Apartment,3599,4,3,2010,"WiFi,Garden,Gym",2479245
Premium Condo in Mumbai,"Mumbai, MH",Condo,911,3,3,2023,"Pool,Security,WiFi,Parking,Gym",984781
Premium Villa in Ahmedabad,"Ahmedabad, GJ",Villa,4713,2,2,2019,Security,2327939
Premium Penthouse in Ahmedabad,"Ahmedabad, GJ",Penthouse,794,1,2,2009,"Garden,Pool,Parking,Gym",680953
Premium Villa in Pune,"Pune, MH",Villa,3420,6,4,1998,"Parking,WiFi,Gym",2037877
Premium Apartment in Chennai,"Chennai, TN",Apartment,4597,6,2,1982,"Pool,Security,Gym,Garden",1799577
Premium Apartment in Pune,"Pune, MH",Apartment,1364,4,2,1992,"Pool,Garden,Gym,Security,WiFi",675517
Premium Townhouse in Kolkata,"Kolkata, WB",Townhouse,3242,4,1,1995,"WiFi,Parking,Garden,Pool,Gym",1214812
Premium Penthouse in Kolkata,"Kolkata, WB",Penthouse,4860,1,2,1984,Gym,3359943
Premium Villa in Ahmedabad,"Ahmedabad, GJ",Villa,1789,2,2,1981,"WiFi,Garden",1032946
Premium Penthouse in Delhi,"Delhi, DL",Penthouse,3960,5,1,1982,Pool,5479121
Premium Penthouse in Pune,"Pune, MH",Penthouse,3918,3,3,1996,"Security,Garden,Pool,Parking,WiFi",2962282
Premium Penthouse in Kolkata,"Kolkata, WB",Penthouse,3416,2,2,2003,"Security,Parking",2293953
Premium Penthouse in Mumbai,"Mumbai, MH",Penthouse,4947,2,1,1984,"Gym,Pool,Garden,WiFi",6382335
Premium Condo in Bangalore,"Bangalore, KA",Condo,2282,1,1,2006,Gym,1101799
Premium Penthouse in Delhi,"Delhi, DL",Penthouse,4517,3,3,2009,"Parking,Pool,Security,WiFi,Garden",5798409
Premium Condo in Mumbai,"Mumbai, MH",Condo,1779,3,4,2015,"Parking,Pool,Gym,WiFi,Garden",1381071
Premium Penthouse in Pune,"Pune, MH",Penthouse,2381,5,3,2003,"Pool,Gym,Garden,WiFi,Parking",2234148
Premium Condo in Ahmedabad,"Ahmedabad, GJ",Condo,2358,1,2,2019,"Garden,Security,Pool",771916
Premium Apartment in Delhi,"Delhi, DL",Apartment,4909,5,2,2020,WiFi,3464538
Premium Townhouse in Mumbai,"Mumbai, MH",Townhouse,1179,3,3,2019,"WiFi,Gym,Pool",1036665
Premium Condo in Chennai,"Chennai, TN",Condo,3147,5,3,1992,Garden,1202475
Premium Townhouse in Bangalore,"Bangalore, KA",Townhouse,4307,3,2,1990,Pool,2127497
Premium Condo in Delhi,"Delhi, DL",Condo,1178,1,2,2015,Pool,777376
Premium Penthouse in Ahmedabad,"Ahmedabad, GJ",Penthouse,3618,1,1,1996,"Parking,WiFi,Security",2459776
Premium Penthouse in Hyderabad,"Hyderabad, TS",Penthouse,4153,1,4,1985,"Parking,Garden,WiFi",2914101
Premium Penthouse in Pune,"Pune, MH",Penthouse,1638,3,2,2021,"Pool,WiFi,Security,Gym,Garden",1336299
Premium Penthouse in Delhi,"Delhi, DL",Penthouse,2491,5,2,2005,"Garden,Gym,Pool,Security,WiFi",3506815
Premium Condo in Pune,"Pune, MH",Condo,544,1,1,1988,"Security,Gym,WiFi",232490
Premium Penthouse in Chennai,"Chennai, TN",Penthouse,2184,2,1,2000,Pool,1684998
Premium Penthouse in Mumbai,"Mumbai, MH",Penthouse,3934,5,2,2022,"Garden,Pool,Parking",6167077
Premium Townhouse in Pune,"Pune, MH",Townhouse,4027,3,3,1985,"Security,Garden",1438402
Premium Condo in Ahmedabad,"Ahmedabad, GJ",Condo,4669,3,3,1998,"Pool,Garden,Gym,Parking,Security",1738039
Premium Apartment in Chennai,"Chennai, TN",Apartment,2756,1,1,1986,"Gym,Security",867472
Premium Apartment in Kolkata,"Kolkata, WB",Apartment,3117,1,1,2003,"Gym,Garden,Pool,WiFi,Parking",924474
Premium Apartment in Chennai,"Chennai, TN",Apartment,1704,4,1,1997,Garden,719614
Premium Townhouse in Delhi,"Delhi, DL",Townhouse,3552,6,3,1989,"Pool,Parking,WiFi",2709710
Premium Townhouse in Ahmedabad,"Ahmedabad, GJ",Townhouse,1987,2,1,2010,"WiFi,Garden",757911
Premium Villa in Chennai,"Chennai, TN",Villa,1168,2,2,2023,"Pool,Security",791022
Premium Penthouse in Bangalore,"Bangalore, KA",Penthouse,4603,4,4,2023,"Pool,Gym,Security,Garden,WiFi",5468515
Premium Apartment in Ahmedabad,"Ahmedabad, GJ",Apartment,3701,2,2,2011,"Pool,WiFi,Parking,Garden,Gym",1365215
Premium Condo in Hyderabad,"Hyderabad, TS",Condo,1807,4,1,1989,"WiFi,Gym,Garden",779445
Premium Penthouse in Mumbai,"Mumbai, MH",Penthouse,1684,4,1,2005,"Gym,WiFi",2942236
Premium Villa in Bangalore,"Bangalore, KA",Villa,4318,3,1,2024,"Garden,Security,Pool",3199795
Premium Villa in Pune,"Pune, MH",Villa,3086,4,2,1989,Garden,1744766
Premium Condo in Ahmedabad,"Ahmedabad, GJ",Condo,3778,5,1,2021,"Gym,Parking,WiFi",1312091
Premium Apartment in Kolkata,"Kolkata, WB",Apartment,651,6,3,2015,"Parking,Gym,Garden,Security",604983
Premium Condo in Kolkata,"Kolkata, WB",Condo,1068,6,2,1998,Parking,705548
Premium Apartment in Pune,"Pune, MH",Apartment,2326,4,1,2022,"WiFi,Parking,Security",884719
Premium Townhouse in Mumbai,"Mumbai, MH",Townhouse,4933,2,4,2001,"Gym,WiFi,Pool,Garden",3111708
Premium Villa in Ahmedabad,"Ahmedabad, GJ",Villa,2649,5,4,2014,Security,1657742
Premium Penthouse in Delhi,"Delhi, DL",Penthouse,4359,5,4,2011,"Parking,WiFi",6304042
Premium Villa in Kolkata,"Kolkata, WB",Villa,2252,5,2,1992,"Parking,WiFi",1451445
Premium Penthouse in Hyderabad,"Hyderabad, TS",Penthouse,3240,3,2,2006,"Security,WiFi,Gym",2222422
Premium Penthouse in Bangalore,"Bangalore, KA",Penthouse,714,3,2,1996,"WiFi,Pool,Security",1162715
Premium Townhouse in Pune,"Pune, MH",Townhouse,3890,4,4,2016,"Parking,Gym",1442457
Premium Penthouse in Bangalore,"Bangalore, KA",Penthouse,3037,4,3,1993,"Garden,Gym,Pool,Security",3608063
Premium Apartment in Mumbai,"Mumbai, MH",Apartment,999,2,3,2012,"Garden,Pool,WiFi,Security",917017
Premium Penthouse in Chennai,"Chennai, TN",Penthouse,4411,5,4,1984,"Parking,WiFi",3288505
Premium Villa in Ahmedabad,"Ahmedabad, GJ",Villa,2840,5,3,1988,"Gym,Security,Pool,Garden",1839745
Premium Penthouse in Hyderabad,"Hyderabad, TS",Penthouse,4538,3,2,2002,Gym,3190544
Premium Condo in Ahmedabad,"Ahmedabad, GJ",Condo,4806,1,1,2007,Garden,1604522
Premium Penthouse in Bangalore,"Bangalore, KA",Penthouse,944,1,4,2008,"Garden,Pool,Security,Parking,Gym",1134445
Premium Penthouse in Bangalore,"Bangalore, KA",Penthouse,626,4,4,2006,"Security,WiFi,Parking,Garden",1441735
Premium Condo in Hyderabad,"Hyderabad, TS",Condo,2121,1,3,2018,"Security,Parking,Garden,WiFi",784394
Premium Condo in Kolkata,"Kolkata, WB",Condo,4796,2,3,2001,"Gym,Parking,Garden,WiFi,Pool",1537910
Premium Townhouse in Mumbai,"Mumbai, MH",Townhouse,1860,6,1,2012,WiFi,1842221
Premium Penthouse in Ahmedabad,"Ahmedabad, GJ",Penthouse,3682,6,1,2019,"Parking,Gym,Pool,WiFi,Garden",3126516
Premium Townhouse in Bangalore,"Bangalore, KA",Townhouse,2358,4,4,2023,"Gym,Pool,Parking,Garden,Security",1387213
Premium Villa in Bangalore,"Bangalore, KA",Villa,2865,3,3,1980,"WiFi,Security,Parking",2304987
Premium Penthouse in Delhi,"Delhi, DL",Penthouse,1142,5,2,2021,"WiFi,Gym,Parking",2234218
Premium Villa in Pune,"Pune, MH",Villa,3179,3,4,2022,"Parking,Pool,Gym,Garden",1875250
Premium Condo in Hyderabad,"Hyderabad, TS",Condo,4737,1,2,2023,"Garden,Pool",1473230
Premium Townhouse in Delhi,"Delhi, DL",Townhouse,4603,4,3,1992,"Security,Parking,Garden",3205641
Premium Townhouse in Kolkata,"Kolkata, WB",Townhouse,2201,4,2,1981,"WiFi,Parking,Garden,Pool,Security",948041
Premium Apartment in Kolkata,"Kolkata, WB",Apartment,777,4,4,1992,"Gym,Pool,Security",548414
Premium Penthouse in Kolkata,"Kolkata, WB",Penthouse,2744,6,1,1992,"Gym,WiFi,Garden,Security,Pool",2263620
Premium Penthouse in Mumbai,"Mumbai, MH",Penthouse,1485,3,2,1990,"Gym,WiFi",2308632
Premium Apartment in Chennai,"Chennai, TN",Apartment,4303,1,2,2003,"Gym,Security",1357282
Premium Townhouse in Mumbai,"Mumbai, MH",Townhouse,1824,5,3,1998,"Pool,Security,Garden",1805390
Premium Apartment in Kolkata,"Kolkata, WB",Apartment,1015,1,3,1991,"Garden,Gym,Pool,Parking,WiFi",430976
Premium Townhouse in Chennai,"Chennai, TN",Townhouse,4000,4,3,2004,Pool,1404520
Premium Villa in Ahmedabad,"Ahmedabad, GJ",Villa,2227,4,4,2002,"Pool,Garden,WiFi,Gym",1282595
Premium Apartment in Chennai,"Chennai, TN",Apartment,3493,5,4,2014,"Parking,Security,Pool",1300683
Premium Apartment in Pune,"Pune, MH",Apartment,2511,3,3,2015,"Parking,Security,WiFi",986069
Premium Condo in Hyderabad,"Hyderabad, TS",Condo,4430,4,1,1994,"Pool,Security,Gym,WiFi,Garden",1452484
Premium Villa in Chennai,"Chennai, TN",Villa,4701,5,3,1988,"Garden,Security",2674437
Premium Condo in Mumbai,"Mumbai, MH",Condo,4026,4,2,2023,Pool,3180312
Premium Apartment in Mumbai,"Mumbai, MH",Apartment,1545,5,3,2017,"Garden,WiFi,Security,Pool",1565405
Premium Penthouse in Hyderabad,"Hyderabad, TS",Penthouse,3719,4,4,2010,"Pool,Parking",2976435
Premium Apartment in Bangalore,"Bangalore, KA",Apartment,4785,3,2,1997,"Parking,Garden,Security,Gym,WiFi",2547036
Premium Penthouse in Delhi,"Delhi, DL",Penthouse,1222,1,4,1990,"Gym,WiFi",1910775
Premium Penthouse in Kolkata,"Kolkata, WB",Penthouse,4501,6,2,2007,"Security,WiFi,Pool",3289802
Premium Penthouse in Pune,"Pune, MH",Penthouse,2413,1,3,2005,"Garden,Security",1510665
Premium Apartment in Ahmedabad,"Ahmedabad, GJ",Apartment,639,1,2,2012,"Gym,Parking,WiFi,Pool",266009
Premium Condo in Mumbai,"Mumbai, MH",Condo,2398,3,3,2021,"Parking,Gym,WiFi,Pool",1756559
Premium Penthouse in Hyderabad,"Hyderabad, TS",Penthouse,1954,4,2,1986,"Parking,Garden,Gym,Pool",1707583
Premium Condo in Chennai,"Chennai, TN",Condo,2361,4,2,2002,"Pool,Parking,WiFi",951142
Premium Villa in Chennai,"Chennai, TN",Villa,1556,4,4,1985,"WiFi,Garden,Security,Gym",1153009
Premium Apartment in Mumbai,"Mumbai, MH",Apartment,4695,5,1,1999,"Gym,Pool,Security,Parking",3138273
Premium Apartment in Chennai,"Chennai, TN",Apartment,1110,3,3,1995,"Garden,Security,WiFi,Gym,Parking",559333
Premium Villa in Hyderabad,"Hyderabad, TS",Villa,1964,1,1,2002,"Parking,Gym",919647
Premium Villa in Chennai,"Chennai, TN",Villa,1868,1,4,2021,"Parking,Garden,WiFi,Gym",1013769
Premium Condo in Chennai,"Chennai, TN",Condo,803,6,1,2012,"Pool,Garden,WiFi",587333
Premium Penthouse in Bangalore,"Bangalore, KA",Penthouse,4974,4,3,1998,"Parking,Security,Gym,Garden,Pool",5206521
Premium Apartment in Mumbai,"Mumbai, MH",Apartment,3420,5,3,2015,"WiFi,Gym",2808936
Premium Apartment in Hyderabad,"Hyderabad, TS",Apartment,4259,6,4,2023,"Security,Pool",1669462
Premium Condo in Ahmedabad,"Ahmedabad, GJ",Condo,2353,1,3,2002,"Pool,Garden",765215
Premium Penthouse in Pune,"Pune, MH",Penthouse,3447,4,1,1994,"WiFi,Security",2459859
Premium Condo in Chennai,"Chennai, TN",Condo,2752,6,4,1997,Parking,1128338
Premium Condo in Bangalore,"Bangalore, KA",Condo,3245,3,3,2011,"Parking,Gym",1688425
Premium Condo in Pune,"Pune, MH",Condo,2090,4,4,2023,"WiFi,Security,Pool,Parking,Garden",880229
Premium Penthouse in Chennai,"Chennai, TN",Penthouse,1544,5,2,2005,"Gym,Security",1375564
Premium Apartment in Pune,"Pune, MH",Apartment,1779,2,1,1981,"Garden,Gym,Parking,WiFi",704038
Premium Villa in Mumbai,"Mumbai, MH",Villa,3189,3,2,1991,"Garden,Pool,Parking",3465243
Premium Apartment in Mumbai,"Mumbai, MH",Apartment,1309,6,3,2003,"Parking,Garden",1420880
Premium Townhouse in Mumbai,"Mumbai, MH",Townhouse,4833,2,3,2013,"Pool,WiFi,Gym,Parking",3394978
Premium Villa in Ahmedabad,"Ahmedabad, GJ",Villa,4272,5,3,2013,"Gym,Pool,Security,WiFi,Garden",2158498
Premium Condo in Chennai,"Chennai, TN",Condo,2709,1,1,2007,"Garden,Security,Pool",803708
Premium Apartment in Ahmedabad,"Ahmedabad, GJ",Apartment,658,5,2,2022,"Pool,Security,Parking",447258
Premium Condo in Ahmedabad,"Ahmedabad, GJ",Condo,2797,4,3,2017,"Parking,WiFi,Security,Pool",1048136
Premium Penthouse in Hyderabad,"Hyderabad, TS",Penthouse,1104,2,1,2001,Pool,846948
Premium Condo in Mumbai,"Mumbai, MH",Condo,3519,4,3,1999,"Parking,Gym,Garden",2663500
Premium Villa in Chennai,"Chennai, TN",Villa,2383,3,4,1988,"Security,Gym,Garden,WiFi",1445890
